<?xml version="1.0" encoding="us-ascii"?>
<XML ID="EQInterfaceDefinitionLanguage">
  <Schema xmlns="EverQuestData" xmlns:dt="EverQuestDataTypes" />
  <!-- IS_DUMMY	00 -->
  <StaticAnimation item="InvDummy">
    <ScreenID>InvDummy</ScreenID>
    <Location>
      <X>-1</X>
      <Y>-1</Y>
    </Location>
    <Size>
      <CX>8</CX>
      <CY>8</CY>
    </Size>
    <Animation>A_CornerSquare</Animation>
  </StaticAnimation>
  <!-- IS_CHARM		0 -->
  <InvSlot item="InvSlot0">
    <ScreenID>InvSlot0</ScreenID>
    <Size>
      <CX>1</CX>
      <CY>1</CY>
    </Size>
  </InvSlot>
  <!-- IS_L_EAR		1 -->
  <InvSlot item="InvSlot1">
    <ScreenID>InvSlot1</ScreenID>
    <!--<Font>3</Font>-->
    <RelativePosition>true</RelativePosition>
    <Location>
      <X>58</X>
      <Y>1</Y>
    </Location>
    <Size>
      <CX>56</CX>
      <CY>56</CY>
    </Size>
    <Background>A_InvEar</Background>
    <EQType>1</EQType>
    <Style_VScroll>false</Style_VScroll>
    <Style_HScroll>false</Style_HScroll>
    <Style_Transparent>false</Style_Transparent>
    <!--<TooltipReference/>-->
  </InvSlot>
  <!-- IS_HEAD		2 -->
  <InvSlot item="InvSlot2">
    <ScreenID>InvSlot2</ScreenID>
    <!--<Font>3</Font>-->
    <RelativePosition>true</RelativePosition>
    <Location>
      <X>226</X>
      <Y>1</Y>
    </Location>
    <Size>
      <CX>56</CX>
      <CY>56</CY>
    </Size>
    <Background>A_InvHead</Background>
    <EQType>2</EQType>
    <Style_VScroll>false</Style_VScroll>
    <Style_HScroll>false</Style_HScroll>
    <Style_Transparent>false</Style_Transparent>
    <!--<TooltipReference/>-->
  </InvSlot>
  <!-- IS_FACE		3 -->
  <InvSlot item="InvSlot3">
    <ScreenID>InvSlot3</ScreenID>
    <!--<Font>3</Font>-->
    <RelativePosition>true</RelativePosition>
    <Location>
      <X>170</X>
      <Y>1</Y>
    </Location>
    <Size>
      <CX>56</CX>
      <CY>56</CY>
    </Size>
    <Background>A_InvFace</Background>
    <EQType>3</EQType>
    <Style_VScroll>false</Style_VScroll>
    <Style_HScroll>false</Style_HScroll>
    <Style_Transparent>false</Style_Transparent>
    <!--<TooltipReference/>-->
  </InvSlot>
  <!-- IS_R_EAR		4 -->
  <InvSlot item="InvSlot4">
    <ScreenID>InvSlot4</ScreenID>
    <!--<Font>3</Font>-->
    <RelativePosition>true</RelativePosition>
    <Location>
      <X>282</X>
      <Y>1</Y>
    </Location>
    <Size>
      <CX>56</CX>
      <CY>56</CY>
    </Size>
    <Background>A_InvEar</Background>
    <EQType>4</EQType>
    <Style_VScroll>false</Style_VScroll>
    <Style_HScroll>false</Style_HScroll>
    <Style_Transparent>false</Style_Transparent>
    <!--<TooltipReference/>-->
  </InvSlot>
  <!-- IS_NECK		5 -->
  <InvSlot item="InvSlot5">
    <ScreenID>InvSlot5</ScreenID>
    <!--<Font>3</Font>-->
    <RelativePosition>true</RelativePosition>
    <Location>
      <X>114</X>
      <Y>1</Y>
    </Location>
    <Size>
      <CX>56</CX>
      <CY>56</CY>
    </Size>
    <Background>A_InvNeck</Background>
    <EQType>5</EQType>
    <Style_VScroll>false</Style_VScroll>
    <Style_HScroll>false</Style_HScroll>
    <Style_Transparent>false</Style_Transparent>
    <!--<TooltipReference/>-->
  </InvSlot>
  <!-- IS_SHOULDERS	6 -->
  <InvSlot item="InvSlot6">
    <ScreenID>InvSlot6</ScreenID>
    <!--<Font>3</Font>-->
    <RelativePosition>true</RelativePosition>
    <Location>
      <X>2</X>
      <Y>112</Y>
    </Location>
    <Size>
      <CX>56</CX>
      <CY>56</CY>
    </Size>
    <Background>A_InvShoulders</Background>
    <EQType>6</EQType>
    <Style_VScroll>false</Style_VScroll>
    <Style_HScroll>false</Style_HScroll>
    <Style_Transparent>false</Style_Transparent>
    <!--<TooltipReference/>-->
  </InvSlot>
  <!-- IS_ARMS		7 -->
  <InvSlot item="InvSlot7">
    <ScreenID>InvSlot7</ScreenID>
    <!--<Font>3</Font>-->
    <RelativePosition>true</RelativePosition>
    <Location>
      <X>114</X>
      <Y>56</Y>
    </Location>
    <Size>
      <CX>56</CX>
      <CY>56</CY>
    </Size>
    <Background>A_InvArms</Background>
    <EQType>7</EQType>
    <Style_VScroll>false</Style_VScroll>
    <Style_HScroll>false</Style_HScroll>
    <Style_Transparent>false</Style_Transparent>
    <!--<TooltipReference/>-->
  </InvSlot>
  <!-- IS_ABOUT_BODY	8 -->
  <InvSlot item="InvSlot8">
    <ScreenID>InvSlot8</ScreenID>
    <!--<Font>3</Font>-->
    <RelativePosition>true</RelativePosition>
    <Location>
      <X>114</X>
      <Y>112</Y>
    </Location>
    <Size>
      <CX>56</CX>
      <CY>56</CY>
    </Size>
    <Background>A_InvAboutBody</Background>
    <EQType>8</EQType>
    <Style_VScroll>false</Style_VScroll>
    <Style_HScroll>false</Style_HScroll>
    <Style_Transparent>false</Style_Transparent>
    <!--<TooltipReference/>-->
  </InvSlot>
  <!-- IS_L_WRIST		9 -->
  <InvSlot item="InvSlot9">
    <ScreenID>InvSlot9</ScreenID>
    <!--<Font>3</Font>-->
    <RelativePosition>true</RelativePosition>
    <Location>
      <X>58</X>
      <Y>56</Y>
    </Location>
    <Size>
      <CX>56</CX>
      <CY>56</CY>
    </Size>
    <Background>A_InvWrist</Background>
    <EQType>9</EQType>
    <Style_VScroll>false</Style_VScroll>
    <Style_HScroll>false</Style_HScroll>
    <Style_Transparent>false</Style_Transparent>
    <!--<TooltipReference/>-->
  </InvSlot>
  <!-- IS_R_WRIST		10 -->
  <InvSlot item="InvSlot10">
    <ScreenID>InvSlot10</ScreenID>
    <!--<Font>3</Font>-->
    <RelativePosition>true</RelativePosition>
    <Location>
      <X>226</X>
      <Y>56</Y>
    </Location>
    <Size>
      <CX>56</CX>
      <CY>56</CY>
    </Size>
    <Background>A_InvWrist</Background>
    <EQType>10</EQType>
    <Style_VScroll>false</Style_VScroll>
    <Style_HScroll>false</Style_HScroll>
    <Style_Transparent>false</Style_Transparent>
    <!--<TooltipReference/>-->
  </InvSlot>
  <!-- IS_RANGE		11 -->
  <InvSlot item="InvSlot11">
    <ScreenID>InvSlot11</ScreenID>
    <!--<Font>3</Font>-->
    <RelativePosition>true</RelativePosition>
    <Location>
      <X>226</X>
      <Y>168</Y>
    </Location>
    <Size>
      <CX>56</CX>
      <CY>56</CY>
    </Size>
    <Background>A_InvRange</Background>
    <EQType>11</EQType>
    <Style_VScroll>false</Style_VScroll>
    <Style_HScroll>false</Style_HScroll>
    <Style_Transparent>false</Style_Transparent>
    <!--<TooltipReference/>-->
  </InvSlot>
  <!-- IS_HANDS		12 -->
  <InvSlot item="InvSlot12">
    <ScreenID>InvSlot12</ScreenID>
    <!--<Font>3</Font>-->
    <RelativePosition>true</RelativePosition>
    <Location>
      <X>170</X>
      <Y>56</Y>
    </Location>
    <Size>
      <CX>56</CX>
      <CY>56</CY>
    </Size>
    <Background>A_InvHands</Background>
    <EQType>12</EQType>
    <Style_VScroll>false</Style_VScroll>
    <Style_HScroll>false</Style_HScroll>
    <Style_Transparent>false</Style_Transparent>
    <!--<TooltipReference/>-->
  </InvSlot>
  <!-- IS_PRIMARY		13 -->
  <InvSlot item="InvSlot13">
    <ScreenID>InvSlot13</ScreenID>
    <!--<Font>3</Font>-->
    <RelativePosition>true</RelativePosition>
    <Location>
     <X>114</X>
      <Y>168</Y>
    </Location>
    <Size>
      <CX>56</CX>
      <CY>56</CY>
    </Size>
    <Background>A_InvPrimary</Background>
    <EQType>13</EQType>
    <Style_VScroll>false</Style_VScroll>
    <Style_HScroll>false</Style_HScroll>
    <Style_Transparent>false</Style_Transparent>
    <!--<TooltipReference/>-->
  </InvSlot>
  <!-- IS_SECONDARY	14 -->
  <InvSlot item="InvSlot14">
    <ScreenID>InvSlot14</ScreenID>
    <!--<Font>3</Font>-->
    <RelativePosition>true</RelativePosition>
    <Location>
      <X>170</X>
      <Y>168</Y>
    </Location>
    <Size>
      <CX>56</CX>
      <CY>56</CY>
    </Size>
    <Background>A_InvSecondary</Background>
    <EQType>14</EQType>
    <Style_VScroll>false</Style_VScroll>
    <Style_HScroll>false</Style_HScroll>
    <Style_Transparent>false</Style_Transparent>
    <!--<TooltipReference/>-->
  </InvSlot>
  <!-- IS_L_FINGERS	15 -->
  <InvSlot item="InvSlot15">
    <ScreenID>InvSlot15</ScreenID>
    <!--<Font>3</Font>-->
    <RelativePosition>true</RelativePosition>
    <Location>
      <X>2</X>
      <Y>56</Y>
    </Location>
    <Size>
      <CX>56</CX>
      <CY>56</CY>
    </Size>
    <Background>A_InvRing</Background>
    <EQType>15</EQType>
    <Style_VScroll>false</Style_VScroll>
    <Style_HScroll>false</Style_HScroll>
    <Style_Transparent>false</Style_Transparent>
    <!--<TooltipReference/>-->
  </InvSlot>
  <!-- IS_R_FINGERS	16 -->
  <InvSlot item="InvSlot16">
    <ScreenID>InvSlot16</ScreenID>
    <!--<Font>3</Font>-->
    <RelativePosition>true</RelativePosition>
    <Location>
      <X>282</X>
      <Y>56</Y>
    </Location>
    <Size>
      <CX>56</CX>
      <CY>56</CY>
    </Size>
    <Background>A_InvRing</Background>
    <EQType>16</EQType>
    <Style_VScroll>false</Style_VScroll>
    <Style_HScroll>false</Style_HScroll>
    <Style_Transparent>false</Style_Transparent>
    <!--<TooltipReference/>-->
  </InvSlot>
  <!-- IS_CHEST		17 -->
  <InvSlot item="InvSlot17">
    <ScreenID>InvSlot17</ScreenID>
    <!--<Font>3</Font>-->
    <RelativePosition>true</RelativePosition>
    <Location>
      <X>58</X>
      <Y>112</Y>
    </Location>
    <Size>
      <CX>56</CX>
      <CY>56</CY>
    </Size>
    <Background>A_InvChest</Background>
    <EQType>17</EQType>
    <Style_VScroll>false</Style_VScroll>
    <Style_HScroll>false</Style_HScroll>
    <Style_Transparent>false</Style_Transparent>
    <!--<TooltipReference/>-->
  </InvSlot>
  <!-- IS_LEGS		18 -->
  <InvSlot item="InvSlot18">
    <ScreenID>InvSlot18</ScreenID>
    <!--<Font>3</Font>-->
    <RelativePosition>true</RelativePosition>
    <Location>
      <X>226</X>
      <Y>112</Y>
    </Location>
    <Size>
      <CX>56</CX>
      <CY>56</CY>
    </Size>
    <Background>A_InvLegs</Background>
    <EQType>18</EQType>
    <Style_VScroll>false</Style_VScroll>
    <Style_HScroll>false</Style_HScroll>
    <Style_Transparent>false</Style_Transparent>
    <!--<TooltipReference/>-->
  </InvSlot>
  <!-- IS_FEET		19 -->
  <InvSlot item="InvSlot19">
    <ScreenID>InvSlot19</ScreenID>
    <!--<Font>3</Font>-->
    <RelativePosition>true</RelativePosition>
    <Location>
      <X>282</X>
      <Y>112</Y>
    </Location>
    <Size>
      <CX>56</CX>
      <CY>56</CY>
    </Size>
    <Background>A_InvFeet</Background>
    <EQType>19</EQType>
    <Style_VScroll>false</Style_VScroll>
    <Style_HScroll>false</Style_HScroll>
    <Style_Transparent>false</Style_Transparent>
    <!--<TooltipReference/>-->
  </InvSlot>
  <!-- IS_WAIST		20 -->
  <InvSlot item="InvSlot20">
    <ScreenID>InvSlot20</ScreenID>
    <!--<Font>3</Font>-->
    <RelativePosition>true</RelativePosition>
    <Location>
      <X>170</X>
      <Y>112</Y>
    </Location>
    <Size>
      <CX>56</CX>
      <CY>56</CY>
    </Size>
    <Background>A_InvWaist</Background>
    <EQType>20</EQType>
    <Style_VScroll>false</Style_VScroll>
    <Style_HScroll>false</Style_HScroll>
    <Style_Transparent>false</Style_Transparent>
    <!--<TooltipReference/>-->
  </InvSlot>
  <!-- IS_AMMO		21 -->
  <InvSlot item="InvSlot21">
    <ScreenID>InvSlot21</ScreenID>
    <!--<Font>3</Font>-->
    <RelativePosition>true</RelativePosition>
    <Location>
      <X>282</X>
      <Y>168</Y>
    </Location>
    <Size>
      <CX>56</CX>
      <CY>56</CY>
    </Size>
    <Background>A_InvAmmo</Background>
    <EQType>21</EQType>
    <Style_VScroll>false</Style_VScroll>
    <Style_HScroll>false</Style_HScroll>
    <Style_Transparent>false</Style_Transparent>
    <!--<TooltipReference/>-->
  </InvSlot>
  <!-- root inv slots, IS_B1 to IS_B8 -->
  <InvSlot item="InvSlot22">
    <ScreenID>InvSlot22</ScreenID>
    <!--<Font>3</Font>-->
    <RelativePosition>true</RelativePosition>
    <Location>
      <X>230</X>
      <Y>257</Y>
    </Location>
    <Size>
      <CX>51</CX>
      <CY>51</CY>
    </Size>
    <Background>A_RecessedBox</Background>
    <EQType>22</EQType>
    <Style_VScroll>false</Style_VScroll>
    <Style_HScroll>false</Style_HScroll>
    <Style_Transparent>false</Style_Transparent>
    <!--<TooltipReference/>-->
  </InvSlot>
  <InvSlot item="InvSlot23">
    <ScreenID>InvSlot23</ScreenID>
    <!--<Font>3</Font>-->
    <RelativePosition>true</RelativePosition>
    <Location>
      <X>230</X>
      <Y>308</Y>
    </Location>
    <Size>
      <CX>51</CX>
      <CY>51</CY>
    </Size>
    <Background>A_RecessedBox</Background>
    <EQType>23</EQType>
    <Style_VScroll>false</Style_VScroll>
    <Style_HScroll>false</Style_HScroll>
    <Style_Transparent>false</Style_Transparent>
    <!--<TooltipReference/>-->
  </InvSlot>
  <InvSlot item="InvSlot24">
    <ScreenID>InvSlot24</ScreenID>
    <!--<Font>3</Font>-->
    <RelativePosition>true</RelativePosition>
    <Location>
      <X>230</X>
      <Y>359</Y>
    </Location>
    <Size>
      <CX>51</CX>
      <CY>51</CY>
    </Size>
    <Background>A_RecessedBox</Background>
    <EQType>24</EQType>
    <Style_VScroll>false</Style_VScroll>
    <Style_HScroll>false</Style_HScroll>
    <Style_Transparent>false</Style_Transparent>
    <!--<TooltipReference/>-->
  </InvSlot>
  <InvSlot item="InvSlot25">
    <ScreenID>InvSlot25</ScreenID>
    <!--<Font>3</Font>-->
    <RelativePosition>true</RelativePosition>
    <Location>
      <X>230</X>
      <Y>410</Y>
    </Location>
    <Size>
      <CX>51</CX>
      <CY>51</CY>
    </Size>
    <Background>A_RecessedBox</Background>
    <EQType>25</EQType>
    <Style_VScroll>false</Style_VScroll>
    <Style_HScroll>false</Style_HScroll>
    <Style_Transparent>false</Style_Transparent>
    <!--<TooltipReference/>-->
  </InvSlot>
  <InvSlot item="InvSlot26">
    <ScreenID>InvSlot26</ScreenID>
    <!--<Font>3</Font>-->
    <RelativePosition>true</RelativePosition>
    <Location>
      <X>281</X>
      <Y>257</Y>
    </Location>
    <Size>
      <CX>51</CX>
      <CY>51</CY>
    </Size>
    <Background>A_RecessedBox</Background>
    <EQType>26</EQType>
    <Style_VScroll>false</Style_VScroll>
    <Style_HScroll>false</Style_HScroll>
    <Style_Transparent>false</Style_Transparent>
    <!--<TooltipReference/>-->
  </InvSlot>
  <InvSlot item="InvSlot27">
    <ScreenID>InvSlot27</ScreenID>
    <!--<Font>3</Font>-->
    <RelativePosition>true</RelativePosition>
    <Location>
      <X>281</X>
      <Y>308</Y>
    </Location>
    <Size>
      <CX>51</CX>
      <CY>51</CY>
    </Size>
    <Background>A_RecessedBox</Background>
    <EQType>27</EQType>
    <Style_VScroll>false</Style_VScroll>
    <Style_HScroll>false</Style_HScroll>
    <Style_Transparent>false</Style_Transparent>
    <!--<TooltipReference/>-->
  </InvSlot>
  <InvSlot item="InvSlot28">
    <ScreenID>InvSlot28</ScreenID>
    <!--<Font>3</Font>-->
    <RelativePosition>true</RelativePosition>
    <Location>
      <X>281</X>
      <Y>359</Y>
    </Location>
    <Size>
      <CX>51</CX>
      <CY>51</CY>
    </Size>
    <Background>A_RecessedBox</Background>
    <EQType>28</EQType>
    <Style_VScroll>false</Style_VScroll>
    <Style_HScroll>false</Style_HScroll>
    <Style_Transparent>false</Style_Transparent>
    <!--<TooltipReference/>-->
  </InvSlot>
  <InvSlot item="InvSlot29">
    <ScreenID>InvSlot29</ScreenID>
    <!--<Font>3</Font>-->
    <RelativePosition>true</RelativePosition>
    <Location>
      <X>281</X>
      <Y>410</Y>
    </Location>
    <Size>
      <CX>51</CX>
      <CY>51</CY>
    </Size>
    <Background>A_RecessedBox</Background>
    <EQType>29</EQType>
    <Style_VScroll>false</Style_VScroll>
    <Style_HScroll>false</Style_HScroll>
    <Style_Transparent>false</Style_Transparent>
    <!--<TooltipReference/>-->
  </InvSlot>
  <Label item="IW_Name">
    <ScreenID>NameLabel</ScreenID>
    <EQType>1</EQType>
    <Font>5</Font>
    <RelativePosition>true</RelativePosition>
    <Location>
      <X>343</X>
      <Y>4</Y>
    </Location>
    <Size>
      <CX>112</CX>
      <CY>18</CY>
    </Size>
    <Text>Character</Text>
    <TextColor>
      <R>255</R>
      <G>255</G>
      <B>255</B>
    </TextColor>
    <NoWrap>true</NoWrap>
    <AlignCenter>false</AlignCenter>
    <AlignRight>false</AlignRight>
  </Label>
  <Label item="IW_Level">
    <ScreenID>LevelLabel</ScreenID>
    <EQType>2</EQType>
    <Font>5</Font>
    <RelativePosition>true</RelativePosition>
    <Location>
      <X>343</X>
      <Y>18</Y>
    </Location>
    <Size>
      <CX>19</CX>
      <CY>18</CY>
    </Size>
    <Text>Level</Text>
    <TextColor>
      <R>255</R>
      <G>255</G>
      <B>255</B>
    </TextColor>
    <NoWrap>true</NoWrap>
    <AlignCenter>false</AlignCenter>
    <AlignRight>false</AlignRight>
  </Label>
  <Label item="IW_Class">
    <ScreenID>ClassLabel</ScreenID>
    <EQType>3</EQType>
    <Font>5</Font>
    <RelativePosition>true</RelativePosition>
    <Location>
      <X>365</X>
      <Y>18</Y>
    </Location>
    <Size>
      <CX>120</CX>
      <CY>18</CY>
    </Size>
    <Text>Class</Text>
    <TextColor>
      <R>255</R>
      <G>255</G>
      <B>255</B>
    </TextColor>
    <NoWrap>true</NoWrap>
    <AlignCenter>false</AlignCenter>
    <AlignRight>false</AlignRight>
  </Label>
  <Label item="IW_Deity">
    <ScreenID>DeityLabel</ScreenID>
    <EQType>4</EQType>
    <Font>5</Font>
    <RelativePosition>true</RelativePosition>
    <Location>
      <X>343</X>
      <Y>32</Y>
    </Location>
    <Size>
      <CX>112</CX>
      <CY>18</CY>
    </Size>
    <Text>Deity</Text>
    <TextColor>
      <R>255</R>
      <G>255</G>
      <B>255</B>
    </TextColor>
    <NoWrap>true</NoWrap>
    <AlignCenter>false</AlignCenter>
    <AlignRight>false</AlignRight>
  </Label>
  <Label item="IW_HP">
    <ScreenID>HPLabel</ScreenID>
    <Font>4</Font>
    <RelativePosition>true</RelativePosition>
    <Location>
      <X>343</X>
      <Y>50</Y>
    </Location>
    <Size>
      <CX>64</CX>
      <CY>14</CY>
    </Size>
    <Text>HP</Text>
    <TextColor>
      <R>200</R>
      <G>120</G>
      <B>145</B>
    </TextColor>
    <NoWrap>true</NoWrap>
    <AlignCenter>false</AlignCenter>
    <AlignRight>false</AlignRight>
  </Label>
  <Label item="IW_CurrentHP">
    <ScreenID>HPNumberLabel</ScreenID>
    <EQType>70</EQType>
    <Font>4</Font>
    <RelativePosition>true</RelativePosition>
    <Location>
      <X>429</X>
      <Y>50</Y>
    </Location>
    <Size>
      <CX>60</CX>
      <CY>14</CY>
    </Size>
    <Text>0</Text>
    <TextColor>
      <R>255</R>
      <G>255</G>
      <B>255</B>
    </TextColor>
    <NoWrap>true</NoWrap>
    <AlignCenter>false</AlignCenter>
    <AlignRight>true</AlignRight>
    <AlignLeft>false</AlignLeft>
  </Label>
  <Label item="IW_MANA">
	<ScreenID>MANALabel</ScreenID>
	<Font>4</Font>
	<RelativePosition>true</RelativePosition>
	<Location>
		<X>343</X>
		<Y>64</Y>
	</Location>
	<Size>
		<CX>64</CX>
		<CY>14</CY>
	</Size>
	<Text>MANA</Text>
	<TextColor>
		<R>200</R>
		<G>120</G>
		<B>145</B>
	</TextColor>
		<NoWrap>true</NoWrap>
		<AlignCenter>false</AlignCenter>
		<AlignRight>false</AlignRight>
	</Label>
<Label item="IW_CurrentMANA">
    <ScreenID>IW_CurrentMANA</ScreenID>
    <EQType>80</EQType>
    <Font>4</Font>
    <RelativePosition>true</RelativePosition>
    <Location>
      <X>431</X>
      <Y>64</Y>
    </Location>
    <Size>
      <CX>60</CX>
      <CY>14</CY>
    </Size>
    <Text>0</Text>
    <TextColor>
      <R>255</R>
      <G>255</G>
      <B>255</B>
    </TextColor>
    <NoWrap>true</NoWrap>
    <AlignCenter>false</AlignCenter>
    <AlignRight>true</AlignRight>
    <AlignLeft>false</AlignLeft>
  </Label>
  <Label item="IW_AC">
    <ScreenID>ACLabel</ScreenID>
    <Font>4</Font>
    <RelativePosition>true</RelativePosition>
    <Location>
      <X>343</X>
      <Y>80</Y>
    </Location>
    <Size>
      <CX>64</CX>
      <CY>14</CY>
    </Size>
    <Text>AC</Text>
    <TextColor>
      <R>200</R>
      <G>120</G>
      <B>145</B>
    </TextColor>
    <NoWrap>true</NoWrap>
    <AlignCenter>false</AlignCenter>
    <AlignRight>false</AlignRight>
  </Label>
  <Label item="IW_ACNumber">
    <ScreenID>ACNumberLabel</ScreenID>
    <EQType>22</EQType>
    <Font>4</Font>
    <RelativePosition>true</RelativePosition>
    <Location>
      <X>429</X>
      <Y>80</Y>
    </Location>
    <Size>
      <CX>60</CX>
      <CY>14</CY>
    </Size>
    <Text>0</Text>
    <TextColor>
      <R>255</R>
      <G>255</G>
      <B>255</B>
    </TextColor>
    <NoWrap>true</NoWrap>
    <AlignCenter>false</AlignCenter>
    <AlignRight>true</AlignRight>
    <AlignLeft>false</AlignLeft>
  </Label>
  <Label item="IW_ATK">
    <ScreenID>ATKLabel</ScreenID>
    <Font>4</Font>
    <RelativePosition>true</RelativePosition>
    <Location>
      <X>343</X>
      <Y>96</Y>
    </Location>
    <Size>
      <CX>64</CX>
      <CY>14</CY>
    </Size>
    <Text>ATK</Text>
    <TextColor>
      <R>200</R>
      <G>120</G>
      <B>145</B>
    </TextColor>
    <NoWrap>true</NoWrap>
    <AlignCenter>false</AlignCenter>
    <AlignRight>false</AlignRight>
  </Label>
  <Label item="IW_ATKNumber">
    <ScreenID>ATKNumberLabel</ScreenID>
    <EQType>23</EQType>
    <Font>4</Font>
    <RelativePosition>true</RelativePosition>
    <Location>
      <X>429</X>
      <Y>96</Y>
    </Location>
    <Size>
      <CX>60</CX>
      <CY>14</CY>
    </Size>
    <Text>0</Text>
    <TextColor>
      <R>255</R>
      <G>255</G>
      <B>255</B>
    </TextColor>
    <NoWrap>true</NoWrap>
    <AlignCenter>false</AlignCenter>
    <AlignRight>true</AlignRight>
    <AlignLeft>false</AlignLeft>
  </Label>
  <Label item="IW_NextLevel">
    <ScreenID>NextLevelLabel</ScreenID>
    <Font>4</Font>
    <RelativePosition>true</RelativePosition>
    <Location>
      <X>343</X>
      <Y>111</Y>
    </Location>
    <Size>
      <CX>118</CX>
      <CY>14</CY>
    </Size>
    <Text>EXP</Text>
    <TextColor>
      <R>255</R>
      <G>255</G>
      <B>255</B>
    </TextColor>
    <NoWrap>true</NoWrap>
    <AlignCenter>false</AlignCenter>
    <AlignRight>TRUE</AlignRight>
  </Label>
  <Label item="IW_EXP_Percentage">
    <EQType>26</EQType>
    <RelativePosition>true</RelativePosition>
    <Font>4</Font>
    <Location>
      <X>429</X>
      <Y>111</Y>
    </Location>
    <Size>
      <CX>60</CX>
      <CY>14</CY>
    </Size>
    <TextColor>
      <R>240</R>
      <G>240</G>
      <B>240</B>
    </TextColor>
    <NoWrap>true</NoWrap>
    <AlignLeft>false</AlignLeft>
    <AlignCenter>false</AlignCenter>
    <AlignRight>true</AlignRight>
  </Label>
  <Gauge item="IW_ExpGauge">
    <ScreenID>ExpGauge</ScreenID>
    <!--<Font>3</Font>-->
    <RelativePosition>true</RelativePosition>
    <Location>
      <X>343</X>
      <Y>127</Y>
    </Location>
    <Size>
      <CX>145</CX>
      <CY>12</CY>
    </Size>
    <GaugeOffsetY>0</GaugeOffsetY>
    <Style_VScroll>false</Style_VScroll>
    <Style_HScroll>false</Style_HScroll>
    <Style_Transparent>false</Style_Transparent>
    <!--<TooltipReference/>-->
    <FillTint>
      <R>220</R>
      <G>150</G>
      <B>0</B>
    </FillTint>
    <LinesFillTint>
      <R>0</R>
      <G>80</G>
      <B>220</B>
    </LinesFillTint>
    <DrawLinesFill>true</DrawLinesFill>
    <EQType>4</EQType>
    <GaugeDrawTemplate>
      <Background>A_ExpBackground</Background>
      <Fill>A_GaugeFill</Fill>
      <Lines>A_GaugeLines</Lines>
      <LinesFill>A_GaugeLinesFill</LinesFill>
    </GaugeDrawTemplate>
  </Gauge>
<Gauge item="IW_ExpPhrGauge">
    <ScreenID>IW_ExpPhrGauge</ScreenID>
    <!--<Font>3</Font>-->
    <RelativePosition>true</RelativePosition>
    <Location>
      <X>343</X>
      <Y>158</Y>
    </Location>
    <Size>
      <CX>145</CX>
      <CY>12</CY>
    </Size>
    <GaugeOffsetY>0</GaugeOffsetY>
    <Style_VScroll>false</Style_VScroll>
    <Style_HScroll>false</Style_HScroll>
    <Style_Transparent>false</Style_Transparent>
    <!--<TooltipReference/>-->
    <FillTint>
      <R>220</R>
      <G>150</G>
      <B>0</B>
    </FillTint>
    <LinesFillTint>
      <R>0</R>
      <G>80</G>
      <B>220</B>
    </LinesFillTint>
    <DrawLinesFill>false</DrawLinesFill>
    <EQType>23</EQType>
    <GaugeDrawTemplate>
      <Background>A_ExpBackground</Background>
      <Fill>A_GaugeFill</Fill>
      <Lines>A_GaugeLines</Lines>
      <LinesFill>A_GaugeLinesFill</LinesFill>
    </GaugeDrawTemplate>
  </Gauge>
<Label item="IW_EXPPHTEXT">
    <ScreenID>IW_EXPPHTEXT</ScreenID>
    <Font>4</Font>
    <RelativePosition>true</RelativePosition>
    <Location>
      <X>343</X>
      <Y>140</Y>
    </Location>
    <Size>
      <CX>118</CX>
      <CY>14</CY>
    </Size>
    <Text>EXP/HR</Text>
    <TextColor>
      <R>255</R>
      <G>255</G>
      <B>255</B>
    </TextColor>
    <NoWrap>true</NoWrap>
    <AlignCenter>false</AlignCenter>
    <AlignRight>TRUE</AlignRight>
  </Label>
<Label item="IW_EXP_PerHR">
    <EQType>81</EQType>
    <RelativePosition>true</RelativePosition>
    <Font>4</Font>
    <Location>
      <X>429</X>
      <Y>140</Y>
    </Location>
    <Size>
      <CX>60</CX>
      <CY>14</CY>
    </Size>
    <TextColor>
      <R>240</R>
      <G>240</G>
      <B>240</B>
    </TextColor>
    <NoWrap>true</NoWrap>
    <AlignLeft>false</AlignLeft>
    <AlignCenter>false</AlignCenter>
    <AlignRight>true</AlignRight>
  </Label>
  <Label item="IW_AltAdv">
    <ScreenID>AltAdvLabel</ScreenID>
    <Size>
      <CX>1</CX>
      <CY>1</CY>
    </Size>
  </Label>
  <Gauge item="IW_AltAdvGauge">
    <ScreenID>AltAdvGauge</ScreenID>
    <!--<Font>3</Font>-->
    <RelativePosition>true</RelativePosition>
    <Location>
      <X>389</X>
      <Y>135</Y>
    </Location>
    <Size>
      <CX>116</CX>
      <CY>8</CY>
    </Size>
    <GaugeOffsetY>0</GaugeOffsetY>
    <Style_VScroll>false</Style_VScroll>
    <Style_HScroll>false</Style_HScroll>
    <Style_Transparent>false</Style_Transparent>
    <!--<TooltipReference/>-->
    <FillTint>
      <R>220</R>
      <G>150</G>
      <B>0</B>
    </FillTint>
    <LinesFillTint>
      <R>0</R>
      <G>80</G>
      <B>220</B>
    </LinesFillTint>
    <DrawLinesFill>true</DrawLinesFill>
    <EQType>4</EQType>
    <GaugeDrawTemplate>
      <Background>A_GaugeBackground</Background>
      <Fill>A_GaugeFill</Fill>
      <Lines>A_GaugeLines</Lines>
      <LinesFill>A_GaugeLinesFill</LinesFill>
    </GaugeDrawTemplate>
  </Gauge>
  <Label item="IW_STR">
    <ScreenID>STRLabel</ScreenID>
    <Font>4</Font>
    <RelativePosition>true</RelativePosition>
    <Location>
      <X>343</X>
      <Y>230</Y>
    </Location>
    <Size>
      <CX>70</CX>
      <CY>14</CY>
    </Size>
    <Text>STR</Text>
    <TextColor>
      <R>50</R>
      <G>160</G>
      <B>250</B>
    </TextColor>
    <NoWrap>true</NoWrap>
    <AlignCenter>false</AlignCenter>
    <AlignRight>false</AlignRight>
  </Label>
  <Label item="IW_STRNumber">
    <ScreenID>STRNumberLabel</ScreenID>
    <EQType>5</EQType>
    <Font>4</Font>
    <RelativePosition>true</RelativePosition>
    <Location>
      <X>460</X>
      <Y>230</Y>
    </Location>
    <Size>
      <CX>30</CX>
      <CY>14</CY>
    </Size>
    <Text>0</Text>
    <TextColor>
      <R>255</R>
      <G>255</G>
      <B>255</B>
    </TextColor>
    <NoWrap>true</NoWrap>
    <AlignCenter>false</AlignCenter>
    <AlignRight>true</AlignRight>
    <AlignLeft>false</AlignLeft>
  </Label>
  <Label item="IW_STA">
    <ScreenID>STALabel</ScreenID>
    <Font>4</Font>
    <RelativePosition>true</RelativePosition>
    <Location>
      <X>343</X>
      <Y>243</Y>
    </Location>
    <Size>
      <CX>50</CX>
      <CY>14</CY>
    </Size>
    <Text>STA</Text>
    <TextColor>
      <R>50</R>
      <G>160</G>
      <B>250</B>
    </TextColor>
    <NoWrap>true</NoWrap>
    <AlignCenter>false</AlignCenter>
    <AlignRight>false</AlignRight>
  </Label>
  <Label item="IW_STANumber">
    <ScreenID>STANumberLabel</ScreenID>
    <EQType>6</EQType>
    <Font>4</Font>
    <RelativePosition>true</RelativePosition>
    <Location>
      <X>460</X>
      <Y>243</Y>
    </Location>
    <Size>
      <CX>30</CX>
      <CY>14</CY>
    </Size>
    <Text>0</Text>
    <TextColor>
      <R>255</R>
      <G>255</G>
      <B>255</B>
    </TextColor>
    <NoWrap>true</NoWrap>
    <AlignCenter>false</AlignCenter>
    <AlignRight>true</AlignRight>
    <AlignLeft>false</AlignLeft>
  </Label>
  <Label item="IW_DEX">
    <ScreenID>DEXLabel</ScreenID>
    <Font>4</Font>
    <RelativePosition>true</RelativePosition>
    <Location>
      <X>343</X>
      <Y>269</Y>
    </Location>
    <Size>
      <CX>50</CX>
      <CY>14</CY>
    </Size>
    <Text>DEX</Text>
    <TextColor>
      <R>50</R>
      <G>160</G>
      <B>250</B>
    </TextColor>
    <NoWrap>true</NoWrap>
    <AlignCenter>false</AlignCenter>
    <AlignRight>false</AlignRight>
  </Label>
  <Label item="IW_DEXNumber">
    <ScreenID>DEXNumberLabel</ScreenID>
    <EQType>7</EQType>
    <Font>4</Font>
    <RelativePosition>true</RelativePosition>
    <Location>
      <X>460</X>
      <Y>269</Y>
    </Location>
    <Size>
      <CX>30</CX>
      <CY>14</CY>
    </Size>
    <Text>0</Text>
    <TextColor>
      <R>255</R>
      <G>255</G>
      <B>255</B>
    </TextColor>
    <NoWrap>true</NoWrap>
    <AlignCenter>false</AlignCenter>
    <AlignRight>true</AlignRight>
    <AlignLeft>false</AlignLeft>
  </Label>
  <Label item="IW_AGI">
    <ScreenID>AGILabel</ScreenID>
    <Font>4</Font>
    <RelativePosition>true</RelativePosition>
    <Location>
      <X>343</X>
      <Y>256</Y>
    </Location>
    <Size>
      <CX>50</CX>
      <CY>14</CY>
    </Size>
    <Text>AGI</Text>
    <TextColor>
      <R>50</R>
      <G>160</G>
      <B>250</B>
    </TextColor>
    <NoWrap>true</NoWrap>
    <AlignCenter>false</AlignCenter>
    <AlignRight>false</AlignRight>
  </Label>
  <Label item="IW_AGINumber">
    <ScreenID>AGINumberLabel</ScreenID>
    <EQType>8</EQType>
    <Font>4</Font>
    <RelativePosition>true</RelativePosition>
    <Location>
      <X>460</X>
      <Y>256</Y>
    </Location>
    <Size>
      <CX>30</CX>
      <CY>14</CY>
    </Size>
    <Text>0</Text>
    <TextColor>
      <R>255</R>
      <G>255</G>
      <B>255</B>
    </TextColor>
    <NoWrap>true</NoWrap>
    <AlignCenter>false</AlignCenter>
    <AlignRight>true</AlignRight>
    <AlignLeft>false</AlignLeft>
  </Label>
  <Label item="IW_WIS">
    <ScreenID>WISLabel</ScreenID>
    <Font>4</Font>
    <RelativePosition>true</RelativePosition>
    <Location>
      <X>343</X>
      <Y>282</Y>
    </Location>
    <Size>
      <CX>50</CX>
      <CY>14</CY>
    </Size>
    <Text>WIS</Text>
    <TextColor>
      <R>50</R>
      <G>160</G>
      <B>250</B>
    </TextColor>
    <NoWrap>true</NoWrap>
    <AlignCenter>false</AlignCenter>
    <AlignRight>false</AlignRight>
  </Label>
  <Label item="IW_WISNumber">
    <ScreenID>WISNumberLabel</ScreenID>
    <EQType>9</EQType>
    <Font>4</Font>
    <RelativePosition>true</RelativePosition>
    <Location>
      <X>460</X>
      <Y>282</Y>
    </Location>
    <Size>
      <CX>30</CX>
      <CY>14</CY>
    </Size>
    <Text>0</Text>
    <TextColor>
      <R>255</R>
      <G>255</G>
      <B>255</B>
    </TextColor>
    <NoWrap>true</NoWrap>
    <AlignCenter>false</AlignCenter>
    <AlignRight>true</AlignRight>
    <AlignLeft>false</AlignLeft>
  </Label>
  <Label item="IW_INT">
    <ScreenID>INTLabel</ScreenID>
    <Font>4</Font>
    <RelativePosition>true</RelativePosition>
    <Location>
      <X>343</X>
      <Y>295</Y>
    </Location>
    <Size>
      <CX>50</CX>
      <CY>14</CY>
    </Size>
    <Text>INT</Text>
    <TextColor>
      <R>50</R>
      <G>160</G>
      <B>250</B>
    </TextColor>
    <NoWrap>true</NoWrap>
    <AlignCenter>false</AlignCenter>
    <AlignRight>false</AlignRight>
  </Label>
  <Label item="IW_INTNumber">
    <ScreenID>INTNumberLabel</ScreenID>
    <EQType>10</EQType>
    <Font>4</Font>
    <RelativePosition>true</RelativePosition>
    <Location>
      <X>460</X>
      <Y>295</Y>
    </Location>
    <Size>
      <CX>30</CX>
      <CY>14</CY>
    </Size>
    <Text>0</Text>
    <TextColor>
      <R>255</R>
      <G>255</G>
      <B>255</B>
    </TextColor>
    <NoWrap>true</NoWrap>
    <AlignCenter>false</AlignCenter>
    <AlignRight>true</AlignRight>
    <AlignLeft>false</AlignLeft>
  </Label>
  <Label item="IW_CHA">
    <ScreenID>CHALabel</ScreenID>
    <Font>4</Font>
    <RelativePosition>true</RelativePosition>
    <Location>
      <X>343</X>
      <Y>308</Y>
    </Location>
    <Size>
      <CX>50</CX>
      <CY>14</CY>
    </Size>
    <Text>CHA</Text>
    <TextColor>
      <R>50</R>
      <G>160</G>
      <B>250</B>
    </TextColor>
    <NoWrap>true</NoWrap>
    <AlignCenter>false</AlignCenter>
    <AlignRight>false</AlignRight>
  </Label>
  <Label item="IW_CHANumber">
    <ScreenID>CHANumberLabel</ScreenID>
    <EQType>11</EQType>
    <Font>4</Font>
    <RelativePosition>true</RelativePosition>
    <Location>
      <X>460</X>
      <Y>308</Y>
    </Location>
    <Size>
      <CX>30</CX>
      <CY>14</CY>
    </Size>
    <Text>0</Text>
    <TextColor>
      <R>255</R>
      <G>255</G>
      <B>255</B>
    </TextColor>
    <NoWrap>true</NoWrap>
    <AlignCenter>false</AlignCenter>
    <AlignRight>true</AlignRight>
    <AlignLeft>false</AlignLeft>
  </Label>
  <Label item="IW_Poison">
    <ScreenID>PoisonLabel</ScreenID>
   <Font>4</Font>
    <RelativePosition>true</RelativePosition>
    <Location>
      <X>343</X>
      <Y>450</Y>
    </Location>
    <Size>
      <CX>64</CX>
      <CY>14</CY>
    </Size>
    <Text>POISON</Text>
    <TextColor>
      <R>0</R>
      <G>130</G>
      <B>100</B>
    </TextColor>
    <NoWrap>true</NoWrap>
    <AlignCenter>false</AlignCenter>
    <AlignRight>false</AlignRight>
  </Label>
  <Label item="IW_PoisonNumber">
    <ScreenID>PoisonNumberLabel</ScreenID>
    <EQType>12</EQType>
    <Font>4</Font>
    <RelativePosition>true</RelativePosition>
    <Location>
      <X>460</X>
      <Y>450</Y>
    </Location>
    <Size>
      <CX>30</CX>
      <CY>14</CY>
    </Size>
    <Text>0</Text>
    <TextColor>
      <R>255</R>
      <G>255</G>
      <B>255</B>
    </TextColor>
    <NoWrap>true</NoWrap>
    <AlignCenter>false</AlignCenter>
    <AlignRight>true</AlignRight>
    <AlignLeft>false</AlignLeft>
  </Label>
  <Label item="IW_Magic">
    <ScreenID>MagicLabel</ScreenID>
    <Font>4</Font>
    <RelativePosition>true</RelativePosition>
    <Location>
      <X>343</X>
      <Y>394</Y>
    </Location>
    <Size>
      <CX>64</CX>
      <CY>14</CY>
    </Size>
    <Text>MAGIC</Text>
    <TextColor>
      <R>195</R>
      <G>0</G>
      <B>185</B>
    </TextColor>
    <NoWrap>true</NoWrap>
    <AlignCenter>false</AlignCenter>
    <AlignRight>false</AlignRight>
  </Label>
  <Label item="IW_MagicNumber">
    <ScreenID>MagicNumberLabel</ScreenID>
    <EQType>16</EQType>
    <Font>4</Font>
    <RelativePosition>true</RelativePosition>
    <Location>
      <X>460</X>
      <Y>394</Y>
    </Location>
    <Size>
      <CX>30</CX>
      <CY>14</CY>
    </Size>
    <Text>0</Text>
    <TextColor>
      <R>255</R>
      <G>255</G>
      <B>255</B>
    </TextColor>
    <NoWrap>true</NoWrap>
    <AlignCenter>false</AlignCenter>
    <AlignRight>true</AlignRight>
    <AlignLeft>false</AlignLeft>
  </Label>
  <Label item="IW_Disease">
    <ScreenID>DiseaseLabel</ScreenID>
    <Font>4</Font>
    <RelativePosition>true</RelativePosition>
    <Location>
      <X>343</X>
      <Y>436</Y>
    </Location>
    <Size>
      <CX>64</CX>
      <CY>14</CY>
    </Size>
    <Text>DISEASE</Text>
    <TextColor>
      <R>205</R>
      <G>205</G>
      <B>0</B>
    </TextColor>
    <NoWrap>true</NoWrap>
    <AlignCenter>false</AlignCenter>
    <AlignRight>false</AlignRight>
  </Label>
  <Label item="IW_DiseaseNumber">
    <ScreenID>DiseaseNumberLabel</ScreenID>
    <EQType>13</EQType>
    <Font>4</Font>
    <RelativePosition>true</RelativePosition>
    <Location>
      <X>460</X>
      <Y>436</Y>
    </Location>
    <Size>
      <CX>30</CX>
      <CY>14</CY>
    </Size>
    <Text>0</Text>
    <TextColor>
      <R>255</R>
      <G>255</G>
      <B>255</B>
    </TextColor>
    <NoWrap>true</NoWrap>
    <AlignCenter>false</AlignCenter>
    <AlignRight>true</AlignRight>
    <AlignLeft>false</AlignLeft>
  </Label>
  <Label item="IW_Fire">
    <ScreenID>FireLabel</ScreenID>
    <Font>4</Font>
    <RelativePosition>true</RelativePosition>
    <Location>
      <X>343</X>
      <Y>408</Y>
    </Location>
    <Size>
      <CX>64</CX>
      <CY>14</CY>
    </Size>
    <Text>FIRE</Text>
    <TextColor>
      <R>195</R>
      <G>20</G>
      <B>20</B>
    </TextColor>
    <NoWrap>true</NoWrap>
    <AlignCenter>false</AlignCenter>
    <AlignRight>false</AlignRight>
  </Label>
  <Label item="IW_FireNumber">
    <ScreenID>FireNumberLabel</ScreenID>
    <EQType>14</EQType>
    <Font>4</Font>
    <RelativePosition>true</RelativePosition>
    <Location>
      <X>460</X>
      <Y>408</Y>
    </Location>
    <Size>
      <CX>30</CX>
      <CY>14</CY>
    </Size>
    <Text>0</Text>
    <TextColor>
      <R>255</R>
      <G>255</G>
      <B>255</B>
    </TextColor>
    <NoWrap>true</NoWrap>
    <AlignCenter>false</AlignCenter>
    <AlignRight>true</AlignRight>
    <AlignLeft>false</AlignLeft>
  </Label>
  <Label item="IW_Cold">
    <ScreenID>ColdLabel</ScreenID>
    <Font>4</Font>
    <RelativePosition>true</RelativePosition>
    <Location>
      <X>343</X>
      <Y>422</Y>
    </Location>
    <Size>
      <CX>64</CX>
      <CY>14</CY>
    </Size>
    <Text>COLD</Text>
    <TextColor>
      <R>0</R>
      <G>120</G>
      <B>255</B>
    </TextColor>
    <NoWrap>true</NoWrap>
    <AlignCenter>false</AlignCenter>
    <AlignRight>false</AlignRight>
  </Label>
  <Label item="IW_ColdNumber">
    <ScreenID>ColdNumberLabel</ScreenID>
    <EQType>15</EQType>
    <Font>4</Font>
    <RelativePosition>true</RelativePosition>
    <Location>
      <X>460</X>
      <Y>422</Y>
    </Location>
    <Size>
      <CX>30</CX>
      <CY>14</CY>
    </Size>
    <Text>0</Text>
    <TextColor>
      <R>255</R>
      <G>255</G>
      <B>255</B>
    </TextColor>
    <NoWrap>true</NoWrap>
    <AlignCenter>false</AlignCenter>
    <AlignRight>true</AlignRight>
    <AlignLeft>false</AlignLeft>
  </Label>
  <Label item="IW_Weight">
    <ScreenID>WeightLabel</ScreenID>
    <Font>3</Font>
    <RelativePosition>true</RelativePosition>
    <Location>
      <X>25</X>
      <Y>450</Y>
    </Location>
    <Size>
      <CX>100</CX>
      <CY>30</CY>
    </Size>
    <Text>WEIGHT</Text>
    <TextColor>
      <R>255</R>
      <G>255</G>
      <B>255</B>
    </TextColor>
    <NoWrap>true</NoWrap>
    <AlignCenter>false</AlignCenter>
    <AlignRight>false</AlignRight>
  </Label>
  <Label item="IW_CurrentWeight">
    <ScreenID>WeightNumberLabel</ScreenID>
    <EQType>24</EQType>
    <Font>3</Font>
    <RelativePosition>true</RelativePosition>
    <Location>
      <X>45</X>
      <Y>450</Y>
    </Location>
    <Size>
      <CX>62</CX>
      <CY>14</CY>
    </Size>
    <Text>0</Text>
    <TextColor>
      <R>255</R>
      <G>255</G>
      <B>255</B>
    </TextColor>
    <NoWrap>true</NoWrap>
    <AlignCenter>false</AlignCenter>
    <AlignRight>true</AlignRight>
  </Label>
  <Label item="IW_WeightNumber">
    <Font>3</Font>
    <RelativePosition>true</RelativePosition>
    <Location>
      <X>108</X>
      <Y>450</Y>
    </Location>
    <Size>
      <CX>4</CX>
      <CY>14</CY>
    </Size>
    <Text>/</Text>
    <TextColor>
      <R>255</R>
      <G>255</G>
      <B>255</B>
    </TextColor>
    <NoWrap>true</NoWrap>
    <AlignCenter>false</AlignCenter>
    <AlignRight>false</AlignRight>
  </Label>
  <Label item="IW_MaxWeight">
    <EQType>25</EQType>
    <Font>3</Font>
    <RelativePosition>true</RelativePosition>
    <Location>
      <X>112</X>
      <Y>450</Y>
    </Location>
    <Size>
      <CX>32</CX>
      <CY>14</CY>
    </Size>
    <Text />
    <TextColor>
      <R>255</R>
      <G>255</G>
      <B>255</B>
    </TextColor>
    <NoWrap>true</NoWrap>
    <AlignCenter>false</AlignCenter>
    <AlignRight>false</AlignRight>
    <AlignLeft>true</AlignLeft>
  </Label>
  <Button item="IW_Money0">
    <ScreenID>IW_Money0</ScreenID>
    <Font>5</Font>
    <RelativePosition>true</RelativePosition>
    <Location>
      <X>120</X>
      <Y>310</Y>
    </Location>
    <Size>
      <CX>70</CX>
      <CY>24</CY>
    </Size>
    <Style_Transparent>false</Style_Transparent>
    <!--<TooltipReference/>-->
    <Style_Checkbox>false</Style_Checkbox>
    <!--<RadioGroup/>-->
    <Text>9999</Text>
    <TextColor>
      <R>255</R>
      <G>255</G>
      <B>255</B>
    </TextColor>
    <ButtonDrawTemplate>
      <!-- <Normal>A_RecessedCoinBox</Normal> -->
      <NormalDecal>A_PlatinumCoin</NormalDecal>
    </ButtonDrawTemplate>
    <DecalOffset>
      <X>1</X>
      <Y>4</Y>
    </DecalOffset>
    <DecalSize>
      <CX>18</CX>
      <CY>18</CY>
    </DecalSize>
  </Button>
  <Button item="IW_Money1">
    <ScreenID>IW_Money1</ScreenID>
    <Font>5</Font>
    <RelativePosition>true</RelativePosition>
    <Location>
      <X>120</X>
      <Y>340</Y>
    </Location>
    <Size>
      <CX>70</CX>
      <CY>24</CY>
    </Size>
    <Style_Transparent>false</Style_Transparent>
    <!--<TooltipReference/>-->
    <Style_Checkbox>false</Style_Checkbox>
    <!--<RadioGroup/>-->
    <Text>9999</Text>
    <TextColor>
      <R>255</R>
      <G>255</G>
      <B>255</B>
    </TextColor>
    <ButtonDrawTemplate>
      <!-- <Normal>A_RecessedCoinBox</Normal> -->
      <NormalDecal>A_GoldCoin</NormalDecal>
    </ButtonDrawTemplate>
    <DecalOffset>
      <X>1</X>
      <Y>4</Y>
    </DecalOffset>
    <DecalSize>
      <CX>18</CX>
      <CY>18</CY>
    </DecalSize>
  </Button>
  <Button item="IW_Money2">
    <ScreenID>IW_Money2</ScreenID>
    <Font>5</Font> 
    <RelativePosition>true</RelativePosition>
    <Location>
      <X>120</X>
      <Y>370</Y>
    </Location>
    <Size>
      <CX>70</CX>
      <CY>24</CY>
    </Size>
    <Style_Transparent>false</Style_Transparent>
    <!--<TooltipReference/>-->
    <Style_Checkbox>false</Style_Checkbox>
    <!--<RadioGroup/>-->
    <Text>9999</Text>
    <TextColor>
      <R>255</R>
      <G>255</G>
      <B>255</B>
    </TextColor>
    <ButtonDrawTemplate>
      <!-- <Normal>A_RecessedCoinBox</Normal> -->
      <NormalDecal>A_SilverCoin</NormalDecal>
    </ButtonDrawTemplate>
    <DecalOffset>
      <X>1</X>
      <Y>4</Y>
    </DecalOffset>
    <DecalSize>
      <CX>18</CX>
      <CY>18</CY>
    </DecalSize>
  </Button>
  <Button item="IW_Money3">
    <ScreenID>IW_Money3</ScreenID>
    <Font>5</Font>
    <RelativePosition>true</RelativePosition>
    <Location>
      <X>120</X>
      <Y>400</Y>
    </Location>
    <Size>
      <CX>70</CX>
      <CY>24</CY>
    </Size>
    <Style_Transparent>false</Style_Transparent>
    <!--<TooltipReference/>-->
    <Style_Checkbox>false</Style_Checkbox>
    <!--<RadioGroup/>-->
    <Text>9999</Text>
    <TextColor>
      <R>255</R>
      <G>255</G>
      <B>255</B>
    </TextColor>
    <ButtonDrawTemplate>
      <!-- <Normal>A_RecessedCoinBox</Normal> -->
      <NormalDecal>A_CopperCoin</NormalDecal>
    </ButtonDrawTemplate>
    <DecalOffset>
      <X>1</X>
      <Y>4</Y>
    </DecalOffset>
    <DecalSize>
      <CX>18</CX>
      <CY>18</CY>
    </DecalSize>
  </Button>
  <Button item="IW_Skills">
    <ScreenID>IW_Skills</ScreenID>
    <!--<Font>3</Font>-->
    <RelativePosition>true</RelativePosition>
    <Location>
      <X>296</X>
      <Y>470</Y>
    </Location>
    <Size>
      <CX>98</CX>
      <CY>20</CY>
    </Size>
    <Style_Transparent>false</Style_Transparent>
    <!--<TooltipReference/>-->
    <Style_Checkbox>false</Style_Checkbox>
    <!--<RadioGroup/>-->
    <Text>Skills</Text>
    <TextColor>
      <R>255</R>
      <G>255</G>
      <B>255</B>
    </TextColor>
    <ButtonDrawTemplate>
      <Normal>A_BtnNormal</Normal>
      <Pressed>A_BtnPressed</Pressed>
      <Flyby>A_BtnFlyby</Flyby>
      <Disabled>A_BtnDisabled</Disabled>
      <PressedFlyby>A_BtnPressedFlyby</PressedFlyby>
    </ButtonDrawTemplate>
  </Button>
  <Button item="IW_Destroy">
    <ScreenID>IW_Destroy</ScreenID>
    <!--<Font>3</Font>-->
    <RelativePosition>true</RelativePosition>
    <Location>
      <X>393</X>
      <Y>470</Y>
    </Location>
    <Size>
      <CX>98</CX>
      <CY>20</CY>
    </Size>
    <Style_Transparent>false</Style_Transparent>
    <!--<TooltipReference/>-->
    <Style_Checkbox>false</Style_Checkbox>
    <!--<RadioGroup/>-->
    <Text>Destroy</Text>
    <TextColor>
      <R>255</R>
      <G>255</G>
      <B>255</B>
    </TextColor>
    <ButtonDrawTemplate>
      <Normal>A_BtnNormal</Normal>
      <Pressed>A_BtnPressed</Pressed>
      <Flyby>A_BtnFlyby</Flyby>
      <Disabled>A_BtnDisabled</Disabled>
      <PressedFlyby>A_BtnPressedFlyby</PressedFlyby>
    </ButtonDrawTemplate>
  </Button>
  <StaticAnimation item="Alpha">
    <RelativePosition>true</RelativePosition>
    <Location>
      <X>12</X>
      <Y>10</Y>
    </Location>
    <Size>
      <CX>35</CX>
      <CY>35</CY>
    </Size>
    <Animation>Alpha</Animation>
  </StaticAnimation>
  <StaticAnimation item="ClassAnim">
    <ScreenID>ClassAnim</ScreenID>
    <Location>
      <X>16</X>
      <Y>245</Y>
    </Location>
    <Size>
      <CX>78</CX>
      <CY>146</CY>
    </Size>
    <Animation>A_ClassAnim01</Animation>
  </StaticAnimation>
  <Screen item="IW_CharacterView">
    <ScreenID>IW_CharacterView</ScreenID>
    <RelativePosition>true</RelativePosition>
    <Location>
      <X>4</X>
      <Y>180</Y>
    </Location>
    <Size>
      <CX>106</CX>
      <CY>250</CY>
    </Size>
    <Style_VScroll>false</Style_VScroll>
    <Style_HScroll>false</Style_HScroll>
    <Style_Transparent>false</Style_Transparent>
    <TooltipReference>Drop Item Here to Auto Equip</TooltipReference>
    <DrawTemplate>WDT_RoundedNoTitle</DrawTemplate>
    <Style_Titlebar>false</Style_Titlebar>
    <Style_Closebox>false</Style_Closebox>
    <Style_Minimizebox>false</Style_Minimizebox>
    <Style_Border>false</Style_Border>
    <Style_Sizable>false</Style_Sizable>
  </Screen>
<Button item="IW_FacePick">
    <ScreenID>IW_FacePick</ScreenID>
    <!--<Font>3</Font>-->
    <RelativePosition>true</RelativePosition>
    <Location>
      <X>198</X>
      <Y>470</Y>
    </Location>
    <Size>
      <CX>98</CX>
      <CY>20</CY>
    </Size>
    <Style_Transparent>false</Style_Transparent>
    <!--<TooltipReference/>-->
    <Style_Checkbox>false</Style_Checkbox>
    <!--<RadioGroup/>-->
    <Text>Face</Text>
    <TextColor>
      <R>255</R>
      <G>255</G>
      <B>255</B>
    </TextColor>
    <ButtonDrawTemplate>
      <Normal>A_BtnNormal</Normal>
      <Pressed>A_BtnPressed</Pressed>
      <Flyby>A_BtnFlyby</Flyby>
      <Disabled>A_BtnDisabled</Disabled>
      <PressedFlyby>A_BtnPressedFlyby</PressedFlyby>
    </ButtonDrawTemplate>
  </Button>
  <Button item="IW_DoneButton">
    <ScreenID>DoneButton</ScreenID>
    <!--<Font>3</Font>-->
    <RelativePosition>true</RelativePosition>
    <Location>
      <X>2</X>
      <Y>470</Y>
    </Location>
    <Size>
      <CX>98</CX>
      <CY>20</CY>
    </Size>
    <Style_Transparent>false</Style_Transparent>
    <!--<TooltipReference/>-->
    <Style_Checkbox>false</Style_Checkbox>
    <!--<RadioGroup/>-->
    <Text>Done</Text>
    <TextColor>
      <R>255</R>
      <G>255</G>
      <B>255</B>
    </TextColor>
    <ButtonDrawTemplate>
      <Normal>A_BtnNormal</Normal>
      <Pressed>A_BtnPressed</Pressed>
      <Flyby>A_BtnFlyby</Flyby>
      <Disabled>A_BtnDisabled</Disabled>
      <PressedFlyby>A_BtnPressedFlyby</PressedFlyby>
    </ButtonDrawTemplate>
  </Button>
  <!-- Patch 02/25/03 -->
  <Button item="IW_Tinting">
    <ScreenID>IW_Tinting</ScreenID>
    <Size>
      <CX>1</CX>
      <CY>1</CY>
    </Size>
  </Button>
  <Button item="IW_AltAdvBtn">
    <ScreenID>IW_AltAdvBtn</ScreenID>
    <!--<Font>3</Font>-->
    <RelativePosition>true</RelativePosition>
    <Location>
      <X>100</X>
      <Y>470</Y>
    </Location>
    <Size>
      <CX>98</CX>
      <CY>20</CY>
    </Size>
    <Style_Transparent>false</Style_Transparent>
    <!--<TooltipReference/>-->
    <Style_Checkbox>false</Style_Checkbox>
    <!--<RadioGroup/>-->
    <Text>Advanced</Text>
    <TextColor>
      <R>255</R>
      <G>255</G>
      <B>255</B>
    </TextColor>
    <ButtonDrawTemplate>
      <Normal>A_BtnNormal</Normal>
      <Pressed>A_BtnPressed</Pressed>
      <Flyby>A_BtnFlyby</Flyby>
      <Disabled>A_BtnDisabled</Disabled>
      <PressedFlyby>A_BtnPressedFlyby</PressedFlyby>
    </ButtonDrawTemplate>
  </Button>
  <Button item="IW_ReclaimButton">
    <ScreenID>IW_ReclaimButton</ScreenID>
  </Button>
  <Button item="IW_GoodPoints">
    <ScreenID>IW_GoodPoints</ScreenID>
  </Button>
  <Button item="IW_EvilPoints">
    <ScreenID>IW_EvilPoints</ScreenID>
  </Button>
  <Screen item="InventoryWindow">
    <!--<ScreenID/>-->
    <RelativePosition>false</RelativePosition>
    <Location>
      <X>100</X>
      <Y>50</Y>
    </Location>
    <Size>
      <CX>500</CX>
      <CY>500</CY>
    </Size>
    <Text>Inventory</Text>
    <Style_VScroll>false</Style_VScroll>
    <Style_HScroll>false</Style_HScroll>
    <Style_Transparent>false</Style_Transparent>
    <TooltipReference>Inventory</TooltipReference>
    <DrawTemplate>WDT_RoundedNoTitle</DrawTemplate>
    <Style_Titlebar>false</Style_Titlebar>
    <Style_Closebox>true</Style_Closebox>
    <Style_Minimizebox>true</Style_Minimizebox>
    <Style_Border>true</Style_Border>
    <Style_Sizable>false</Style_Sizable>
    <Pieces>InvDummy</Pieces>
    <Pieces>InvSlot0</Pieces>
    <Pieces>InvSlot1</Pieces>
    <Pieces>InvSlot2</Pieces>
    <Pieces>InvSlot3</Pieces>
    <Pieces>InvSlot4</Pieces>
    <Pieces>InvSlot5</Pieces>
    <Pieces>InvSlot6</Pieces>
    <Pieces>InvSlot7</Pieces>
    <Pieces>InvSlot8</Pieces>
    <Pieces>InvSlot9</Pieces>
    <Pieces>InvSlot10</Pieces>
    <Pieces>InvSlot11</Pieces>
    <Pieces>InvSlot12</Pieces>
    <Pieces>InvSlot13</Pieces>
    <Pieces>InvSlot14</Pieces>
    <Pieces>InvSlot15</Pieces>
    <Pieces>InvSlot16</Pieces>
    <Pieces>InvSlot17</Pieces>
    <Pieces>InvSlot18</Pieces>
    <Pieces>InvSlot19</Pieces>
    <Pieces>InvSlot20</Pieces>
    <Pieces>InvSlot21</Pieces>
    <Pieces>InvSlot22</Pieces>
    <Pieces>InvSlot23</Pieces>
    <Pieces>InvSlot24</Pieces>
    <Pieces>InvSlot25</Pieces>
    <Pieces>InvSlot26</Pieces>
    <Pieces>InvSlot27</Pieces>
    <Pieces>InvSlot28</Pieces>
    <Pieces>InvSlot29</Pieces>
    <Pieces>IW_Money0</Pieces>
    <Pieces>IW_Money1</Pieces>
    <Pieces>IW_Money2</Pieces>
    <Pieces>IW_Money3</Pieces>
    <Pieces>IW_Skills</Pieces>
    <Pieces>IW_AltAdvBtn</Pieces>
    <Pieces>IW_Destroy</Pieces>
    <Pieces>IW_Name</Pieces>
    <Pieces>IW_Level</Pieces>
    <Pieces>IW_Class</Pieces>
    <Pieces>IW_Deity</Pieces>
    <Pieces>IW_HP</Pieces>
    <Pieces>IW_CurrentHP</Pieces>
    <Pieces>IW_AC</Pieces>
    <Pieces>IW_ACNumber</Pieces>
    <Pieces>IW_ATK</Pieces>
    <Pieces>IW_ATKNumber</Pieces>
    <Pieces>IW_NextLevel</Pieces>
    <Pieces>IW_EXP_Percentage</Pieces>
    <Pieces>IW_ExpGauge</Pieces>
    <Pieces>IW_STR</Pieces>
    <Pieces>IW_STRNumber</Pieces>
    <Pieces>IW_STA</Pieces>
    <Pieces>IW_FacePick</Pieces>
    <Pieces>IW_STANumber</Pieces>
    <Pieces>IW_AGI</Pieces>
    <Pieces>IW_AGINumber</Pieces>
    <Pieces>IW_DEX</Pieces>
    <Pieces>IW_DEXNumber</Pieces>
    <Pieces>IW_WIS</Pieces>
    <Pieces>IW_WISNumber</Pieces>
    <Pieces>IW_INT</Pieces>
    <Pieces>IW_INTNumber</Pieces>
    <Pieces>IW_CHA</Pieces>
    <Pieces>IW_CHANumber</Pieces>
    <Pieces>IW_Poison</Pieces>
    <Pieces>IW_PoisonNumber</Pieces>
    <Pieces>IW_Magic</Pieces>
    <Pieces>IW_MagicNumber</Pieces>
    <Pieces>IW_Disease</Pieces>
    <Pieces>IW_DiseaseNumber</Pieces>
    <Pieces>IW_Fire</Pieces>
    <Pieces>IW_FireNumber</Pieces>
    <Pieces>IW_EXP_PerHR</Pieces>
    <Pieces>IW_Cold</Pieces>
    <Pieces>IW_ColdNumber</Pieces>
    <Pieces>IW_Weight</Pieces>
    <Pieces>IW_CurrentWeight</Pieces>
    <Pieces>IW_WeightNumber</Pieces>
    <Pieces>IW_MaxWeight</Pieces>
    <Pieces>IW_AltAdv</Pieces>
    <Pieces>IW_EXPPHTEXT</Pieces>
    <Pieces>IW_ExpPhrGauge</Pieces>
    <Pieces>IW_AltAdvGauge</Pieces>
    <Pieces>IW_CharacterView</Pieces>
    <Pieces>IW_DoneButton</Pieces>
    <Pieces>IW_Tinting</Pieces>
    <Pieces>Alpha</Pieces>
    <Pieces>ClassAnim</Pieces>
    <Pieces>IW_MANA</Pieces>
    <Pieces>IW_CurrentMANA</Pieces>
  </Screen>
</XML>