<?xml version="1.0" encoding="us-ascii"?>
<XML ID="EQInterfaceDefinitionLanguage">
  <Schema xmlns="EverQuestData" xmlns:dt="EverQuestDataTypes" />
  <TextureInfo item="TargetBox.tga">
    <Size>
      <CX>32</CX>
      <CY>64</CY>
    </Size>
  </TextureInfo>
  <Ui2DAnimation item="A_TargetBox">
    <Cycle>false</Cycle>
    <Frames>
      <Texture>TargetBox.tga</Texture>
      <Location>
        <X>0</X>
        <Y>0</Y>
      </Location>
      <Size>
        <CX>6</CX>
        <CY>48</CY>
      </Size>
    </Frames>
  </Ui2DAnimation>
  <StaticAnimation item="A_TargetBoxStaticAnim">
    <ScreenID>A_TargetBoxStaticAnim</ScreenID>
    <Animation>A_TargetBox</Animation>
    <Size>
      <CX>1</CX>
      <CY>1</CY>
    </Size>
    <Location>
      <X>-1</X>
      <Y>-1</Y>
    </Location>
  </StaticAnimation>
  <Ui2DAnimation item="Classic_HP_Fill">
    <Cycle>true</Cycle>
    <Frames>
      <Texture>classic_pieces01.tga</Texture>
      <Location>
        <X>6</X>
        <Y>160</Y>
      </Location>
      <Size>
        <CX>99</CX>
        <CY>10</CY>
      </Size>
      <Hotspot>
        <X>0</X>
        <Y>0</Y>
      </Hotspot>
      <Duration>1000</Duration>
    </Frames>
  </Ui2DAnimation>
  <Gauge item="Target_HP">
    <ScreenID>TargetHP</ScreenID>
    <Font>2</Font>
    <TextColor>
      <R>240</R>
      <G>240</G>
      <B>240</B>
    </TextColor>
    <RelativePosition>true</RelativePosition>
    <Location>
      <X>3</X>
      <Y>3</Y>
    </Location>
    <Size>
      <CX>126</CX>
      <CY>14</CY>
    </Size>
    <GaugeOffsetY>0</GaugeOffsetY>
    <GaugeOffsetX>9</GaugeOffsetX>
    <TextOffsetX>9</TextOffsetX>
    <TextOffsetY>0</TextOffsetY>
    <Style_VScroll>false</Style_VScroll>
    <Style_HScroll>false</Style_HScroll>
    <Style_Transparent>false</Style_Transparent>
    <TooltipReference />
    <FillTint>
      <R>240</R>
      <G>0</G>
      <B>0</B>
    </FillTint>
    <LinesFillTint>
      <R>220</R>
      <G>220</G>
      <B>0</B>
    </LinesFillTint>
    <DrawLinesFill>false</DrawLinesFill>
    <EQType>6</EQType>
    <GaugeDrawTemplate>
      <Fill>Classic_HP_Fill</Fill>
    </GaugeDrawTemplate>
  </Gauge>
  <Gauge item="Target_HP2">
    <ScreenID>TargetHP2</ScreenID>
    <Font>5</Font>
    <TextColor>
      <R>240</R>
      <G>240</G>
      <B>240</B>
    </TextColor>
    <RelativePosition>true</RelativePosition>
    <Location>
      <X>0</X>
      <Y>0</Y>
    </Location>
    <Size>
      <CX>568</CX>
      <CY>100</CY>
    </Size>
    <GaugeOffsetY>24</GaugeOffsetY>
    <GaugeOffsetX>40</GaugeOffsetX>
    <TextOffsetX>-500</TextOffsetX>
    <TextOffsetY>0</TextOffsetY>
    <Style_VScroll>false</Style_VScroll>
    <Style_HScroll>false</Style_HScroll>
    <Style_Transparent>false</Style_Transparent>
    <TooltipReference />
    <FillTint>
      <R>240</R>
      <G>0</G>
      <B>0</B>
    </FillTint>
    <LinesFillTint>
      <R>220</R>
      <G>220</G>
      <B>0</B>
    </LinesFillTint>
    <DrawLinesFill>false</DrawLinesFill>
    <EQType>6</EQType>
    <GaugeDrawTemplate>
      <Background>A_dzLongBackground</Background>
      <Fill>A_dzLongFill</Fill>
      <Lines>A_dzLongLines</Lines>
      <!--<LinesFill>A_GaugeLinesFill</LinesFill>-->
    </GaugeDrawTemplate>
  </Gauge>
  <Label item="Target_HPLabel">
    <ScreenID>HPLabel</ScreenID>
    <Font>4</Font>
    <EQType>29</EQType>
    <RelativePosition>true</RelativePosition>
    <Location>
      <X>8</X>
      <Y>30</Y>
    </Location>
    <Size>
      <CX>30</CX>
      <CY>20</CY>
    </Size>
    <Text>100</Text>
    <TextColor>
      <R>240</R>
      <G>240</G>
      <B>240</B>
    </TextColor>
    <NoWrap>true</NoWrap>
    <AlignCenter>false</AlignCenter>
    <AlignRight>true</AlignRight>
  </Label>
  <Label item="TargetName">
    <ScreenID>TargetName</ScreenID>
    <Font>6</Font>
    <EQType>28</EQType>
    <RelativePosition>true</RelativePosition>
    <Location>
      <X>57</X>
      <Y>0</Y>
    </Location>
    <Size>
      <CX>446</CX>
      <CY>25</CY>
    </Size>
    <Text>Target</Text>
    <TextColor>
      <R>240</R>
      <G>240</G>
      <B>240</B>
    </TextColor>
    <NoWrap>true</NoWrap>
    <AlignCenter>true</AlignCenter>
    <AlignRight>false</AlignRight>
  </Label>
  <Label item="Target_HPPercLabel">
    <ScreenID>HPPercLabel</ScreenID>
    <Size>
      <CX>1</CX>
      <CY>1</CY>
    </Size>
  </Label>
  <Gauge item="Target_Casting_Gauge">
    <ScreenID>Gauge</ScreenID>
    <!--<Font>3</Font> -->
    <RelativePosition>true</RelativePosition>
    <Location>
      <X>40</X>
      <Y>64</Y>
    </Location>
    <Size>
      <CX>480</CX>
      <CY>22</CY>
    </Size>
    <GaugeOffsetY>0</GaugeOffsetY>
    <Style_VScroll>false</Style_VScroll>
    <Style_HScroll>false</Style_HScroll>
    <Style_Transparent>false</Style_Transparent>
    <!--<TooltipReference/>-->
    <FillTint>
      <R>222</R>
      <G>73</G>
      <B>242</B>
      <Alpha>255</Alpha>
    </FillTint>
    <LinesFillTint>
      <R>0</R>
      <G>0</G>
      <B>0</B>
    </LinesFillTint>
    <DrawLinesFill>false</DrawLinesFill>
    <EQType>7</EQType>
    <GaugeDrawTemplate>
      <Fill>A_dzThinLongFill</Fill>
    </GaugeDrawTemplate>
  </Gauge>
  <Label item="Target_Casting_SpellName">
    <ScreenID />
    <EQType>134</EQType>
    <Font>5</Font>
    <RelativePosition>true</RelativePosition>
    <Location>
      <X>57</X>
      <Y>65</Y>
    </Location>
    <Size>
      <CX>446</CX>
      <CY>20</CY>
    </Size>
    <Text />
    <TextColor>
      <R>255</R>
      <G>255</G>
      <B>255</B>
    </TextColor>
    <NoWrap>true</NoWrap>
    <AlignCenter>true</AlignCenter>
    <AlignRight>false</AlignRight>
  </Label>
  <Screen item="TargetWindow">
    <ScreenID />
    <RelativePosition>false</RelativePosition>
    <Location>
      <X>516</X>
      <Y>242</Y>
    </Location>
    <Size>
      <CX>538</CX>
      <CY>100</CY>
    </Size>
    <Text>TARGET</Text>
    <Style_VScroll>false</Style_VScroll>
    <Style_HScroll>false</Style_HScroll>
    <Style_Transparent>false</Style_Transparent>
    <TooltipReference>Your Current Target</TooltipReference>
    <DrawTemplate>WDT_RoundedNoTitle</DrawTemplate>
    <Style_Titlebar>false</Style_Titlebar>
    <Style_Closebox>false</Style_Closebox>
    <Style_Minimizebox>false</Style_Minimizebox>
    <Style_Border>true</Style_Border>
    <Style_Sizable>false</Style_Sizable>
    <Pieces>Target_HP2</Pieces>
    <Pieces>Target_HPLabel</Pieces>
    <Pieces>Target_HPPercLabel</Pieces>
    <Pieces>Target_Casting_Gauge</Pieces>
    <Pieces>Target_Casting_SpellName</Pieces>
    <Pieces>TargetName</Pieces>
    <Pieces>A_TargetBoxStaticAnim</Pieces>
  </Screen>
</XML>