<?xml version="1.0" encoding="us-ascii"?>
<XML ID="EQInterfaceDefinitionLanguage">
  <Schema xmlns="EverQuestData" xmlns:dt="EverQuestDataTypes" />
  <Ui2DAnimation item="CW_SpellGemHolder">
    <Frames>
      <Texture>classic_pieces01.tga</Texture>
      <Location>
        <X>41</X>
        <Y>123</Y>
      </Location>
      <Size>
        <CX>36</CX>
        <CY>28</CY>
      </Size>
    </Frames>
  </Ui2DAnimation>
  <StaticAnimation item="CSWDummy">
    <ScreenID>CSWDummy</ScreenID>
    <Location>
      <X>24</X>
      <Y>-1</Y>
    </Location>
    <Size>
      <CX>1</CX>
      <CY>1</CY>
    </Size>
    <Animation>A_CornerSquare</Animation>
  </StaticAnimation>
  <Button item="CSPW_SpellBook">
    <ScreenID>CSPW_SpellBook</ScreenID>
    <RelativePosition>true</RelativePosition>
    <Font>5</Font>
    <Location>
      <X>1</X>
      <Y>1</Y>
    </Location>
    <Size>
      <CX>250</CX>
      <CY>21</CY>
    </Size>
    <Style_Transparent>false</Style_Transparent>
    <Style_Checkbox>true</Style_Checkbox>
    <!--<RadioGroup/>-->
    <Text>Spells</Text>
    <TextColor>
      <R>255</R>
      <G>255</G>
      <B>255</B>
    </TextColor>
    <ButtonDrawTemplate>
      <Normal>A_SquareBtnNormal</Normal>
      <PressedFlyby>A_SquareBtnPressedFlyby</PressedFlyby>
      <Pressed>A_SquareBtnPressed</Pressed>
      <Flyby>A_SquareBtnFlyby</Flyby>
      <Disabled>A_SquareBtnDisabled</Disabled>
    </ButtonDrawTemplate>
  </Button>
  <SpellGem item="CSPW_Spell0">
    <ScreenID>CSPW_Spell0</ScreenID>
    <RelativePosition>true</RelativePosition>
    <Location>
      <X>1</X>
      <Y>22</Y>
    </Location>
    <Size>
      <CX>250</CX>
      <CY>48</CY>
    </Size>
    <SpellGemDrawTemplate>
      <Holder>A_dzSpellBG</Holder>
      <Background>A_BtnFlyby</Background>
      <Highlight>A_SpellGemHighlight</Highlight>
    </SpellGemDrawTemplate>
    <SpellIconOffsetX>5</SpellIconOffsetX>
    <SpellIconOffsetY>0</SpellIconOffsetY>
    <Font>5</Font>
  </SpellGem>
  <Label item="CSPW_Spell0_Name">
    <ScreenID>CSPW_Spell0_Name</ScreenID>
    <Font>5</Font>
    <RelativePosition>true</RelativePosition>
    <Location>
      <X>50</X>
      <Y>24</Y>
    </Location>
    <Size>
      <CX>200</CX>
      <CY>43</CY>
    </Size>
    <EQType>60</EQType>
    <TextColor>
      <R>255</R>
      <G>255</G>
      <B>255</B>
    </TextColor>
    <NoWrap>false</NoWrap>
    <AlignCenter>true</AlignCenter>
    <AlignRight>false</AlignRight>
  </Label>
  <SpellGem item="CSPW_Spell1">
    <ScreenID>CSPW_Spell1</ScreenID>
    <RelativePosition>true</RelativePosition>
    <Location>
      <X>1</X>
      <Y>70</Y>
    </Location>
    <Size>
      <CX>250</CX>
      <CY>48</CY>
    </Size>
    <SpellGemDrawTemplate>
      <Holder>A_dzSpellBG</Holder>
      <Background>A_BtnFlyby</Background>
      <Highlight>A_SpellGemHighlight</Highlight>
    </SpellGemDrawTemplate>
    <SpellIconOffsetX>5</SpellIconOffsetX>
    <SpellIconOffsetY>0</SpellIconOffsetY>
    <Font>5</Font>
  </SpellGem>
  <Label item="CSPW_Spell1_Name">
    <ScreenID>CSPW_Spell1_Name</ScreenID>
    <Font>5</Font>
    <RelativePosition>true</RelativePosition>
    <Location>
      <X>50</X>
      <Y>72</Y>
    </Location>
    <Size>
      <CX>200</CX>
      <CY>43</CY>
    </Size>
    <EQType>61</EQType>
    <TextColor>
      <R>255</R>
      <G>255</G>
      <B>255</B>
    </TextColor>
    <NoWrap>false</NoWrap>
    <AlignCenter>true</AlignCenter>
    <AlignRight>false</AlignRight>
  </Label>
  <SpellGem item="CSPW_Spell2">
    <ScreenID>CSPW_Spell2</ScreenID>
    <RelativePosition>true</RelativePosition>
    <Location>
      <X>1</X>
      <Y>118</Y>
    </Location>
    <Size>
      <CX>250</CX>
      <CY>48</CY>
    </Size>
    <SpellGemDrawTemplate>
      <Holder>A_dzSpellBG</Holder>
      <Background>A_BtnFlyby</Background>
      <Highlight>A_SpellGemHighlight</Highlight>
    </SpellGemDrawTemplate>
    <SpellIconOffsetX>5</SpellIconOffsetX>
    <SpellIconOffsetY>0</SpellIconOffsetY>
    <Font>5</Font>
  </SpellGem>
  <Label item="CSPW_Spell2_Name">
    <ScreenID>CSPW_Spell2_Name</ScreenID>
    <Font>5</Font>
    <RelativePosition>true</RelativePosition>
    <Location>
      <X>50</X>
      <Y>120</Y>
    </Location>
    <Size>
      <CX>200</CX>
      <CY>43</CY>
    </Size>
    <EQType>62</EQType>
    <TextColor>
      <R>255</R>
      <G>255</G>
      <B>255</B>
    </TextColor>
    <NoWrap>false</NoWrap>
    <AlignCenter>true</AlignCenter>
    <AlignRight>false</AlignRight>
  </Label>
  <SpellGem item="CSPW_Spell3">
    <ScreenID>CSPW_Spell3</ScreenID>
    <RelativePosition>true</RelativePosition>
    <Location>
      <X>1</X>
      <Y>166</Y>
    </Location>
    <Size>
      <CX>250</CX>
      <CY>48</CY>
    </Size>
    <SpellGemDrawTemplate>
      <Holder>A_dzSpellBG</Holder>
      <Background>A_BtnFlyby</Background>
      <Highlight>A_SpellGemHighlight</Highlight>
    </SpellGemDrawTemplate>
    <SpellIconOffsetX>5</SpellIconOffsetX>
    <SpellIconOffsetY>0</SpellIconOffsetY>
    <Font>5</Font>
  </SpellGem>
  <Label item="CSPW_Spell3_Name">
    <ScreenID>CSPW_Spell3_Name</ScreenID>
    <Font>5</Font>
    <RelativePosition>true</RelativePosition>
    <Location>
      <X>50</X>
      <Y>168</Y>
    </Location>
    <Size>
      <CX>200</CX>
      <CY>43</CY>
    </Size>
    <EQType>63</EQType>
    <TextColor>
      <R>255</R>
      <G>255</G>
      <B>255</B>
    </TextColor>
    <NoWrap>false</NoWrap>
    <AlignCenter>true</AlignCenter>
    <AlignRight>false</AlignRight>
  </Label>
  <SpellGem item="CSPW_Spell4">
    <ScreenID>CSPW_Spell4</ScreenID>
    <RelativePosition>true</RelativePosition>
    <Location>
      <X>1</X>
      <Y>214</Y>
    </Location>
    <Size>
      <CX>250</CX>
      <CY>48</CY>
    </Size>
    <SpellGemDrawTemplate>
      <Holder>A_dzSpellBG</Holder>
      <Background>A_BtnFlyby</Background>
      <Highlight>A_SpellGemHighlight</Highlight>
    </SpellGemDrawTemplate>
    <SpellIconOffsetX>5</SpellIconOffsetX>
    <SpellIconOffsetY>0</SpellIconOffsetY>
    <Font>5</Font>
  </SpellGem>
  <Label item="CSPW_Spell4_Name">
    <ScreenID>CSPW_Spell4_Name</ScreenID>
    <Font>5</Font>
    <RelativePosition>true</RelativePosition>
    <Location>
      <X>50</X>
      <Y>216</Y>
    </Location>
    <Size>
      <CX>200</CX>
      <CY>43</CY>
    </Size>
    <EQType>64</EQType>
    <TextColor>
      <R>255</R>
      <G>255</G>
      <B>255</B>
    </TextColor>
    <NoWrap>false</NoWrap>
    <AlignCenter>true</AlignCenter>
    <AlignRight>false</AlignRight>
  </Label>
  <SpellGem item="CSPW_Spell5">
    <ScreenID>CSPW_Spell5</ScreenID>
    <RelativePosition>true</RelativePosition>
    <Location>
      <X>1</X>
      <Y>262</Y>
    </Location>
    <Size>
      <CX>250</CX>
      <CY>48</CY>
    </Size>
    <SpellGemDrawTemplate>
      <Holder>A_dzSpellBG</Holder>
      <Background>A_BtnFlyby</Background>
      <Highlight>A_SpellGemHighlight</Highlight>
    </SpellGemDrawTemplate>
    <SpellIconOffsetX>5</SpellIconOffsetX>
    <SpellIconOffsetY>0</SpellIconOffsetY>
    <Font>5</Font>
  </SpellGem>
  <Label item="CSPW_Spell5_Name">
    <ScreenID>CSPW_Spell5_Name</ScreenID>
    <Font>5</Font>
    <RelativePosition>true</RelativePosition>
    <Location>
      <X>50</X>
      <Y>264</Y>
    </Location>
    <Size>
      <CX>200</CX>
      <CY>43</CY>
    </Size>
    <EQType>65</EQType>
    <TextColor>
      <R>255</R>
      <G>255</G>
      <B>255</B>
    </TextColor>
    <NoWrap>false</NoWrap>
    <AlignCenter>true</AlignCenter>
    <AlignRight>false</AlignRight>
  </Label>
  <SpellGem item="CSPW_Spell6">
    <ScreenID>CSPW_Spell6</ScreenID>
    <RelativePosition>true</RelativePosition>
    <Location>
      <X>1</X>
      <Y>310</Y>
    </Location>
    <Size>
      <CX>250</CX>
      <CY>48</CY>
    </Size>
    <SpellGemDrawTemplate>
      <Holder>A_dzSpellBG</Holder>
      <Background>A_BtnFlyby</Background>
      <Highlight>A_SpellGemHighlight</Highlight>
    </SpellGemDrawTemplate>
    <SpellIconOffsetX>5</SpellIconOffsetX>
    <SpellIconOffsetY>0</SpellIconOffsetY>
    <Font>5</Font>
  </SpellGem>
  <Label item="CSPW_Spell6_Name">
    <ScreenID>CSPW_Spell6_Name</ScreenID>
    <Font>5</Font>
    <RelativePosition>true</RelativePosition>
    <Location>
      <X>50</X>
      <Y>312</Y>
    </Location>
    <Size>
      <CX>200</CX>
      <CY>43</CY>
    </Size>
    <EQType>66</EQType>
    <TextColor>
      <R>255</R>
      <G>255</G>
      <B>255</B>
    </TextColor>
    <NoWrap>false</NoWrap>
    <AlignCenter>true</AlignCenter>
    <AlignRight>false</AlignRight>
  </Label>
  <SpellGem item="CSPW_Spell7">
    <ScreenID>CSPW_Spell7</ScreenID>
    <RelativePosition>true</RelativePosition>
    <Location>
      <X>1</X>
      <Y>358</Y>
    </Location>
    <Size>
      <CX>250</CX>
      <CY>48</CY>
    </Size>
    <SpellGemDrawTemplate>
      <Holder>A_dzSpellBG</Holder>
      <Background>A_BtnFlyby</Background>
      <Highlight>A_SpellGemHighlight</Highlight>
    </SpellGemDrawTemplate>
    <SpellIconOffsetX>5</SpellIconOffsetX>
    <SpellIconOffsetY>0</SpellIconOffsetY>
    <Font>5</Font>
  </SpellGem>
  <Label item="CSPW_Spell7_Name">
    <ScreenID>CSPW_Spell7_Name</ScreenID>
    <Font>5</Font>
    <RelativePosition>true</RelativePosition>
    <Location>
      <X>50</X>
      <Y>360</Y>
    </Location>
    <Size>
      <CX>200</CX>
      <CY>43</CY>
    </Size>
    <EQType>67</EQType>
    <TextColor>
      <R>255</R>
      <G>255</G>
      <B>255</B>
    </TextColor>
    <NoWrap>false</NoWrap>
    <AlignCenter>true</AlignCenter>
    <AlignRight>false</AlignRight>
  </Label>
  <SpellGem item="CSPW_Spell8">
    <ScreenID>CSPW_Spell8</ScreenID>
    <Location>
      <X>-5000</X>
      <Y>-5000</Y>
    </Location>
    <Size>
      <CX>1</CX>
      <CY>1</CY>
    </Size>
  </SpellGem>
  <Screen item="CastSpellWnd">
    <!--<ScreenID/>-->
    <!--<Font/>-->
    <RelativePosition>false</RelativePosition>
    <Location>
      <X>0</X>
      <Y>25</Y>
    </Location>
    <Size>
      <CX>260</CX>
      <CY>414</CY>
    </Size>
    <Text>Spells</Text>
    <Style_Transparent>false</Style_Transparent>
    <TooltipReference>Allows you to cast your memorized spells</TooltipReference>
    <DrawTemplate>WDT_RoundedNoTitle</DrawTemplate>
    <Style_Titlebar>false</Style_Titlebar>
    <Style_Closebox>false</Style_Closebox>
    <Style_Minimizebox>false</Style_Minimizebox>
    <Style_Border>true</Style_Border>
    <Style_Sizable>false</Style_Sizable>
    <Pieces>CSWDummy</Pieces>
    <Pieces>CSPW_Spell0</Pieces>
    <Pieces>CSPW_Spell1</Pieces>
    <Pieces>CSPW_Spell2</Pieces>
    <Pieces>CSPW_Spell3</Pieces>
    <Pieces>CSPW_Spell4</Pieces>
    <Pieces>CSPW_Spell5</Pieces>
    <Pieces>CSPW_Spell6</Pieces>
    <Pieces>CSPW_Spell7</Pieces>
    <Pieces>CSPW_Spell8</Pieces>
    <Pieces>CSPW_SpellBook</Pieces>
    <Pieces>CSPW_Spell0_Name</Pieces>
    <Pieces>CSPW_Spell1_Name</Pieces>
    <Pieces>CSPW_Spell2_Name</Pieces>
    <Pieces>CSPW_Spell3_Name</Pieces>
    <Pieces>CSPW_Spell4_Name</Pieces>
    <Pieces>CSPW_Spell5_Name</Pieces>
    <Pieces>CSPW_Spell6_Name</Pieces>
    <Pieces>CSPW_Spell7_Name</Pieces>
  </Screen>
</XML>