<?xml version="1.0" encoding="us-ascii"?>
<XML ID="EQInterfaceDefinitionLanguage">
  <Schema xmlns="EverQuestData" xmlns:dt="EverQuestDataTypes" />
  <Ui2DAnimation item="SBW_A_NoteFill2">
    <Cycle>false</Cycle>
    <Frames>
      <!-- <Texture>note01.tga</Texture> -->
      <Location>
        <X>74</X>
        <Y>54</Y>
      </Location>
      <Size>
        <CX>180</CX>
        <CY>201</CY>
      </Size>
    </Frames>
  </Ui2DAnimation>
  <Ui2DAnimation item="SBW_A_NoteFill4">
    <Cycle>false</Cycle>
    <Frames>
      <!-- <Texture>note03.tga</Texture> -->
      <Location>
        <X>74</X>
        <Y>0</Y>
      </Location>
      <Size>
        <CX>180</CX>
        <CY>100</CY>
      </Size>
    </Frames>
  </Ui2DAnimation>
  <Button item="SBW_Spell0">
    <ScreenID>SBW_Spell0</ScreenID>
    <RelativePosition>true</RelativePosition>
    <Location>
      <X>0</X>
      <Y>1</Y>
    </Location>
    <Size>
      <CX>48</CX>
      <CY>40</CY>
    </Size>
    <Style_Transparent>false</Style_Transparent>
    <Style_Checkbox>false</Style_Checkbox>
    <!--<RadioGroup/>-->
    <ButtonDrawTemplate>
      <Normal>BlueIconBackground</Normal>
      <!--<NormalDecal>BuffIcons</NormalDecal>-->
    </ButtonDrawTemplate>
    <!--<SoundPressed/>-->
    <!--<SoundUp/>-->
    <!--<SoundFlyby/>-->
    <DecalOffset>
      <X>0</X>
      <Y>0</Y>
    </DecalOffset>
    <DecalSize>
      <CX>40</CX>
      <CY>40</CY>
    </DecalSize>
  </Button>
  <StaticText item="SBW_SpellName0">
    <ScreenID>SBW_SpellName0</ScreenID>
    <Font>5</Font>
    <RelativePosition>true</RelativePosition>
    <Location>
      <X>58</X>
      <Y>32</Y>
    </Location>
    <Size>
      <CX>296</CX>
      <CY>32</CY>
    </Size>
    <TextColor>
      <R>255</R>
      <G>255</G>
      <B>255</B>
    </TextColor>
    <Text>Complete Healing</Text>
    <NoWrap>true</NoWrap>
    <AlignCenter>false</AlignCenter>
    <AlignRight>false</AlignRight>
  </StaticText>
  <Button item="SBW_Spell1">
    <ScreenID>SBW_Spell1</ScreenID>
    <RelativePosition>true</RelativePosition>
    <Location>
      <X>0</X>
      <Y>43</Y>
    </Location>
    <Size>
      <CX>48</CX>
      <CY>40</CY>
    </Size>
    <Style_Transparent>false</Style_Transparent>
    <Style_Checkbox>false</Style_Checkbox>
    <!--<RadioGroup/>-->
    <ButtonDrawTemplate>
      <Normal>BlueIconBackground</Normal>
      <!--<NormalDecal>BuffIcons</NormalDecal>-->
    </ButtonDrawTemplate>
    <!--<SoundPressed/>-->
    <!--<SoundUp/>-->
    <!--<SoundFlyby/>-->
    <DecalOffset>
      <X>0</X>
      <Y>0</Y>
    </DecalOffset>
    <DecalSize>
      <CX>40</CX>
      <CY>40</CY>
    </DecalSize>
  </Button>
  <StaticText item="SBW_SpellName1">
    <ScreenID>SBW_SpellName1</ScreenID>
    <Font>5</Font>
    <RelativePosition>true</RelativePosition>
    <Location>
      <X>58</X>
      <Y>74</Y>
    </Location>
    <Size>
      <CX>296</CX>
      <CY>32</CY>
    </Size>
    <TextColor>
      <R>255</R>
      <G>255</G>
      <B>255</B>
    </TextColor>
    <Text>Blahblah's Melodious Concord</Text>
    <NoWrap>true</NoWrap>
    <AlignCenter>false</AlignCenter>
    <AlignRight>false</AlignRight>
  </StaticText>
  <Button item="SBW_Spell2">
    <ScreenID>SBW_Spell2</ScreenID>
    <RelativePosition>true</RelativePosition>
    <Location>
      <X>0</X>
      <Y>85</Y>
    </Location>
    <Size>
      <CX>48</CX>
      <CY>40</CY>
    </Size>
    <Style_Transparent>false</Style_Transparent>
    <Style_Checkbox>false</Style_Checkbox>
    <!--<RadioGroup/>-->
    <ButtonDrawTemplate>
      <Normal>BlueIconBackground</Normal>
      <!--<NormalDecal>BuffIcons</NormalDecal>-->
    </ButtonDrawTemplate>
    <!--<SoundPressed/>-->
    <!--<SoundUp/>-->
    <!--<SoundFlyby/>-->
    <DecalOffset>
      <X>0</X>
      <Y>0</Y>
    </DecalOffset>
    <DecalSize>
      <CX>40</CX>
      <CY>40</CY>
    </DecalSize>
  </Button>
  <StaticText item="SBW_SpellName2">
    <ScreenID>SBW_SpellName2</ScreenID>
    <Font>5</Font>
    <RelativePosition>true</RelativePosition>
    <Location>
      <X>58</X>
      <Y>116</Y>
    </Location>
    <Size>
      <CX>296</CX>
      <CY>32</CY>
    </Size>
    <TextColor>
      <R>255</R>
      <G>255</G>
      <B>255</B>
    </TextColor>
    <Text>Blahblah's Complete Healing</Text>
    <NoWrap>true</NoWrap>
    <AlignCenter>false</AlignCenter>
    <AlignRight>false</AlignRight>
  </StaticText>
  <Button item="SBW_Spell3">
    <ScreenID>SBW_Spell3</ScreenID>
    <RelativePosition>true</RelativePosition>
    <Location>
      <X>0</X>
      <Y>127</Y>
    </Location>
    <Size>
      <CX>48</CX>
      <CY>40</CY>
    </Size>
    <Style_Transparent>false</Style_Transparent>
    <Style_Checkbox>false</Style_Checkbox>
    <!--<RadioGroup/>-->
    <ButtonDrawTemplate>
      <Normal>BlueIconBackground</Normal>
      <!--<NormalDecal>BuffIcons</NormalDecal>-->
    </ButtonDrawTemplate>
    <!--<SoundPressed/>-->
    <!--<SoundUp/>-->
    <!--<SoundFlyby/>-->
    <DecalOffset>
      <X>0</X>
      <Y>0</Y>
    </DecalOffset>
    <DecalSize>
      <CX>40</CX>
      <CY>40</CY>
    </DecalSize>
  </Button>
  <StaticText item="SBW_SpellName3">
    <ScreenID>SBW_SpellName3</ScreenID>
    <Font>5</Font>
    <RelativePosition>true</RelativePosition>
    <Location>
      <X>58</X>
      <Y>158</Y>
    </Location>
    <Size>
      <CX>296</CX>
      <CY>32</CY>
    </Size>
    <TextColor>
      <R>255</R>
      <G>255</G>
      <B>255</B>
    </TextColor>
    <Text>Blahblah's Complete Healing</Text>
    <NoWrap>true</NoWrap>
    <AlignCenter>false</AlignCenter>
    <AlignRight>false</AlignRight>
  </StaticText>
  <Button item="SBW_Spell4">
    <ScreenID>SBW_Spell4</ScreenID>
    <RelativePosition>true</RelativePosition>
    <Location>
      <X>0</X>
      <Y>169</Y>
    </Location>
    <Size>
      <CX>48</CX>
      <CY>40</CY>
    </Size>
    <Style_Transparent>false</Style_Transparent>
    <Style_Checkbox>false</Style_Checkbox>
    <!--<RadioGroup/>-->
    <ButtonDrawTemplate>
      <Normal>BlueIconBackground</Normal>
      <!--<NormalDecal>BuffIcons</NormalDecal>-->
    </ButtonDrawTemplate>
    <!--<SoundPressed/>-->
    <!--<SoundUp/>-->
    <!--<SoundFlyby/>-->
    <DecalOffset>
      <X>0</X>
      <Y>0</Y>
    </DecalOffset>
    <DecalSize>
      <CX>40</CX>
      <CY>40</CY>
    </DecalSize>
  </Button>
  <StaticText item="SBW_SpellName4">
    <ScreenID>SBW_SpellName4</ScreenID>
    <Font>5</Font>
    <RelativePosition>true</RelativePosition>
    <Location>
      <X>58</X>
      <Y>200</Y>
    </Location>
    <Size>
      <CX>296</CX>
      <CY>32</CY>
    </Size>
    <TextColor>
      <R>255</R>
      <G>255</G>
      <B>255</B>
    </TextColor>
    <Text>Blahblah's Complete Healing</Text>
    <NoWrap>true</NoWrap>
    <AlignCenter>false</AlignCenter>
    <AlignRight>false</AlignRight>
  </StaticText>
  <Button item="SBW_Spell5">
    <ScreenID>SBW_Spell5</ScreenID>
    <RelativePosition>true</RelativePosition>
    <Location>
      <X>0</X>
      <Y>211</Y>
    </Location>
    <Size>
      <CX>48</CX>
      <CY>40</CY>
    </Size>
    <Style_Transparent>false</Style_Transparent>
    <Style_Checkbox>false</Style_Checkbox>
    <!--<RadioGroup/>-->
    <ButtonDrawTemplate>
      <Normal>BlueIconBackground</Normal>
      <!--<NormalDecal>BuffIcons</NormalDecal>-->
    </ButtonDrawTemplate>
    <!--<SoundPressed/>-->
    <!--<SoundUp/>-->
    <!--<SoundFlyby/>-->
    <DecalOffset>
      <X>0</X>
      <Y>0</Y>
    </DecalOffset>
    <DecalSize>
      <CX>40</CX>
      <CY>40</CY>
    </DecalSize>
  </Button>
  <StaticText item="SBW_SpellName5">
    <ScreenID>SBW_SpellName5</ScreenID>
    <Font>5</Font>
    <RelativePosition>true</RelativePosition>
    <Location>
      <X>58</X>
      <Y>242</Y>
    </Location>
    <Size>
      <CX>296</CX>
      <CY>32</CY>
    </Size>
    <TextColor>
      <R>255</R>
      <G>255</G>
      <B>255</B>
    </TextColor>
    <Text>Blahblah's Complete Healing</Text>
    <NoWrap>true</NoWrap>
    <AlignCenter>false</AlignCenter>
    <AlignRight>false</AlignRight>
  </StaticText>
  <Button item="SBW_Spell6">
    <ScreenID>SBW_Spell6</ScreenID>
    <RelativePosition>true</RelativePosition>
    <Location>
      <X>0</X>
      <Y>253</Y>
    </Location>
    <Size>
      <CX>48</CX>
      <CY>40</CY>
    </Size>
    <Style_Transparent>false</Style_Transparent>
    <Style_Checkbox>false</Style_Checkbox>
    <!--<RadioGroup/>-->
    <ButtonDrawTemplate>
      <Normal>BlueIconBackground</Normal>
      <!--<NormalDecal>BuffIcons</NormalDecal>-->
    </ButtonDrawTemplate>
    <!--<SoundPressed/>-->
    <!--<SoundUp/>-->
    <!--<SoundFlyby/>-->
    <DecalOffset>
      <X>0</X>
      <Y>0</Y>
    </DecalOffset>
    <DecalSize>
      <CX>40</CX>
      <CY>40</CY>
    </DecalSize>
  </Button>
  <StaticText item="SBW_SpellName6">
    <ScreenID>SBW_SpellName6</ScreenID>
    <Font>5</Font>
    <RelativePosition>true</RelativePosition>
    <Location>
      <X>58</X>
      <Y>284</Y>
    </Location>
    <Size>
      <CX>296</CX>
      <CY>32</CY>
    </Size>
    <TextColor>
      <R>255</R>
      <G>255</G>
      <B>255</B>
    </TextColor>
    <Text>Blahblah's Complete Healing</Text>
    <NoWrap>true</NoWrap>
    <AlignCenter>false</AlignCenter>
    <AlignRight>false</AlignRight>
  </StaticText>
  <Button item="SBW_Spell7">
    <ScreenID>SBW_Spell7</ScreenID>
    <RelativePosition>true</RelativePosition>
    <Location>
      <X>0</X>
      <Y>295</Y>
    </Location>
    <Size>
      <CX>48</CX>
      <CY>40</CY>
    </Size>
    <Style_Transparent>false</Style_Transparent>
    <Style_Checkbox>false</Style_Checkbox>
    <!--<RadioGroup/>-->
    <ButtonDrawTemplate>
      <Normal>BlueIconBackground</Normal>
      <!--<NormalDecal>BuffIcons</NormalDecal>-->
    </ButtonDrawTemplate>
    <!--<SoundPressed/>-->
    <!--<SoundUp/>-->
    <!--<SoundFlyby/>-->
    <DecalOffset>
      <X>0</X>
      <Y>0</Y>
    </DecalOffset>
    <DecalSize>
      <CX>40</CX>
      <CY>40</CY>
    </DecalSize>
  </Button>
  <StaticText item="SBW_SpellName7">
    <ScreenID>SBW_SpellName7</ScreenID>
    <Font>5</Font>
    <RelativePosition>true</RelativePosition>
    <Location>
      <X>58</X>
      <Y>326</Y>
    </Location>
    <Size>
      <CX>296</CX>
      <CY>32</CY>
    </Size>
    <TextColor>
      <R>255</R>
      <G>255</G>
      <B>255</B>
    </TextColor>
    <Text>Blahblah's Complete Healing</Text>
    <NoWrap>true</NoWrap>
    <AlignCenter>false</AlignCenter>
    <AlignRight>false</AlignRight>
  </StaticText>
  <Button item="SBW_Spell8">
    <ScreenID>SBW_Spell8</ScreenID>
    <RelativePosition>true</RelativePosition>
    <Location>
      <X>0</X>
      <Y>1</Y>
    </Location>
    <Size>
      <CX>48</CX>
      <CY>40</CY>
    </Size>
    <Style_Transparent>false</Style_Transparent>
    <Style_Checkbox>false</Style_Checkbox>
    <!--<RadioGroup/>-->
    <ButtonDrawTemplate>
      <Normal>BlueIconBackground</Normal>
      <!--<NormalDecal>BuffIcons</NormalDecal>-->
    </ButtonDrawTemplate>
    <!--<SoundPressed/>-->
    <!--<SoundUp/>-->
    <!--<SoundFlyby/>-->
    <DecalOffset>
      <X>0</X>
      <Y>0</Y>
    </DecalOffset>
    <DecalSize>
      <CX>40</CX>
      <CY>40</CY>
    </DecalSize>
  </Button>
  <StaticText item="SBW_SpellName8">
    <ScreenID>SBW_SpellName8</ScreenID>
    <Font>5</Font>
    <RelativePosition>true</RelativePosition>
    <Location>
      <X>411</X>
      <Y>32</Y>
    </Location>
    <Size>
      <CX>296</CX>
      <CY>32</CY>
    </Size>
    <TextColor>
      <R>255</R>
      <G>255</G>
      <B>255</B>
    </TextColor>
    <Text>Complete Healing</Text>
    <NoWrap>true</NoWrap>
    <AlignCenter>false</AlignCenter>
    <AlignRight>false</AlignRight>
  </StaticText>
  <Button item="SBW_Spell9">
    <ScreenID>SBW_Spell9</ScreenID>
    <RelativePosition>true</RelativePosition>
    <Location>
      <X>0</X>
      <Y>43</Y>
    </Location>
    <Size>
      <CX>48</CX>
      <CY>40</CY>
    </Size>
    <Style_Transparent>false</Style_Transparent>
    <Style_Checkbox>false</Style_Checkbox>
    <!--<RadioGroup/>-->
    <ButtonDrawTemplate>
      <Normal>BlueIconBackground</Normal>
      <!--<NormalDecal>BuffIcons</NormalDecal>-->
    </ButtonDrawTemplate>
    <!--<SoundPressed/>-->
    <!--<SoundUp/>-->
    <!--<SoundFlyby/>-->
    <DecalOffset>
      <X>0</X>
      <Y>0</Y>
    </DecalOffset>
    <DecalSize>
      <CX>40</CX>
      <CY>40</CY>
    </DecalSize>
  </Button>
  <StaticText item="SBW_SpellName9">
    <ScreenID>SBW_SpellName9</ScreenID>
    <Font>5</Font>
    <RelativePosition>true</RelativePosition>
    <Location>
      <X>411</X>
      <Y>74</Y>
    </Location>
    <Size>
      <CX>296</CX>
      <CY>32</CY>
    </Size>
    <TextColor>
      <R>255</R>
      <G>255</G>
      <B>255</B>
    </TextColor>
    <Text>Complete Healing</Text>
    <NoWrap>true</NoWrap>
    <AlignCenter>false</AlignCenter>
    <AlignRight>false</AlignRight>
  </StaticText>
  <Button item="SBW_Spell10">
    <ScreenID>SBW_Spell10</ScreenID>
    <RelativePosition>true</RelativePosition>
    <Location>
      <X>0</X>
      <Y>85</Y>
    </Location>
    <Size>
      <CX>48</CX>
      <CY>40</CY>
    </Size>
    <Style_Transparent>false</Style_Transparent>
    <Style_Checkbox>false</Style_Checkbox>
    <!--<RadioGroup/>-->
    <ButtonDrawTemplate>
      <Normal>BlueIconBackground</Normal>
      <!--<NormalDecal>BuffIcons</NormalDecal>-->
    </ButtonDrawTemplate>
    <!--<SoundPressed/>-->
    <!--<SoundUp/>-->
    <!--<SoundFlyby/>-->
    <DecalOffset>
      <X>0</X>
      <Y>0</Y>
    </DecalOffset>
    <DecalSize>
      <CX>40</CX>
      <CY>40</CY>
    </DecalSize>
  </Button>
  <StaticText item="SBW_SpellName10">
    <ScreenID>SBW_SpellName10</ScreenID>
    <Font>5</Font>
    <RelativePosition>true</RelativePosition>
    <Location>
      <X>411</X>
      <Y>116</Y>
    </Location>
    <Size>
      <CX>296</CX>
      <CY>32</CY>
    </Size>
    <TextColor>
      <R>255</R>
      <G>255</G>
      <B>255</B>
    </TextColor>
    <Text>Blahblah's Complete Healing</Text>
    <NoWrap>true</NoWrap>
    <AlignCenter>false</AlignCenter>
    <AlignRight>false</AlignRight>
  </StaticText>
  <Button item="SBW_Spell11">
    <ScreenID>SBW_Spell11</ScreenID>
    <RelativePosition>true</RelativePosition>
    <Location>
      <X>0</X>
      <Y>127</Y>
    </Location>
    <Size>
      <CX>48</CX>
      <CY>40</CY>
    </Size>
    <Style_Transparent>false</Style_Transparent>
    <Style_Checkbox>false</Style_Checkbox>
    <!--<RadioGroup/>-->
    <ButtonDrawTemplate>
      <Normal>BlueIconBackground</Normal>
      <!--<NormalDecal>BuffIcons</NormalDecal>-->
    </ButtonDrawTemplate>
    <!--<SoundPressed/>-->
    <!--<SoundUp/>-->
    <!--<SoundFlyby/>-->
    <DecalOffset>
      <X>0</X>
      <Y>0</Y>
    </DecalOffset>
    <DecalSize>
      <CX>40</CX>
      <CY>40</CY>
    </DecalSize>
  </Button>
  <StaticText item="SBW_SpellName11">
    <ScreenID>SBW_SpellName11</ScreenID>
    <Font>5</Font>
    <RelativePosition>true</RelativePosition>
    <Location>
      <X>411</X>
      <Y>158</Y>
    </Location>
    <Size>
      <CX>296</CX>
      <CY>32</CY>
    </Size>
    <TextColor>
      <R>255</R>
      <G>255</G>
      <B>255</B>
    </TextColor>
    <Text>Blahblah's Complete Healing</Text>
    <NoWrap>true</NoWrap>
    <AlignCenter>false</AlignCenter>
    <AlignRight>false</AlignRight>
  </StaticText>
  <Button item="SBW_Spell12">
    <ScreenID>SBW_Spell12</ScreenID>
    <RelativePosition>true</RelativePosition>
    <Location>
      <X>0</X>
      <Y>169</Y>
    </Location>
    <Size>
      <CX>48</CX>
      <CY>40</CY>
    </Size>
    <Style_Transparent>false</Style_Transparent>
    <Style_Checkbox>false</Style_Checkbox>
    <!--<RadioGroup/>-->
    <ButtonDrawTemplate>
      <Normal>BlueIconBackground</Normal>
      <!--<NormalDecal>BuffIcons</NormalDecal>-->
    </ButtonDrawTemplate>
    <!--<SoundPressed/>-->
    <!--<SoundUp/>-->
    <!--<SoundFlyby/>-->
    <DecalOffset>
      <X>0</X>
      <Y>0</Y>
    </DecalOffset>
    <DecalSize>
      <CX>40</CX>
      <CY>40</CY>
    </DecalSize>
  </Button>
  <StaticText item="SBW_SpellName12">
    <ScreenID>SBW_SpellName12</ScreenID>
    <Font>5</Font>
    <RelativePosition>true</RelativePosition>
    <Location>
      <X>411</X>
      <Y>200</Y>
    </Location>
    <Size>
      <CX>296</CX>
      <CY>32</CY>
    </Size>
    <TextColor>
      <R>255</R>
      <G>255</G>
      <B>255</B>
    </TextColor>
    <Text>Blahblah's Complete Healing</Text>
    <NoWrap>true</NoWrap>
    <AlignCenter>false</AlignCenter>
    <AlignRight>false</AlignRight>
  </StaticText>
  <Button item="SBW_Spell13">
    <ScreenID>SBW_Spell13</ScreenID>
    <RelativePosition>true</RelativePosition>
    <Location>
      <X>0</X>
      <Y>211</Y>
    </Location>
    <Size>
      <CX>48</CX>
      <CY>40</CY>
    </Size>
    <Style_Transparent>false</Style_Transparent>
    <Style_Checkbox>false</Style_Checkbox>
    <!--<RadioGroup/>-->
    <ButtonDrawTemplate>
      <Normal>BlueIconBackground</Normal>
      <!--<NormalDecal>BuffIcons</NormalDecal>-->
    </ButtonDrawTemplate>
    <!--<SoundPressed/>-->
    <!--<SoundUp/>-->
    <!--<SoundFlyby/>-->
    <DecalOffset>
      <X>0</X>
      <Y>0</Y>
    </DecalOffset>
    <DecalSize>
      <CX>40</CX>
      <CY>40</CY>
    </DecalSize>
  </Button>
  <StaticText item="SBW_SpellName13">
    <ScreenID>SBW_SpellName13</ScreenID>
    <Font>5</Font>
    <RelativePosition>true</RelativePosition>
    <Location>
      <X>411</X>
      <Y>242</Y>
    </Location>
    <Size>
      <CX>296</CX>
      <CY>32</CY>
    </Size>
    <TextColor>
      <R>255</R>
      <G>255</G>
      <B>255</B>
    </TextColor>
    <Text>Blahblah's Complete Healing</Text>
    <NoWrap>true</NoWrap>
    <AlignCenter>false</AlignCenter>
    <AlignRight>false</AlignRight>
  </StaticText>
  <Button item="SBW_Spell14">
    <ScreenID>SBW_Spell14</ScreenID>
    <RelativePosition>true</RelativePosition>
    <Location>
      <X>0</X>
      <Y>253</Y>
    </Location>
    <Size>
      <CX>48</CX>
      <CY>40</CY>
    </Size>
    <Style_Transparent>false</Style_Transparent>
    <Style_Checkbox>false</Style_Checkbox>
    <!--<RadioGroup/>-->
    <ButtonDrawTemplate>
      <Normal>BlueIconBackground</Normal>
      <!--<NormalDecal>BuffIcons</NormalDecal>-->
    </ButtonDrawTemplate>
    <!--<SoundPressed/>-->
    <!--<SoundUp/>-->
    <!--<SoundFlyby/>-->
    <DecalOffset>
      <X>0</X>
      <Y>0</Y>
    </DecalOffset>
    <DecalSize>
      <CX>40</CX>
      <CY>40</CY>
    </DecalSize>
  </Button>
  <StaticText item="SBW_SpellName14">
    <ScreenID>SBW_SpellName14</ScreenID>
    <Font>5</Font>
    <RelativePosition>true</RelativePosition>
    <Location>
      <X>411</X>
      <Y>284</Y>
    </Location>
    <Size>
      <CX>296</CX>
      <CY>32</CY>
    </Size>
    <TextColor>
      <R>255</R>
      <G>255</G>
      <B>255</B>
    </TextColor>
    <Text>Blahblah's Complete Healing</Text>
    <NoWrap>true</NoWrap>
    <AlignCenter>false</AlignCenter>
    <AlignRight>false</AlignRight>
  </StaticText>
  <Button item="SBW_Spell15">
    <ScreenID>SBW_Spell15</ScreenID>
    <RelativePosition>true</RelativePosition>
    <Location>
      <X>0</X>
      <Y>295</Y>
    </Location>
    <Size>
      <CX>48</CX>
      <CY>40</CY>
    </Size>
    <Style_Transparent>false</Style_Transparent>
    <Style_Checkbox>false</Style_Checkbox>
    <!--<RadioGroup/>-->
    <ButtonDrawTemplate>
      <Normal>BlueIconBackground</Normal>
      <!--<NormalDecal>BuffIcons</NormalDecal>-->
    </ButtonDrawTemplate>
    <!--<SoundPressed/>-->
    <!--<SoundUp/>-->
    <!--<SoundFlyby/>-->
    <DecalOffset>
      <X>0</X>
      <Y>0</Y>
    </DecalOffset>
    <DecalSize>
      <CX>40</CX>
      <CY>40</CY>
    </DecalSize>
  </Button>
  <StaticText item="SBW_SpellName15">
    <ScreenID>SBW_SpellName15</ScreenID>
    <Font>5</Font>
    <RelativePosition>true</RelativePosition>
    <Location>
      <X>411</X>
      <Y>326</Y>
    </Location>
    <Size>
      <CX>296</CX>
      <CY>32</CY>
    </Size>
    <TextColor>
      <R>255</R>
      <G>255</G>
      <B>255</B>
    </TextColor>
    <Text>Blahblah's Complete Healing</Text>
    <NoWrap>true</NoWrap>
    <AlignCenter>false</AlignCenter>
    <AlignRight>false</AlignRight>
  </StaticText>
  <Screen item="SBW_LeftSpells">
    <RelativePosition>true</RelativePosition>
    <Location>
      <X>6</X>
      <Y>27</Y>
    </Location>
    <Size>
      <CX>48</CX>
      <CY>336</CY>
    </Size>
    <Style_VScroll>false</Style_VScroll>
    <Style_HScroll>false</Style_HScroll>
    <Style_Transparent>true</Style_Transparent>
    <DrawTemplate>WDT_RoundedNoTitle</DrawTemplate>
    <Style_Border>false</Style_Border>
    <Pieces>SBW_Spell0</Pieces>
    <Pieces>SBW_Spell1</Pieces>
    <Pieces>SBW_Spell2</Pieces>
    <Pieces>SBW_Spell3</Pieces>
    <Pieces>SBW_Spell4</Pieces>
    <Pieces>SBW_Spell5</Pieces>
    <Pieces>SBW_Spell6</Pieces>
    <Pieces>SBW_Spell7</Pieces>
  </Screen>
  <Screen item="SBW_RightSpells">
    <RelativePosition>true</RelativePosition>
    <Location>
      <X>359</X>
      <Y>27</Y>
    </Location>
    <Size>
      <CX>48</CX>
      <CY>336</CY>
    </Size>
    <Style_VScroll>false</Style_VScroll>
    <Style_HScroll>false</Style_HScroll>
    <Style_Transparent>true</Style_Transparent>
    <DrawTemplate>WDT_RoundedNoTitle</DrawTemplate>
    <Style_Border>false</Style_Border>
    <Pieces>SBW_Spell8</Pieces>
    <Pieces>SBW_Spell9</Pieces>
    <Pieces>SBW_Spell10</Pieces>
    <Pieces>SBW_Spell11</Pieces>
    <Pieces>SBW_Spell12</Pieces>
    <Pieces>SBW_Spell13</Pieces>
    <Pieces>SBW_Spell14</Pieces>
    <Pieces>SBW_Spell15</Pieces>
  </Screen>
  <Gauge item="SBW_Memorize_Gauge">
    <ScreenID>SBW_Memorize_Gauge</ScreenID>
    <RelativePosition>true</RelativePosition>
    <Location>
      <X>434</X>
      <Y>379</Y>
    </Location>
    <Size>
      <CX>208</CX>
      <CY>40</CY>
    </Size>
    <GaugeOffsetY>0</GaugeOffsetY>
    <Style_Transparent>false</Style_Transparent>
    <Style_Tooltip>false</Style_Tooltip>
    <FillTint>
      <R>200</R>
      <G>0</G>
      <B>200</B>
    </FillTint>
    <LinesFillTint>
      <R>0</R>
      <G>0</G>
      <B>0</B>
    </LinesFillTint>
    <DrawLinesFill>false</DrawLinesFill>
    <EQType>9</EQType>
    <GaugeDrawTemplate>
      <Background>A_dzBackground</Background>
      <Fill>A_dzFill</Fill>
    </GaugeDrawTemplate>
  </Gauge>
  <Gauge item="SBW_Scribe_Gauge">
    <ScreenID>SBW_Memorize_Gauge</ScreenID>
    <RelativePosition>true</RelativePosition>
    <Location>
      <X>71</X>
      <Y>379</Y>
    </Location>
    <Size>
      <CX>208</CX>
      <CY>40</CY>
    </Size>
    <GaugeOffsetY>0</GaugeOffsetY>
    <Style_Transparent>false</Style_Transparent>
    <Style_Tooltip>false</Style_Tooltip>
    <FillTint>
      <R>200</R>
      <G>0</G>
      <B>200</B>
    </FillTint>
    <LinesFillTint>
      <R>0</R>
      <G>0</G>
      <B>0</B>
    </LinesFillTint>
    <DrawLinesFill>false</DrawLinesFill>
    <EQType>10</EQType>
    <GaugeDrawTemplate>
      <Background>A_dzBackground</Background>
      <Fill>A_dzFill</Fill>
    </GaugeDrawTemplate>
  </Gauge>
  <Button item="SBW_MemPage0_Button">
    <ScreenID>SBW_MemPage0_Button</ScreenID>
    <Font>2</Font>
    <RelativePosition>true</RelativePosition>
    <Location>
      <X>0</X>
      <Y>0</Y>
    </Location>
    <Size>
      <CX>1</CX>
      <CY>1</CY>
    </Size>
    <!--<Location><X>6</X><Y>185</Y></Location>-->
    <!--<Size><CX>30</CX><CY>22</CY></Size>-->
    <Style_Transparent>false</Style_Transparent>
    <Style_Checkbox>false</Style_Checkbox>
    <!--<RadioGroup/>-->
    <Text>Mem</Text>
    <TextColor>
      <R>255</R>
      <G>255</G>
      <B>255</B>
    </TextColor>
    <ButtonDrawTemplate>
      <Normal>A_BtnNormal</Normal>
      <Pressed>A_BtnPressed</Pressed>
      <Flyby>A_BtnFlyby</Flyby>
      <Disabled>A_BtnDisabled</Disabled>
      <PressedFlyby>A_BtnPressedFlyby</PressedFlyby>
    </ButtonDrawTemplate>
    <!--<SoundPressed/>-->
    <!--<SoundUp/>-->
    <!--<SoundFlyby/>-->
  </Button>
  <Button item="SBW_MemPage1_Button">
    <ScreenID>SBW_MemPage1_Button</ScreenID>
    <Font>2</Font>
    <RelativePosition>true</RelativePosition>
    <Location>
      <X>0</X>
      <Y>0</Y>
    </Location>
    <Size>
      <CX>1</CX>
      <CY>1</CY>
    </Size>
    <!--<Location><X>180</X><Y>185</Y></Location>-->
    <!--<Size><CX>30</CX><CY>22</CY></Size>-->
    <Style_Transparent>false</Style_Transparent>
    <Style_Checkbox>false</Style_Checkbox>
    <!--<RadioGroup/>-->
    <Text>Mem</Text>
    <TextColor>
      <R>255</R>
      <G>255</G>
      <B>255</B>
    </TextColor>
    <ButtonDrawTemplate>
      <Normal>A_BtnNormal</Normal>
      <Pressed>A_BtnPressed</Pressed>
      <Flyby>A_BtnFlyby</Flyby>
      <Disabled>A_BtnDisabled</Disabled>
      <PressedFlyby>A_BtnPressedFlyby</PressedFlyby>
    </ButtonDrawTemplate>
    <!--<SoundPressed/>-->
    <!--<SoundUp/>-->
    <!--<SoundFlyby/>-->
  </Button>
  <Button item="SBW_PageDown_Button">
    <ScreenID>SBW_PageDown_Button</ScreenID>
    <RelativePosition>true</RelativePosition>
    <Location>
      <X>6</X>
      <Y>367</Y>
    </Location>
    <Size>
      <CX>60</CX>
      <CY>64</CY>
    </Size>
    <Style_Transparent>false</Style_Transparent>
    <Style_Checkbox>false</Style_Checkbox>
    <!--<RadioGroup/>-->
    <Text />
    <TextColor>
      <R>255</R>
      <G>255</G>
      <B>255</B>
    </TextColor>
    <ButtonDrawTemplate>
      <Normal>A_LeftArrowBtnNormal</Normal>
      <Pressed>A_LeftArrowBtnPressed</Pressed>
      <Flyby>A_LeftArrowBtnFlyby</Flyby>
      <Disabled>A_LeftArrowBtnDisabled</Disabled>
      <PressedFlyby>A_LeftArrowBtnPressedFlyby</PressedFlyby>
    </ButtonDrawTemplate>
    <!--<SoundPressed/>-->
    <!--<SoundUp/>-->
    <!--<SoundFlyby/>-->
  </Button>
  <Button item="SBW_PageUp_Button">
    <ScreenID>SBW_PageUp_Button</ScreenID>
    <RelativePosition>true</RelativePosition>
    <Location>
      <X>647</X>
      <Y>365</Y>
    </Location>
    <Size>
      <CX>60</CX>
      <CY>64</CY>
    </Size>
    <Style_Transparent>false</Style_Transparent>
    <Style_Checkbox>false</Style_Checkbox>
    <!--<RadioGroup/>-->
    <Text />
    <TextColor>
      <R>255</R>
      <G>255</G>
      <B>255</B>
    </TextColor>
    <ButtonDrawTemplate>
      <Normal>A_RightArrowBtnNormal</Normal>
      <Pressed>A_RightArrowBtnPressed</Pressed>
      <Flyby>A_RightArrowBtnFlyby</Flyby>
      <Disabled>A_RightArrowBtnDisabled</Disabled>
      <PressedFlyby>A_RightArrowBtnPressedFlyby</PressedFlyby>
    </ButtonDrawTemplate>
    <!--<SoundPressed/>-->
    <!--<SoundUp/>-->
    <!--<SoundFlyby/>-->
  </Button>
  <StaticText item="SBW_LeftPageNum">
    <ScreenID>SBW_LeftPageNum</ScreenID>
    <Font>5</Font>
    <RelativePosition>true</RelativePosition>
    <Location>
      <X>6</X>
      <Y>0</Y>
    </Location>
    <Size>
      <CX>40</CX>
      <CY>28</CY>
    </Size>
    <TextColor>
      <R>255</R>
      <G>255</G>
      <B>255</B>
    </TextColor>
    <Text>98</Text>
    <NoWrap>true</NoWrap>
    <AlignCenter>true</AlignCenter>
    <AlignRight>false</AlignRight>
  </StaticText>
  <StaticText item="SBW_RightPageNum">
    <ScreenID>SBW_RightPageNum</ScreenID>
    <Font>5</Font>
    <RelativePosition>true</RelativePosition>
    <Location>
      <X>359</X>
      <Y>0</Y>
    </Location>
    <Size>
      <CX>40</CX>
      <CY>28</CY>
    </Size>
    <TextColor>
      <R>255</R>
      <G>255</G>
      <B>255</B>
    </TextColor>
    <Text>99</Text>
    <NoWrap>true</NoWrap>
    <AlignCenter>true</AlignCenter>
    <AlignRight>false</AlignRight>
  </StaticText>
  <StaticAnimation item="SBW_SpellBook1">
    <ScreenID>BG01</ScreenID>
    <RelativePosition>true</RelativePosition>
    <Location>
      <X>-275</X>
      <Y>-9</Y>
    </Location>
    <Size>
      <CX>255</CX>
      <CY>255</CY>
    </Size>
    <!-- <Animation>A_NoteBG01</Animation> -->
  </StaticAnimation>
  <StaticAnimation item="SBW_SpellBook2">
    <ScreenID>BG02</ScreenID>
    <RelativePosition>true</RelativePosition>
    <Location>
      <X>741</X>
      <Y>24</Y>
    </Location>
    <Size>
      <CX>180</CX>
      <CY>201</CY>
    </Size>
    <Animation>SBW_A_NoteFill2</Animation>
  </StaticAnimation>
  <StaticAnimation item="SBW_SpellBook3">
    <ScreenID>BG03</ScreenID>
    <RelativePosition>true</RelativePosition>
    <Location>
      <X>-144</X>
      <Y>447</Y>
    </Location>
    <Size>
      <CX>255</CX>
      <CY>128</CY>
    </Size>
    <!-- <Animation>A_NoteBG03</Animation> -->
  </StaticAnimation>
  <StaticAnimation item="SBW_SpellBook4">
    <ScreenID>BG04</ScreenID>
    <RelativePosition>true</RelativePosition>
    <Location>
      <X>68</X>
      <Y>491</Y>
    </Location>
    <Size>
      <CX>180</CX>
      <CY>100</CY>
    </Size>
    <Animation>SBW_A_NoteFill4</Animation>
  </StaticAnimation>
  <Button item="SBW_DoneButton">
    <ScreenID>DoneButton</ScreenID>
    <!--<Font>3</Font>-->
    <RelativePosition>true</RelativePosition>
    <Location>
      <X>284</X>
      <Y>377</Y>
    </Location>
    <Size>
      <CX>145</CX>
      <CY>44</CY>
    </Size>
    <Style_Transparent>false</Style_Transparent>
    <Style_Checkbox>false</Style_Checkbox>
    <!--<RadioGroup/>-->
    <Text>Done</Text>
    <TextColor>
      <R>255</R>
      <G>255</G>
      <B>255</B>
    </TextColor>
    <ButtonDrawTemplate>
      <Normal>A_BtnNormal</Normal>
      <Pressed>A_BtnPressed</Pressed>
      <Flyby>A_BtnFlyby</Flyby>
      <Disabled>A_BtnDisabled</Disabled>
      <PressedFlyby>A_BtnPressedFlyby</PressedFlyby>
    </ButtonDrawTemplate>
    <!--<SoundPressed/>-->
    <!--<<SoundUp/>-->
    <!--<SoundFlyby/>-->
    <Font>5</Font>
  </Button>
  <Button item="SBW_MeditateButton">
    <ScreenID>MeditateButton</ScreenID>
    <RelativePosition>true</RelativePosition>
    <Location>
      <X>0</X>
      <Y>0</Y>
    </Location>
    <Size>
      <CX>1</CX>
      <CY>1</CY>
    </Size>
    <Style_VScroll>false</Style_VScroll>
    <Style_HScroll>false</Style_HScroll>
    <Style_Transparent>false</Style_Transparent>
    <Style_Checkbox>true</Style_Checkbox>
    <!--<ButtonDrawTemplate>
      <Normal>A_MeditateNormal</Normal>
      <Pressed>A_MeditatePressed</Pressed>
      <Flyby>A_MeditateNormal</Flyby>
      <Disabled>A_MeditateNormal</Disabled>
      <PressedFlyby>A_MeditatePressed</PressedFlyby>
    </ButtonDrawTemplate>-->
  </Button>
  <Screen item="SpellBookWnd">
    <!--<ScreenID/>-->
    <RelativePosition>false</RelativePosition>
    <Location>
      <X>150</X>
      <Y>0</Y>
    </Location>
    <Size>
      <CX>721</CX>
      <CY>442</CY>
    </Size>
    <Text>Spell Book</Text>
    <Style_Transparent>false</Style_Transparent>
    <!--<TooltipReference>Your Spell Book</TooltipReference>-->
    <DrawTemplate>WDT_RoundedNoTitle</DrawTemplate>
    <Style_Titlebar>false</Style_Titlebar>
    <Style_Closebox>true</Style_Closebox>
    <Style_Minimizebox>false</Style_Minimizebox>
    <Style_Maximizebox>false</Style_Maximizebox>
    <Style_Qmarkbox>false</Style_Qmarkbox>
    <Style_Border>true</Style_Border>
    <Style_Sizable>false</Style_Sizable>
    <Pieces>SBW_SpellBook1</Pieces>
    <Pieces>SBW_SpellBook2</Pieces>
    <Pieces>SBW_SpellBook3</Pieces>
    <Pieces>SBW_SpellBook4</Pieces>
    <Pieces>SBW_LeftSpells</Pieces>
    <Pieces>SBW_RightSpells</Pieces>
    <Pieces>SBW_SpellName0</Pieces>
    <Pieces>SBW_SpellName1</Pieces>
    <Pieces>SBW_SpellName2</Pieces>
    <Pieces>SBW_SpellName3</Pieces>
    <Pieces>SBW_SpellName4</Pieces>
    <Pieces>SBW_SpellName5</Pieces>
    <Pieces>SBW_SpellName6</Pieces>
    <Pieces>SBW_SpellName7</Pieces>
    <Pieces>SBW_SpellName8</Pieces>
    <Pieces>SBW_SpellName9</Pieces>
    <Pieces>SBW_SpellName10</Pieces>
    <Pieces>SBW_SpellName11</Pieces>
    <Pieces>SBW_SpellName12</Pieces>
    <Pieces>SBW_SpellName13</Pieces>
    <Pieces>SBW_SpellName14</Pieces>
    <Pieces>SBW_SpellName15</Pieces>
    <Pieces>SBW_Memorize_Gauge</Pieces>
    <Pieces>SBW_Scribe_Gauge</Pieces>
    <Pieces>SBW_MemPage0_Button</Pieces>
    <Pieces>SBW_MemPage1_Button</Pieces>
    <Pieces>SBW_PageDown_Button</Pieces>
    <Pieces>SBW_PageUp_Button</Pieces>
    <Pieces>SBW_LeftPageNum</Pieces>
    <Pieces>SBW_RightPageNum</Pieces>
    <Pieces>SBW_DoneButton</Pieces>
    <Pieces>SBW_MeditateButton</Pieces>
  </Screen>
</XML>