<?xml version="1.0" encoding="us-ascii"?>
<XML ID="EQInterfaceDefinitionLanguage">
  <Schema xmlns="EverQuestData" xmlns:dt="EverQuestDataTypes" />
  <StaticAnimation item="PWDummy">
    <ScreenID>PWDummy</ScreenID>
    <Location>
      <X>-1</X>
      <Y>-1</Y>
    </Location>
    <Size>
      <CX>8</CX>
      <CY>8</CY>
    </Size>
    <Animation>A_CornerSquare</Animation>
  </StaticAnimation>
  <TextureInfo item="AttackIndicator.tga">
    <Size>
      <CX>256</CX>
      <CY>256</CY>
    </Size>
  </TextureInfo>
  <Ui2DAnimation item="A_AttackIndicator">
    <Cycle>false</Cycle>
    <Frames>
      <Texture>AttackIndicator.tga</Texture>
      <Location>
        <X>0</X>
        <Y>0</Y>
      </Location>
      <Size>
        <CX>136</CX>
        <CY>104</CY>
      </Size>
    </Frames>
  </Ui2DAnimation>
  <StaticAnimation item="A_AttackIndicatorAnim">
    <ScreenID>A_AttackIndicatorAnim</ScreenID>
    <Animation>A_AttackIndicator</Animation>
    <Size>
      <CX>1</CX>
      <CY>1</CY>
    </Size>
  </StaticAnimation>
  <Gauge item="Player_HP">
    <ScreenID>PlayerHP</ScreenID>
    <!--<Font>3</Font>-->
    <TextColor>
      <R>240</R>
      <G>240</G>
      <B>240</B>
    </TextColor>
    <RelativePosition>true</RelativePosition>
    <Location>
      <X>1</X>
      <Y>6</Y>
    </Location>
    <Size>
      <CX>128</CX>
      <CY>8</CY>
    </Size>
    <TextOffsetY>-50</TextOffsetY>
    <GaugeOffsetY>0</GaugeOffsetY>
    <GaugeOffsetX>3</GaugeOffsetX>
    <Style_VScroll>false</Style_VScroll>
    <Style_HScroll>false</Style_HScroll>
    <Style_Transparent>false</Style_Transparent>
    <!--<TooltipReference/>-->
    <FillTint>
      <R>240</R>
      <G>0</G>
      <B>0</B>
    </FillTint>
    <LinesFillTint>
      <R>220</R>
      <G>220</G>
      <B>0</B>
    </LinesFillTint>
    <DrawLinesFill>false</DrawLinesFill>
    <EQType>1</EQType>
    <GaugeDrawTemplate>
      <Background>A_GaugeBackground</Background>
      <Fill>A_GaugeFill</Fill>
      <Lines>A_GaugeLines</Lines>
      <LinesFill>A_GaugeLinesFill</LinesFill>
      <!--<EndCapLeft>A_GaugeEndCapLeft</EndCapLeft>
			<EndCapRight>A_GaugeEndCapRight</EndCapRight>-->
    </GaugeDrawTemplate>
  </Gauge>
  <Label item="Player_HPLabel">
    <ScreenID>HPLabel</ScreenID>
    <Font>2</Font>
    <EQType>19</EQType>
    <RelativePosition>true</RelativePosition>
    <Location>
      <X>73</X>
      <Y>2</Y>
    </Location>
    <Size>
      <CX>60</CX>
      <CY>12</CY>
    </Size>
    <Text>Playername123456</Text>
    <TextColor>
      <R>240</R>
      <G>240</G>
      <B>240</B>
    </TextColor>
    <NoWrap>true</NoWrap>
    <AlignCenter>false</AlignCenter>
    <AlignRight>true</AlignRight>
  </Label>
  <Label item="Player_HPPercLabel">
    <ScreenID>HPPerLabel</ScreenID>
  </Label>
  <Gauge item="Pet_HP">
    <ScreenID>PetHP</ScreenID>
    <!--<Font>3</Font>-->
    <TextColor>
      <R>0</R>
      <G>0</G>
      <B>0</B>
    </TextColor>
    <RelativePosition>true</RelativePosition>
    <Location>
      <X>1</X>
      <Y>12</Y>
    </Location>
    <Size>
      <CX>1</CX>
      <CY>1</CY>
    </Size>
    <TextOffsetY>-50</TextOffsetY>
    <GaugeOffsetY>-2</GaugeOffsetY>
    <GaugeOffsetX>3</GaugeOffsetX>
    <Style_VScroll>false</Style_VScroll>
    <Style_HScroll>false</Style_HScroll>
    <Style_Transparent>false</Style_Transparent>
    <!--<TooltipReference/>-->
    <FillTint>
      <R>51</R>
      <G>192</G>
      <B>51</B>
    </FillTint>
    <LinesFillTint>
      <R>0</R>
      <G>0</G>
      <B>0</B>
    </LinesFillTint>
    <DrawLinesFill>false</DrawLinesFill>
    <EQType>16</EQType>
    <GaugeDrawTemplate>
      <Background>A_GaugeBackground</Background>
      <Fill>A_GaugeFill</Fill>
      <!--<Lines>A_GaugeLines</Lines>-->
      <LinesFill>A_GaugeLinesFill</LinesFill>
      <!--<EndCapLeft>A_GaugeEndCapLeft</EndCapLeft>-->
      <!--<EndCapRight>A_GaugeEndCapRight</EndCapRight>-->
    </GaugeDrawTemplate>
  </Gauge>
  <StaticAnimation item="ManaDummy">
    <ScreenID>ManaDummy</ScreenID>
    <Location>
      <X>4</X>
      <Y>19</Y>
    </Location>
    <Size>
      <CX>100</CX>
      <CY>8</CY>
    </Size>
    <Animation>A_GaugeBackground</Animation>
  </StaticAnimation>
  <Gauge item="Player_Mana">
    <ScreenID>PlayerMana</ScreenID>
    <!--<Font>3</Font>-->
    <RelativePosition>true</RelativePosition>
    <Location>
      <X>1</X>
      <Y>19</Y>
    </Location>
    <Size>
      <CX>128</CX>
      <CY>8</CY>
    </Size>
    <GaugeOffsetY>0</GaugeOffsetY>
    <GaugeOffsetX>3</GaugeOffsetX>
    <Style_VScroll>false</Style_VScroll>
    <Style_HScroll>false</Style_HScroll>
    <Style_Transparent>false</Style_Transparent>
    <!--<TooltipReference/>-->
    <FillTint>
      <R>0</R>
      <G>0</G>
      <B>240</B>
    </FillTint>
    <LinesFillTint>
      <R>0</R>
      <G>220</G>
      <B>220</B>
    </LinesFillTint>
    <DrawLinesFill>false</DrawLinesFill>
    <EQType>2</EQType>
    <GaugeDrawTemplate>
      <Background>A_GaugeBackground</Background>
      <Fill>A_GaugeFill</Fill>
      <Lines>A_GaugeLines</Lines>
      <LinesFill>A_GaugeLinesFill</LinesFill>
      <!--<EndCapLeft>A_GaugeEndCapLeft</EndCapLeft>
			<EndCapRight>A_GaugeEndCapRight</EndCapRight>-->
    </GaugeDrawTemplate>
  </Gauge>
  <Label item="Player_ManaLabel">
    <ScreenID>ManaLabel</ScreenID>
    <Font>2</Font>
    <EQType>20</EQType>
    <RelativePosition>true</RelativePosition>
    <Location>
      <X>73</X>
      <Y>15</Y>
    </Location>
    <Size>
      <CX>60</CX>
      <CY>12</CY>
    </Size>
    <Text>Playername123456</Text>
    <TextColor>
      <R>240</R>
      <G>240</G>
      <B>240</B>
    </TextColor>
    <NoWrap>true</NoWrap>
    <AlignCenter>false</AlignCenter>
    <AlignRight>true</AlignRight>
  </Label>
  <Label item="Player_ManaPercLabel">
    <ScreenID>ManaPerLabel</ScreenID>
  </Label>
  <Gauge item="Player_Fatigue">
    <ScreenID>PlayerFatigue</ScreenID>
    <!--<Font>3</Font>-->
    <RelativePosition>true</RelativePosition>
    <Location>
      <X>1</X>
      <Y>32</Y>
    </Location>
    <Size>
      <CX>128</CX>
      <CY>8</CY>
    </Size>
    <GaugeOffsetY>0</GaugeOffsetY>
    <GaugeOffsetX>3</GaugeOffsetX>
    <Style_VScroll>false</Style_VScroll>
    <Style_HScroll>false</Style_HScroll>
    <Style_Transparent>false</Style_Transparent>
    <!--<TooltipReference/>-->
    <FillTint>
      <R>240</R>
      <G>240</G>
      <B>0</B>
    </FillTint>
    <LinesFillTint>
      <R>0</R>
      <G>220</G>
      <B>0</B>
    </LinesFillTint>
    <DrawLinesFill>false</DrawLinesFill>
    <EQType>3</EQType>
    <GaugeDrawTemplate>
      <Background>A_GaugeBackground</Background>
      <Fill>A_GaugeFill</Fill>
      <Lines>A_GaugeLines</Lines>
      <LinesFill>A_GaugeLinesFill</LinesFill>
      <!-- 			<EndCapLeft>A_GaugeEndCapLeft</EndCapLeft>
			<EndCapRight>A_GaugeEndCapRight</EndCapRight> -->
    </GaugeDrawTemplate>
  </Gauge>
  <Label item="Player_FatigueLabel">
    <ScreenID>FatigueLabel</ScreenID>
    <Font>2</Font>
    <EQType>21</EQType>
    <RelativePosition>true</RelativePosition>
    <Location>
      <X>73</X>
      <Y>28</Y>
    </Location>
    <Size>
      <CX>60</CX>
      <CY>12</CY>
    </Size>
    <Text>Playername123456</Text>
    <TextColor>
      <R>240</R>
      <G>240</G>
      <B>240</B>
    </TextColor>
    <NoWrap>true</NoWrap>
    <AlignCenter>false</AlignCenter>
    <AlignRight>true</AlignRight>
  </Label>
  <Label item="Player_FatiguePercLabel">
    <ScreenID>FatiguePerLabel</ScreenID>
  </Label>
  <Gauge item="PW_ExpGauge">
    <ScreenID>ExpGauge</ScreenID>
    <!--<Font>3</Font>-->
    <RelativePosition>true</RelativePosition>
    <Location>
      <X>1</X>
      <Y>45</Y>
    </Location>
    <Size>
      <CX>128</CX>
      <CY>8</CY>
    </Size>
    <GaugeOffsetY>0</GaugeOffsetY>
    <GaugeOffsetX>3</GaugeOffsetX>
    <Style_VScroll>false</Style_VScroll>
    <Style_HScroll>false</Style_HScroll>
    <Style_Transparent>false</Style_Transparent>
    <!--<TooltipReference/>-->
    <FillTint>
      <R>220</R>
      <G>150</G>
      <B>0</B>
    </FillTint>
    <LinesFillTint>
      <R>0</R>
      <G>80</G>
      <B>220</B>
    </LinesFillTint>
    <DrawLinesFill>true</DrawLinesFill>
    <EQType>4</EQType>
    <GaugeDrawTemplate>
      <Background>A_GaugeBackground</Background>
      <Fill>A_GaugeFill</Fill>
      <Lines>A_GaugeLines</Lines>
      <LinesFill>A_GaugeLinesFill</LinesFill>
    </GaugeDrawTemplate>
  </Gauge>
  <Label item="PW_EXP_Percentage">
    <Font>2</Font>
    <EQType>26</EQType>
    <RelativePosition>true</RelativePosition>
    <Location>
      <X>73</X>
      <Y>41</Y>
    </Location>
    <Size>
      <CX>60</CX>
      <CY>12</CY>
    </Size>
    <Text>Playername123456</Text>
    <TextColor>
      <R>240</R>
      <G>240</G>
      <B>240</B>
    </TextColor>
    <NoWrap>true</NoWrap>
    <AlignCenter>false</AlignCenter>
    <AlignRight>true</AlignRight>
  </Label>
  <Gauge item="PW_BreathGauge">
    <ScreenID>BreathGauge</ScreenID>
    <!--<Font>3</Font>-->
    <RelativePosition>true</RelativePosition>
    <Location>
      <X>1</X>
      <Y>58</Y>
    </Location>
    <Size>
      <CX>128</CX>
      <CY>8</CY>
    </Size>
    <GaugeOffsetY>0</GaugeOffsetY>
    <GaugeOffsetX>8</GaugeOffsetX>
    <Style_VScroll>false</Style_VScroll>
    <Style_HScroll>false</Style_HScroll>
    <Style_Transparent>false</Style_Transparent>
    <!--<TooltipReference/>-->
    <FillTint>
      <R>0</R>
      <G>240</G>
      <B>240</B>
    </FillTint>
    <LinesFillTint>
      <R>0</R>
      <G>0</G>
      <B>0</B>
    </LinesFillTint>
    <DrawLinesFill>false</DrawLinesFill>
    <EQType>8</EQType>
    <GaugeDrawTemplate>
      <Background>A_GaugeBackground</Background>
      <Fill>A_GaugeFill</Fill>
      <Lines>A_GaugeLines</Lines>
      <LinesFill>A_GaugeLinesFill</LinesFill>
    </GaugeDrawTemplate>
  </Gauge>
  <Label item="PW_Breath_Percentage">
    <Font>1</Font>
    <RelativePosition>true</RelativePosition>
    <Location>
      <X>67</X>
      <Y>55</Y>
    </Location>
    <Size>
      <CX>60</CX>
      <CY>12</CY>
    </Size>
    <Text>----</Text>
    <TextColor>
      <R>240</R>
      <G>240</G>
      <B>240</B>
    </TextColor>
    <NoWrap>true</NoWrap>
    <AlignCenter>false</AlignCenter>
    <AlignRight>true</AlignRight>
  </Label>
  <Label item="Player_HPNumber">
    <ScreenID>HPNumberLabel1</ScreenID>
    <EQType>70</EQType>
    <Font>5</Font>
    <RelativePosition>true</RelativePosition>
    <Location>
      <X>1</X>
      <Y>56</Y>
    </Location>
    <Size>
      <CX>140</CX>
      <CY>20</CY>
    </Size>
    <Text>----</Text>
    <TextColor>
      <R>255</R>
      <G>255</G>
      <B>255</B>
    </TextColor>
    <NoWrap>true</NoWrap>
    <AlignCenter>true</AlignCenter>
    <AlignRight>false</AlignRight>
    <AlignLeft>false</AlignLeft>
  </Label>
  <Label item="Player_ManaNumber">
    <ScreenID>ManaNumbLabel</ScreenID>
    <EQType>128</EQType>
    <Font>5</Font>
    <RelativePosition>true</RelativePosition>
    <Location>
      <X>1</X>
      <Y>76</Y>
    </Location>
    <Size>
      <CX>138</CX>
      <CY>20</CY>
    </Size>
    <TextColor>
      <R>0</R>
      <G>204</G>
      <B>255</B>
    </TextColor>
    <NoWrap>true</NoWrap>
    <AlignCenter>true</AlignCenter>
    <AlignRight>false</AlignRight>
  </Label>
  <Screen item="PlayerWindow">
    <!--<ScreenID/>-->
    <RelativePosition>false</RelativePosition>
    <Location>
      <X>516</X>
      <Y>0</Y>
    </Location>
    <Size>
      <CX>144</CX>
      <CY>85</CY>
    </Size>
    <Text>Player</Text>
    <Style_VScroll>false</Style_VScroll>
    <Style_HScroll>false</Style_HScroll>
    <Style_Transparent>false</Style_Transparent>
    <TooltipReference>The Breath Meter</TooltipReference>
    <DrawTemplate>WDT_RoundedNoTitle</DrawTemplate>
    <Style_Titlebar>false</Style_Titlebar>
    <Style_Closebox>false</Style_Closebox>
    <Style_Minimizebox>false</Style_Minimizebox>
    <Style_Border>true</Style_Border>
    <Style_Sizable>false</Style_Sizable>
    <Pieces>Player_HP</Pieces>
    <Pieces>Pet_HP</Pieces>
    <Pieces>Player_HPLabel</Pieces>
    <Pieces>ManaDummy</Pieces>
    <Pieces>Player_Mana</Pieces>
    <Pieces>Player_ManaLabel</Pieces>
    <Pieces>PW_ExpGauge</Pieces>
    <Pieces>PW_EXP_Percentage</Pieces>
    <Pieces>Player_Fatigue</Pieces>
    <Pieces>Player_FatigueLabel</Pieces>
    <!-- <Pieces>PW_BreathGauge</Pieces>
		<Pieces>PW_Breath_Percentage</Pieces> -->
    <Pieces>Player_HPNumber</Pieces>
    <Pieces>A_AttackIndicatorAnim</Pieces>
  </Screen>
</XML>