<?xml version="1.0" encoding="us-ascii"?>
<XML ID="EQInterfaceDefinitionLanguage">
  <Schema xmlns="EverQuestData" xmlns:dt="EverQuestDataTypes" />
  <Ui2DAnimation item="A_PetSpellIcons">
    <Cycle>false</Cycle>
    <Grid>true</Grid>
    <Vertical>false</Vertical>
    <CellHeight>40</CellHeight>
    <CellWidth>40</CellWidth>
    <Frames>
      <Texture>Spells01.tga</Texture>
      <Location>
        <X>0</X>
        <Y>0</Y>
      </Location>
      <Size>
        <CX>256</CX>
        <CY>256</CY>
      </Size>
      <Hotspot>
        <X>0</X>
        <Y>0</Y>
      </Hotspot>
      <Duration>1000</Duration>
    </Frames>
    <Frames>
      <Texture>Spells02.tga</Texture>
      <Location>
        <X>0</X>
        <Y>0</Y>
      </Location>
      <Size>
        <CX>256</CX>
        <CY>256</CY>
      </Size>
      <Hotspot>
        <X>0</X>
        <Y>0</Y>
      </Hotspot>
      <Duration>1000</Duration>
    </Frames>
    <Frames>
      <Texture>Spells03.tga</Texture>
      <Location>
        <X>0</X>
        <Y>0</Y>
      </Location>
      <Size>
        <CX>256</CX>
        <CY>256</CY>
      </Size>
      <Hotspot>
        <X>0</X>
        <Y>0</Y>
      </Hotspot>
      <Duration>1000</Duration>
    </Frames>
    <Frames>
      <Texture>Spells04.tga</Texture>
      <Location>
        <X>0</X>
        <Y>0</Y>
      </Location>
      <Size>
        <CX>256</CX>
        <CY>256</CY>
      </Size>
      <Hotspot>
        <X>0</X>
        <Y>0</Y>
      </Hotspot>
      <Duration>1000</Duration>
    </Frames>
    <Frames>
      <Texture>Spells05.tga</Texture>
      <Location>
        <X>0</X>
        <Y>0</Y>
      </Location>
      <Size>
        <CX>256</CX>
        <CY>256</CY>
      </Size>
      <Hotspot>
        <X>0</X>
        <Y>0</Y>
      </Hotspot>
      <Duration>1000</Duration>
    </Frames>
    <Frames>
      <Texture>Spells06.tga</Texture>
      <Location>
        <X>0</X>
        <Y>0</Y>
      </Location>
      <Size>
        <CX>256</CX>
        <CY>256</CY>
      </Size>
      <Hotspot>
        <X>0</X>
        <Y>0</Y>
      </Hotspot>
      <Duration>1000</Duration>
    </Frames>
    <Frames>
      <Texture>Spells07.tga</Texture>
      <Location>
        <X>0</X>
        <Y>0</Y>
      </Location>
      <Size>
        <CX>256</CX>
        <CY>256</CY>
      </Size>
      <Hotspot>
        <X>0</X>
        <Y>0</Y>
      </Hotspot>
      <Duration>1000</Duration>
    </Frames>
  </Ui2DAnimation>
  <Ui2DAnimation item="PetBlueIconBackground">
    <Cycle>true</Cycle>
    <Frames>
      <Texture>window_pieces06.tga</Texture>
      <Location>
        <X>208</X>
        <Y>200</Y>
      </Location>
      <Size>
        <CX>8</CX>
        <CY>8</CY>
      </Size>
      <Hotspot>
        <X>0</X>
        <Y>0</Y>
      </Hotspot>
      <Duration>1000</Duration>
    </Frames>
  </Ui2DAnimation>
  <Ui2DAnimation item="PetRedIconBackground">
    <Cycle>true</Cycle>
    <Frames>
      <Texture>window_pieces06.tga</Texture>
      <Location>
        <X>200</X>
        <Y>200</Y>
      </Location>
      <Size>
        <CX>8</CX>
        <CY>8</CY>
      </Size>
      <Hotspot>
        <X>0</X>
        <Y>0</Y>
      </Hotspot>
      <Duration>1000</Duration>
    </Frames>
  </Ui2DAnimation>
  <Button item="PIW_AttackButton">
    <ScreenID>AttackButton</ScreenID>
    <!--<Font>3</Font>-->
    <RelativePosition>true</RelativePosition>
    <Location>
      <X>13</X>
      <Y>80</Y>
    </Location>
    <Size>
      <CX>244</CX>
      <CY>40</CY>
    </Size>
    <Style_VScroll>false</Style_VScroll>
    <Style_HScroll>false</Style_HScroll>
    <Style_Transparent>false</Style_Transparent>
    <TooltipReference>Pet Attack</TooltipReference>
    <Style_Checkbox>false</Style_Checkbox>
    <!--<RadioGroup/>-->
    <Text>Attack</Text>
    <TextColor>
      <R>255</R>
      <G>255</G>
      <B>255</B>
    </TextColor>
    <ButtonDrawTemplate>
      <Normal>A_BtnNormal</Normal>
      <Pressed>A_BtnPressed</Pressed>
      <Flyby>A_BtnFlyby</Flyby>
      <Disabled>A_BtnDisabled</Disabled>
      <PressedFlyby>A_BtnPressedFlyby</PressedFlyby>
    </ButtonDrawTemplate>
    <Font>5</Font>
  </Button>
  <Button item="PIW_FollowButton">
    <ScreenID>FollowButton</ScreenID>
    <!--<Font>3</Font>-->
    <RelativePosition>true</RelativePosition>
    <Location>
      <X>13</X>
      <Y>119</Y>
    </Location>
    <Size>
      <CX>122</CX>
      <CY>40</CY>
    </Size>
    <Style_VScroll>false</Style_VScroll>
    <Style_HScroll>false</Style_HScroll>
    <Style_Transparent>false</Style_Transparent>
    <TooltipReference>Pet Follow Me</TooltipReference>
    <Style_Checkbox>false</Style_Checkbox>
    <!--<RadioGroup/>-->
    <Text>Follow</Text>
    <TextColor>
      <R>255</R>
      <G>255</G>
      <B>255</B>
    </TextColor>
    <ButtonDrawTemplate>
      <Normal>A_BtnNormal</Normal>
      <Pressed>A_BtnPressed</Pressed>
      <Flyby>A_BtnFlyby</Flyby>
      <Disabled>A_BtnDisabled</Disabled>
      <PressedFlyby>A_BtnPressedFlyby</PressedFlyby>
    </ButtonDrawTemplate>
    <Font>5</Font>
  </Button>
  <Button item="PIW_TauntButton">
    <ScreenID>TauntButton</ScreenID>
    <!--<Font>3</Font>-->
    <RelativePosition>true</RelativePosition>
    <Location>
      <X>135</X>
      <Y>119</Y>
    </Location>
    <Size>
      <CX>122</CX>
      <CY>40</CY>
    </Size>
    <Style_VScroll>false</Style_VScroll>
    <Style_HScroll>false</Style_HScroll>
    <Style_Transparent>false</Style_Transparent>
    <TooltipReference>Pet Taunt</TooltipReference>
    <Style_Checkbox>false</Style_Checkbox>
    <!--<RadioGroup/>-->
    <Text>Taunt</Text>
    <TextColor>
      <R>255</R>
      <G>255</G>
      <B>255</B>
    </TextColor>
    <ButtonDrawTemplate>
      <Normal>A_BtnNormal</Normal>
      <Pressed>A_BtnPressed</Pressed>
      <Flyby>A_BtnFlyby</Flyby>
      <Disabled>A_BtnDisabled</Disabled>
      <PressedFlyby>A_BtnPressedFlyby</PressedFlyby>
    </ButtonDrawTemplate>
    <Font>5</Font>
  </Button>
  <Button item="PIW_GuardButton">
    <ScreenID>GuardButton</ScreenID>
    <!--<Font>3</Font>-->
    <RelativePosition>true</RelativePosition>
    <Location>
      <X>13</X>
      <Y>159</Y>
    </Location>
    <Size>
      <CX>122</CX>
      <CY>40</CY>
    </Size>
    <Style_VScroll>false</Style_VScroll>
    <Style_HScroll>false</Style_HScroll>
    <Style_Transparent>false</Style_Transparent>
    <TooltipReference>Pet Guard Here</TooltipReference>
    <Style_Checkbox>false</Style_Checkbox>
    <!--<RadioGroup/>-->
    <Text>Guard</Text>
    <TextColor>
      <R>255</R>
      <G>255</G>
      <B>255</B>
    </TextColor>
    <ButtonDrawTemplate>
      <Normal>A_BtnNormal</Normal>
      <Pressed>A_BtnPressed</Pressed>
      <Flyby>A_BtnFlyby</Flyby>
      <Disabled>A_BtnDisabled</Disabled>
      <PressedFlyby>A_BtnPressedFlyby</PressedFlyby>
    </ButtonDrawTemplate>
    <Font>5</Font>
  </Button>
  <Button item="PIW_SitButton">
    <ScreenID>SitButton</ScreenID>
    <!--<Font>3</Font>-->
    <RelativePosition>true</RelativePosition>
    <Location>
      <X>135</X>
      <Y>159</Y>
    </Location>
    <Size>
      <CX>122</CX>
      <CY>40</CY>
    </Size>
    <Style_VScroll>false</Style_VScroll>
    <Style_HScroll>false</Style_HScroll>
    <Style_Transparent>false</Style_Transparent>
    <TooltipReference>Pet Sit Down</TooltipReference>
    <Style_Checkbox>false</Style_Checkbox>
    <!--<RadioGroup/>-->
    <Text>Sit</Text>
    <TextColor>
      <R>255</R>
      <G>255</G>
      <B>255</B>
    </TextColor>
    <ButtonDrawTemplate>
      <Normal>A_BtnNormal</Normal>
      <Pressed>A_BtnPressed</Pressed>
      <Flyby>A_BtnFlyby</Flyby>
      <Disabled>A_BtnDisabled</Disabled>
      <PressedFlyby>A_BtnPressedFlyby</PressedFlyby>
    </ButtonDrawTemplate>
    <Font>5</Font>
  </Button>
  <!-- The stand button will ignore its own size/location and always be under the sit button (for smooth toggling) -->
  <Button item="PIW_StandButton">
    <ScreenID>StandButton</ScreenID>
    <!--<Font>3</Font>-->
    <RelativePosition>true</RelativePosition>
    <Location>
      <X>135</X>
      <Y>159</Y>
    </Location>
    <Size>
      <CX>122</CX>
      <CY>40</CY>
    </Size>
    <Style_VScroll>false</Style_VScroll>
    <Style_HScroll>false</Style_HScroll>
    <Style_Transparent>false</Style_Transparent>
    <TooltipReference>Pet Stand Up</TooltipReference>
    <Style_Checkbox>false</Style_Checkbox>
    <!--<RadioGroup/>-->
    <Text>Stand</Text>
    <TextColor>
      <R>255</R>
      <G>255</G>
      <B>255</B>
    </TextColor>
    <ButtonDrawTemplate>
      <Normal>A_BtnNormal</Normal>
      <Pressed>A_BtnPressed</Pressed>
      <Flyby>A_BtnFlyby</Flyby>
      <Disabled>A_BtnDisabled</Disabled>
      <PressedFlyby>A_BtnPressedFlyby</PressedFlyby>
    </ButtonDrawTemplate>
    <Font>5</Font>
  </Button>
  <Button item="PIW_BackButton">
    <ScreenID>BackButton</ScreenID>
    <!--<Font>3</Font>-->
    <RelativePosition>true</RelativePosition>
    <Location>
      <X>13</X>
      <Y>199</Y>
    </Location>
    <Size>
      <CX>122</CX>
      <CY>40</CY>
    </Size>
    <Style_VScroll>false</Style_VScroll>
    <Style_HScroll>false</Style_HScroll>
    <Style_Transparent>false</Style_Transparent>
    <TooltipReference>Pet Back Off</TooltipReference>
    <Style_Checkbox>false</Style_Checkbox>
    <!--<RadioGroup/>-->
    <Text>Back</Text>
    <TextColor>
      <R>255</R>
      <G>255</G>
      <B>255</B>
    </TextColor>
    <ButtonDrawTemplate>
      <Normal>A_BtnNormal</Normal>
      <Pressed>A_BtnPressed</Pressed>
      <Flyby>A_BtnFlyby</Flyby>
      <Disabled>A_BtnDisabled</Disabled>
      <PressedFlyby>A_BtnPressedFlyby</PressedFlyby>
    </ButtonDrawTemplate>
    <Font>5</Font>
  </Button>
  <Button item="PIW_LostButton">
    <ScreenID>LostButton</ScreenID>
    <!--<Font>3</Font>-->
    <RelativePosition>true</RelativePosition>
    <Location>
      <X>135</X>
      <Y>199</Y>
    </Location>
    <Size>
      <CX>122</CX>
      <CY>40</CY>
    </Size>
    <Style_VScroll>false</Style_VScroll>
    <Style_HScroll>false</Style_HScroll>
    <Style_Transparent>false</Style_Transparent>
    <TooltipReference>Pet Get Lost</TooltipReference>
    <Style_Checkbox>false</Style_Checkbox>
    <!--<RadioGroup/>-->
    <Text>Go Away</Text>
    <TextColor>
      <R>255</R>
      <G>255</G>
      <B>255</B>
    </TextColor>
    <ButtonDrawTemplate>
      <Normal>A_BtnNormal</Normal>
      <Pressed>A_BtnPressed</Pressed>
      <Flyby>A_BtnFlyby</Flyby>
      <Disabled>A_BtnDisabled</Disabled>
      <PressedFlyby>A_BtnPressedFlyby</PressedFlyby>
    </ButtonDrawTemplate>
    <Font>5</Font>
  </Button>
  <Ui2DAnimation item="PetW_GaugeFill1">
    <Cycle>true</Cycle>
    <Frames>
      <Texture>dzbars2x.png</Texture>
      <Location>
        <X>-1996</X>
        <Y>0</Y>
      </Location>
      <Size>
        <CX>10000</CX>
        <CY>40</CY>
      </Size>
      <Hotspot>
        <X>0</X>
        <Y>0</Y>
      </Hotspot>
      <Duration>1000</Duration>
    </Frames>
  </Ui2DAnimation>
  <Ui2DAnimation item="PetW_GaugeFill2">
    <Cycle>true</Cycle>
    <Frames>
      <Texture>dzbars2x.png</Texture>
      <Location>
        <X>-3996</X>
        <Y>0</Y>
      </Location>
      <Size>
        <CX>10000</CX>
        <CY>40</CY>
      </Size>
      <Hotspot>
        <X>0</X>
        <Y>0</Y>
      </Hotspot>
      <Duration>1000</Duration>
    </Frames>
  </Ui2DAnimation>
  <Ui2DAnimation item="PetW_GaugeFill3">
    <Cycle>true</Cycle>
    <Frames>
      <Texture>dzbars2x.png</Texture>
      <Location>
        <X>-5996</X>
        <Y>0</Y>
      </Location>
      <Size>
        <CX>10000</CX>
        <CY>40</CY>
      </Size>
      <Hotspot>
        <X>0</X>
        <Y>0</Y>
      </Hotspot>
      <Duration>1000</Duration>
    </Frames>
  </Ui2DAnimation>
  <Ui2DAnimation item="PetW_GaugeFill4">
    <Cycle>true</Cycle>
    <Frames>
      <Texture>dzbars2x.png</Texture>
      <Location>
        <X>-7996</X>
        <Y>0</Y>
      </Location>
      <Size>
        <CX>10000</CX>
        <CY>40</CY>
      </Size>
      <Hotspot>
        <X>0</X>
        <Y>0</Y>
      </Hotspot>
      <Duration>1000</Duration>
    </Frames>
  </Ui2DAnimation>
  <Gauge item="Pet_HP_BG">
    <RelativePosition>true</RelativePosition>
    <Location>
      <X>10</X>
      <Y>10</Y>
    </Location>
    <Size>
      <CX>250</CX>
      <CY>59</CY>
    </Size>
    <GaugeOffsetY>19</GaugeOffsetY>
    <GaugeOffsetX>26</GaugeOffsetX>
    <Text>No Pet</Text>
    <TextOffsetY>0</TextOffsetY>
    <TextOffsetX>25</TextOffsetX>
    <TextColor>
      <R>240</R>
      <G>240</G>
      <B>240</B>
    </TextColor>
    <Style_VScroll>false</Style_VScroll>
    <Style_HScroll>false</Style_HScroll>
    <Style_Transparent>false</Style_Transparent>
    <FillTint>
      <R>240</R>
      <G>0</G>
      <B>0</B>
    </FillTint>
    <LinesFillTint>
      <R>0</R>
      <G>0</G>
      <B>0</B>
    </LinesFillTint>
    <DrawLinesFill>false</DrawLinesFill>
    <EQType>16</EQType>
    <GaugeDrawTemplate>
      <Background>A_dzBackground</Background>
    </GaugeDrawTemplate>
    <Font>5</Font>
  </Gauge>
  <Gauge item="Pet_HP_0">
    <RelativePosition>true</RelativePosition>
    <Font>5</Font>
    <Location>
      <X>40</X>
      <Y>29</Y>
    </Location>
    <Size>
      <CX>200</CX>
      <CY>40</CY>
    </Size>
    <GaugeOffsetX>0</GaugeOffsetX>
    <GaugeOffsetY>0</GaugeOffsetY>
    <Text />
    <TextOffsetX>8000</TextOffsetX>
    <Style_VScroll>false</Style_VScroll>
    <Style_HScroll>false</Style_HScroll>
    <Style_Transparent>false</Style_Transparent>
    <FillTint>
      <R>240</R>
      <G>0</G>
      <B>0</B>
    </FillTint>
    <LinesFillTint>
      <R>0</R>
      <G>0</G>
      <B>0</B>
    </LinesFillTint>
    <DrawLinesFill>false</DrawLinesFill>
    <EQType>16</EQType>
    <GaugeDrawTemplate>
      <Fill>A_dzFill</Fill>
    </GaugeDrawTemplate>
  </Gauge>
  <Gauge item="Pet_HP_1A">
    <RelativePosition>true</RelativePosition>
    <Font>5</Font>
    <Location>
      <X>0</X>
      <Y>0</Y>
    </Location>
    <Size>
      <CX>8000</CX>
      <CY>40</CY>
    </Size>
    <GaugeOffsetX>-2000</GaugeOffsetX>
    <GaugeOffsetY>0</GaugeOffsetY>
    <TextOffsetX>8000</TextOffsetX>
    <Style_VScroll>false</Style_VScroll>
    <Style_HScroll>false</Style_HScroll>
    <Style_Transparent>false</Style_Transparent>
    <FillTint>
      <R>240</R>
      <G>102</G>
      <B>0</B>
    </FillTint>
    <LinesFillTint>
      <R>0</R>
      <G>0</G>
      <B>0</B>
    </LinesFillTint>
    <DrawLinesFill>false</DrawLinesFill>
    <EQType>16</EQType>
    <GaugeDrawTemplate>
      <Fill>PetW_GaugeFill1</Fill>
    </GaugeDrawTemplate>
  </Gauge>
  <Screen item="Pet_HP_1A_X">
    <Font>5</Font>
    <RelativePosition>true</RelativePosition>
    <Location>
      <X>40</X>
      <Y>29</Y>
    </Location>
    <Size>
      <CX>40</CX>
      <CY>40</CY>
    </Size>
    <Style_Transparent>true</Style_Transparent>
    <Pieces>Pet_HP_1A</Pieces>
  </Screen>
  <Gauge item="Pet_HP_1B">
    <RelativePosition>true</RelativePosition>
    <Font>5</Font>
    <Location>
      <X>80</X>
      <Y>29</Y>
    </Location>
    <Size>
      <CX>160</CX>
      <CY>40</CY>
    </Size>
    <GaugeOffsetX>-40</GaugeOffsetX>
    <GaugeOffsetY>0</GaugeOffsetY>
    <Text />
    <TextOffsetY>8000</TextOffsetY>
    <Style_VScroll>false</Style_VScroll>
    <Style_HScroll>false</Style_HScroll>
    <Style_Transparent>false</Style_Transparent>
    <FillTint>
      <R>240</R>
      <G>102</G>
      <B>0</B>
    </FillTint>
    <LinesFillTint>
      <R>0</R>
      <G>0</G>
      <B>0</B>
    </LinesFillTint>
    <DrawLinesFill>false</DrawLinesFill>
    <EQType>16</EQType>
    <GaugeDrawTemplate>
      <Fill>A_dzFill</Fill>
    </GaugeDrawTemplate>
  </Gauge>
  <Gauge item="Pet_HP_2A">
    <RelativePosition>true</RelativePosition>
    <Font>5</Font>
    <Location>
      <X>0</X>
      <Y>0</Y>
    </Location>
    <Size>
      <CX>6000</CX>
      <CY>40</CY>
    </Size>
    <GaugeOffsetX>-4000</GaugeOffsetX>
    <GaugeOffsetY>0</GaugeOffsetY>
    <TextOffsetX>8000</TextOffsetX>
    <Style_VScroll>false</Style_VScroll>
    <Style_HScroll>false</Style_HScroll>
    <Style_Transparent>false</Style_Transparent>
    <FillTint>
      <R>240</R>
      <G>240</G>
      <B>0</B>
    </FillTint>
    <LinesFillTint>
      <R>0</R>
      <G>0</G>
      <B>0</B>
    </LinesFillTint>
    <DrawLinesFill>false</DrawLinesFill>
    <EQType>16</EQType>
    <GaugeDrawTemplate>
      <Fill>PetW_GaugeFill2</Fill>
    </GaugeDrawTemplate>
  </Gauge>
  <Screen item="Pet_HP_2A_X">
    <RelativePosition>true</RelativePosition>
    <Font>5</Font>
    <Location>
      <X>40</X>
      <Y>29</Y>
    </Location>
    <Size>
      <CX>80</CX>
      <CY>40</CY>
    </Size>
    <Style_Transparent>true</Style_Transparent>
    <Pieces>Pet_HP_2A</Pieces>
  </Screen>
  <Gauge item="Pet_HP_2B">
    <RelativePosition>true</RelativePosition>
    <Font>5</Font>
    <Location>
      <X>120</X>
      <Y>29</Y>
    </Location>
    <Size>
      <CX>120</CX>
      <CY>40</CY>
    </Size>
    <GaugeOffsetX>-80</GaugeOffsetX>
    <GaugeOffsetY>0</GaugeOffsetY>
    <Text />
    <TextOffsetY>8000</TextOffsetY>
    <Style_VScroll>false</Style_VScroll>
    <Style_HScroll>false</Style_HScroll>
    <Style_Transparent>false</Style_Transparent>
    <FillTint>
      <R>240</R>
      <G>240</G>
      <B>0</B>
    </FillTint>
    <LinesFillTint>
      <R>0</R>
      <G>0</G>
      <B>0</B>
    </LinesFillTint>
    <DrawLinesFill>false</DrawLinesFill>
    <EQType>16</EQType>
    <GaugeDrawTemplate>
      <Fill>A_dzFill</Fill>
    </GaugeDrawTemplate>
  </Gauge>
  <Gauge item="Pet_HP_3A">
    <RelativePosition>true</RelativePosition>
    <Font>5</Font>
    <Location>
      <X>0</X>
      <Y>0</Y>
    </Location>
    <Size>
      <CX>4000</CX>
      <CY>40</CY>
    </Size>
    <GaugeOffsetX>-6000</GaugeOffsetX>
    <GaugeOffsetY>0</GaugeOffsetY>
    <TextOffsetX>8000</TextOffsetX>
    <Style_VScroll>false</Style_VScroll>
    <Style_HScroll>false</Style_HScroll>
    <Style_Transparent>false</Style_Transparent>
    <FillTint>
      <R>173</R>
      <G>255</G>
      <B>47</B>
    </FillTint>
    <LinesFillTint>
      <R>0</R>
      <G>0</G>
      <B>0</B>
    </LinesFillTint>
    <DrawLinesFill>false</DrawLinesFill>
    <EQType>16</EQType>
    <GaugeDrawTemplate>
      <Fill>PetW_GaugeFill3</Fill>
    </GaugeDrawTemplate>
  </Gauge>
  <Screen item="Pet_HP_3A_X">
    <RelativePosition>true</RelativePosition>
    <Font>5</Font>
    <Location>
      <X>40</X>
      <Y>29</Y>
    </Location>
    <Size>
      <CX>120</CX>
      <CY>40</CY>
    </Size>
    <Style_Transparent>true</Style_Transparent>
    <Pieces>Pet_HP_3A</Pieces>
  </Screen>
  <Gauge item="Pet_HP_3B">
    <RelativePosition>true</RelativePosition>
    <Font>5</Font>
    <Location>
      <X>160</X>
      <Y>29</Y>
    </Location>
    <Size>
      <CX>80</CX>
      <CY>40</CY>
    </Size>
    <GaugeOffsetX>-120</GaugeOffsetX>
    <GaugeOffsetY>0</GaugeOffsetY>
    <Text />
    <TextOffsetY>8000</TextOffsetY>
    <Style_VScroll>false</Style_VScroll>
    <Style_HScroll>false</Style_HScroll>
    <Style_Transparent>false</Style_Transparent>
    <FillTint>
      <R>173</R>
      <G>255</G>
      <B>47</B>
    </FillTint>
    <LinesFillTint>
      <R>0</R>
      <G>0</G>
      <B>0</B>
    </LinesFillTint>
    <DrawLinesFill>false</DrawLinesFill>
    <EQType>16</EQType>
    <GaugeDrawTemplate>
      <Fill>A_dzFill</Fill>
    </GaugeDrawTemplate>
  </Gauge>
  <Gauge item="Pet_HP_4A">
    <RelativePosition>true</RelativePosition>
    <Font>5</Font>
    <Location>
      <X>0</X>
      <Y>0</Y>
    </Location>
    <Size>
      <CX>2000</CX>
      <CY>40</CY>
    </Size>
    <GaugeOffsetX>-8000</GaugeOffsetX>
    <GaugeOffsetY>0</GaugeOffsetY>
    <TextOffsetX>8000</TextOffsetX>
    <Style_VScroll>false</Style_VScroll>
    <Style_HScroll>false</Style_HScroll>
    <Style_Transparent>false</Style_Transparent>
    <FillTint>
      <R>0</R>
      <G>240</G>
      <B>0</B>
    </FillTint>
    <LinesFillTint>
      <R>0</R>
      <G>0</G>
      <B>0</B>
    </LinesFillTint>
    <DrawLinesFill>false</DrawLinesFill>
    <EQType>16</EQType>
    <GaugeDrawTemplate>
      <Fill>PetW_GaugeFill4</Fill>
    </GaugeDrawTemplate>
  </Gauge>
  <Screen item="Pet_HP_4A_X">
    <RelativePosition>true</RelativePosition>
    <Font>5</Font>
    <Location>
      <X>40</X>
      <Y>29</Y>
    </Location>
    <Size>
      <CX>160</CX>
      <CY>40</CY>
    </Size>
    <Style_Transparent>true</Style_Transparent>
    <Pieces>Pet_HP_4A</Pieces>
  </Screen>
  <Gauge item="Pet_HP_4B">
    <RelativePosition>true</RelativePosition>
    <Font>5</Font>
    <Location>
      <X>200</X>
      <Y>29</Y>
    </Location>
    <Size>
      <CX>40</CX>
      <CY>40</CY>
    </Size>
    <GaugeOffsetX>-160</GaugeOffsetX>
    <GaugeOffsetY>0</GaugeOffsetY>
    <Text />
    <TextOffsetY>8000</TextOffsetY>
    <Style_VScroll>false</Style_VScroll>
    <Style_HScroll>false</Style_HScroll>
    <Style_Transparent>false</Style_Transparent>
    <FillTint>
      <R>0</R>
      <G>240</G>
      <B>0</B>
    </FillTint>
    <LinesFillTint>
      <R>0</R>
      <G>0</G>
      <B>0</B>
    </LinesFillTint>
    <DrawLinesFill>false</DrawLinesFill>
    <EQType>16</EQType>
    <GaugeDrawTemplate>
      <Fill>A_dzFill</Fill>
    </GaugeDrawTemplate>
  </Gauge>
  <Label item="PIW_Pet_HPLabel">
    <ScreenID>PIW_PetHPLabel</ScreenID>
    <Font>4</Font>
    <EQType>69</EQType>
    <RelativePosition>true</RelativePosition>
    <Location>
      <X>5</X>
      <Y>48</Y>
    </Location>
    <Size>
      <CX>30</CX>
      <CY>15</CY>
    </Size>
    <Text>100</Text>
    <TextColor>
      <R>255</R>
      <G>255</G>
      <B>255</B>
    </TextColor>
    <NoWrap>true</NoWrap>
    <AlignCenter>false</AlignCenter>
    <AlignRight>true</AlignRight>
  </Label>
  <Label item="PIW_Pet_HPPercLabel">
    <ScreenID>PIW_PetHPPercLabel</ScreenID>
    <Font>1</Font>
    <RelativePosition>true</RelativePosition>
    <Location>
      <X>114</X>
      <Y>-32</Y>
    </Location>
    <Size>
      <CX>1</CX>
      <CY>1</CY>
    </Size>
    <Text>%</Text>
    <TextColor>
      <R>255</R>
      <G>255</G>
      <B>255</B>
    </TextColor>
    <NoWrap>true</NoWrap>
    <AlignCenter>false</AlignCenter>
    <AlignRight>false</AlignRight>
  </Label>
  <Button item="PIW_PetBuff0_Button">
    <ScreenID>PetBuff0</ScreenID>
    <Size>
      <CX>1</CX>
      <CY>1</CY>
    </Size>
  </Button>
  <Button item="PIW_PetBuff1_Button">
    <ScreenID>PetBuff1</ScreenID>
    <Size>
      <CX>1</CX>
      <CY>1</CY>
    </Size>
  </Button>
  <Button item="PIW_PetBuff2_Button">
    <ScreenID>PetBuff2</ScreenID>
    <Size>
      <CX>1</CX>
      <CY>1</CY>
    </Size>
  </Button>
  <Button item="PIW_PetBuff3_Button">
    <ScreenID>PetBuff3</ScreenID>
    <Size>
      <CX>1</CX>
      <CY>1</CY>
    </Size>
  </Button>
  <Button item="PIW_PetBuff4_Button">
    <ScreenID>PetBuff4</ScreenID>
    <Size>
      <CX>1</CX>
      <CY>1</CY>
    </Size>
  </Button>
  <Button item="PIW_PetBuff5_Button">
    <ScreenID>PetBuff5</ScreenID>
    <Size>
      <CX>1</CX>
      <CY>1</CY>
    </Size>
  </Button>
  <Button item="PIW_PetBuff6_Button">
    <ScreenID>PetBuff6</ScreenID>
    <Size>
      <CX>1</CX>
      <CY>1</CY>
    </Size>
  </Button>
  <Button item="PIW_PetBuff7_Button">
    <ScreenID>PetBuff7</ScreenID>
    <Size>
      <CX>1</CX>
      <CY>1</CY>
    </Size>
  </Button>
  <Button item="PIW_PetBuff8_Button">
    <ScreenID>PetBuff8</ScreenID>
    <Size>
      <CX>1</CX>
      <CY>1</CY>
    </Size>
  </Button>
  <Button item="PIW_PetBuff9_Button">
    <ScreenID>PetBuff9</ScreenID>
    <Size>
      <CX>1</CX>
      <CY>1</CY>
    </Size>
  </Button>
  <Button item="PIW_PetBuff10_Button">
    <ScreenID>PetBuff10</ScreenID>
    <Size>
      <CX>1</CX>
      <CY>1</CY>
    </Size>
  </Button>
  <Button item="PIW_PetBuff11_Button">
    <ScreenID>PetBuff11</ScreenID>
    <Size>
      <CX>1</CX>
      <CY>1</CY>
    </Size>
  </Button>
  <Button item="PIW_PetBuff12_Button">
    <ScreenID>PetBuff12</ScreenID>
    <Size>
      <CX>1</CX>
      <CY>1</CY>
    </Size>
  </Button>
  <Button item="PIW_PetBuff13_Button">
    <ScreenID>PetBuff13</ScreenID>
    <Size>
      <CX>1</CX>
      <CY>1</CY>
    </Size>
  </Button>
  <Button item="PIW_PetBuff14_Button">
    <ScreenID>PetBuff14</ScreenID>
    <Size>
      <CX>1</CX>
      <CY>1</CY>
    </Size>
  </Button>
  <Button item="PIW_PetBuff15_Button">
    <ScreenID>PetBuff15</ScreenID>
    <Size>
      <CX>1</CX>
      <CY>1</CY>
    </Size>
  </Button>
  <Button item="PIW_PetBuff16_Button">
    <ScreenID>PetBuff16</ScreenID>
    <Size>
      <CX>1</CX>
      <CY>1</CY>
    </Size>
  </Button>
  <Button item="PIW_PetBuff17_Button">
    <ScreenID>PetBuff17</ScreenID>
    <Size>
      <CX>1</CX>
      <CY>1</CY>
    </Size>
  </Button>
  <Button item="PIW_PetBuff18_Button">
    <ScreenID>PetBuff18</ScreenID>
    <Size>
      <CX>1</CX>
      <CY>1</CY>
    </Size>
  </Button>
  <Button item="PIW_PetBuff19_Button">
    <ScreenID>PetBuff19</ScreenID>
    <Size>
      <CX>1</CX>
      <CY>1</CY>
    </Size>
  </Button>
  <Button item="PIW_PetBuff20_Button">
    <ScreenID>PetBuff20</ScreenID>
    <Size>
      <CX>1</CX>
      <CY>1</CY>
    </Size>
  </Button>
  <Button item="PIW_PetBuff21_Button">
    <ScreenID>PetBuff21</ScreenID>
    <Size>
      <CX>1</CX>
      <CY>1</CY>
    </Size>
  </Button>
  <Button item="PIW_PetBuff22_Button">
    <ScreenID>PetBuff22</ScreenID>
    <Size>
      <CX>1</CX>
      <CY>1</CY>
    </Size>
  </Button>
  <Button item="PIW_PetBuff23_Button">
    <ScreenID>PetBuff23</ScreenID>
    <Size>
      <CX>1</CX>
      <CY>1</CY>
    </Size>
  </Button>
  <Button item="PIW_PetBuff24_Button">
    <ScreenID>PetBuff24</ScreenID>
    <Size>
      <CX>1</CX>
      <CY>1</CY>
    </Size>
  </Button>
  <Button item="PIW_PetBuff25_Button">
    <ScreenID>PetBuff25</ScreenID>
    <Size>
      <CX>1</CX>
      <CY>1</CY>
    </Size>
  </Button>
  <Button item="PIW_PetBuff26_Button">
    <ScreenID>PetBuff26</ScreenID>
    <Size>
      <CX>1</CX>
      <CY>1</CY>
    </Size>
  </Button>
  <Button item="PIW_PetBuff27_Button">
    <ScreenID>PetBuff27</ScreenID>
    <Size>
      <CX>1</CX>
      <CY>1</CY>
    </Size>
  </Button>
  <Button item="PIW_PetBuff28_Button">
    <ScreenID>PetBuff28</ScreenID>
    <Size>
      <CX>1</CX>
      <CY>1</CY>
    </Size>
  </Button>
  <Button item="PIW_PetBuff29_Button">
    <ScreenID>PetBuff29</ScreenID>
    <Size>
      <CX>1</CX>
      <CY>1</CY>
    </Size>
  </Button>
  <Screen item="PIW_BuffWindow">
    <ScreenID>BuffWindow</ScreenID>
    <RelativePosition>true</RelativePosition>
    <AutoStretch>true</AutoStretch>
    <Location>
      <X>-5000</X>
      <Y>0</Y>
    </Location>
    <Size>
      <CX>0</CX>
      <CY>0</CY>
    </Size>
    <Style_VScroll>false</Style_VScroll>
    <Style_HScroll>false</Style_HScroll>
    <Style_Transparent>true</Style_Transparent>
    <DrawTemplate>WDT_Inner</DrawTemplate>
    <Style_Titlebar>false</Style_Titlebar>
    <Style_Closebox>false</Style_Closebox>
    <Style_Minimizebox>false</Style_Minimizebox>
    <Style_Border>true</Style_Border>
    <Style_Sizable>false</Style_Sizable>
    <Pieces>PIW_PetBuff0_Button</Pieces>
    <Pieces>PIW_PetBuff1_Button</Pieces>
    <Pieces>PIW_PetBuff2_Button</Pieces>
    <Pieces>PIW_PetBuff3_Button</Pieces>
    <Pieces>PIW_PetBuff4_Button</Pieces>
    <Pieces>PIW_PetBuff5_Button</Pieces>
    <Pieces>PIW_PetBuff6_Button</Pieces>
    <Pieces>PIW_PetBuff7_Button</Pieces>
    <Pieces>PIW_PetBuff8_Button</Pieces>
    <Pieces>PIW_PetBuff9_Button</Pieces>
    <Pieces>PIW_PetBuff10_Button</Pieces>
    <Pieces>PIW_PetBuff11_Button</Pieces>
    <Pieces>PIW_PetBuff12_Button</Pieces>
    <Pieces>PIW_PetBuff13_Button</Pieces>
    <Pieces>PIW_PetBuff14_Button</Pieces>
    <Pieces>PIW_PetBuff15_Button</Pieces>
    <Pieces>PIW_PetBuff16_Button</Pieces>
    <Pieces>PIW_PetBuff17_Button</Pieces>
    <Pieces>PIW_PetBuff18_Button</Pieces>
    <Pieces>PIW_PetBuff19_Button</Pieces>
    <Pieces>PIW_PetBuff20_Button</Pieces>
    <Pieces>PIW_PetBuff21_Button</Pieces>
    <Pieces>PIW_PetBuff22_Button</Pieces>
    <Pieces>PIW_PetBuff23_Button</Pieces>
    <Pieces>PIW_PetBuff24_Button</Pieces>
    <Pieces>PIW_PetBuff25_Button</Pieces>
    <Pieces>PIW_PetBuff26_Button</Pieces>
    <Pieces>PIW_PetBuff27_Button</Pieces>
    <Pieces>PIW_PetBuff28_Button</Pieces>
    <Pieces>PIW_PetBuff29_Button</Pieces>
    <RightAnchorOffset>-26</RightAnchorOffset>
    <BottomAnchorOffset>6</BottomAnchorOffset>
    <LeftAnchorOffset>-27</LeftAnchorOffset>
    <TopAnchorOffset>5</TopAnchorOffset>
  </Screen>
  <Screen item="PetInfoWindow">
    <!--<ScreenID/>-->
    <RelativePosition>false</RelativePosition>
    <Location>
      <X>50</X>
      <Y>160</Y>
    </Location>
    <Size>
      <CX>278</CX>
      <CY>260</CY>
    </Size>
    <Style_VScroll>false</Style_VScroll>
    <Style_HScroll>false</Style_HScroll>
    <Style_Transparent>false</Style_Transparent>
    <!--<TooltipReference/>-->
    <Text>Pet Info</Text>
    <DrawTemplate>WDT_RoundedNoTitle</DrawTemplate>
    <Style_Titlebar>false</Style_Titlebar>
    <Style_Closebox>true</Style_Closebox>
    <Style_Minimizebox>true</Style_Minimizebox>
    <Style_Border>true</Style_Border>
    <Style_Sizable>false</Style_Sizable>
    <Pieces>PIW_BuffWindow</Pieces>
    <Pieces>PIW_AttackButton</Pieces>
    <Pieces>PIW_LostButton</Pieces>
    <Pieces>PIW_BackButton</Pieces>
    <Pieces>PIW_GuardButton</Pieces>
    <Pieces>PIW_FollowButton</Pieces>
    <Pieces>PIW_TauntButton</Pieces>
    <Pieces>PIW_SitButton</Pieces>
    <Pieces>PIW_StandButton</Pieces>
    <!-- Gauge -->
    <Pieces>Pet_HP_BG</Pieces>
    <Pieces>Pet_HP_0</Pieces>
    <Pieces>Pet_HP_1A_X</Pieces>
    <Pieces>Pet_HP_1B</Pieces>
    <Pieces>Pet_HP_2A_X</Pieces>
    <Pieces>Pet_HP_2B</Pieces>
    <Pieces>Pet_HP_3A_X</Pieces>
    <Pieces>Pet_HP_3B</Pieces>
    <Pieces>Pet_HP_4A_X</Pieces>
    <Pieces>Pet_HP_4B</Pieces>
    <!-- End -->
    <Pieces>PIW_Pet_HPLabel</Pieces>
    <Pieces>PIW_Pet_HPPercLabel</Pieces>
  </Screen>
</XML>