<?xml version = "1.0"?>
<XML ID = "EQInterfaceDefinitionLanguage">
	<Schema xmlns = "EverQuestData" xmlns:dt = "EverQuestDataTypes"/>

<!-- current hit points -->
 <!-- Gauge Graphics -->

  <TextureInfo item="Player_Window.tga">
    <Size>
      <CX>512</CX>
      <CY>128</CY>
    </Size>
  </TextureInfo>
  <Ui2DAnimation item="A_GaugeBackgroundPlayer">
    <Cycle>true</Cycle>
    <Frames>
      <Texture>Player_Window.tga</Texture>
      <Location>
        <X>0</X>
        <Y>0</Y>
      </Location>
      <Size>
        <CX>302</CX>
        <CY>16</CY>
      </Size>
      <Hotspot>
        <X>0</X>
        <Y>0</Y>
      </Hotspot>
      <Duration>1000</Duration>
    </Frames>
  </Ui2DAnimation>
  
  <Ui2DAnimation item="A_GaugeFillPlayer">
    <Cycle>true</Cycle>
    <Frames>
      <Texture>Player_Window.tga</Texture>
      <Location>
        <X>0</X>
        <Y>16</Y>
      </Location>
      <Size>
        <CX>302</CX>
        <CY>16</CY>
      </Size>
      <Hotspot>
        <X>0</X>
        <Y>0</Y>
      </Hotspot>
      <Duration>1000</Duration>
    </Frames>
  </Ui2DAnimation>
  
  <Ui2DAnimation item="A_GaugeBackgroundSmall">
    <Cycle>true</Cycle>
    <Frames>
      <Texture>Player_Window.tga</Texture>
      <Location>
        <X>0</X>
        <Y>40</Y>
      </Location>
      <Size>
        <CX>150</CX>
        <CY>8</CY>
      </Size>
      <Hotspot>
        <X>0</X>
        <Y>0</Y>
      </Hotspot>
      <Duration>1000</Duration>
    </Frames>
  </Ui2DAnimation>
  
  <Ui2DAnimation item="A_GaugeFillSmall">
    <Cycle>true</Cycle>
    <Frames>
      <Texture>Player_Window.tga</Texture>
      <Location>
        <X>0</X>
        <Y>48</Y>
      </Location>
      <Size>
        <CX>150</CX>
        <CY>8</CY>
      </Size>
      <Hotspot>
        <X>0</X>
        <Y>0</Y>
      </Hotspot>
      <Duration>1000</Duration>
    </Frames>
  </Ui2DAnimation>
  <!-- End Gauge Graphics -->




    <Label item ="Player_CurrentHP">
		<ScreenID>HPNumber</ScreenID>
		<EQType>70</EQType>
		<Font>5</Font>
		<RelativePosition>true</RelativePosition>
		<Location>
			<X>76</X>
			<Y>5</Y>
		</Location>
		<Size>
			<CX>168</CX>
			<CY>16</CY>
		</Size>
		<TextColor>
				<R>255</R>
				<G>255</G>
				<B>255</B>
		</TextColor>
		<AlignCenter>true</AlignCenter>
	</Label>

<!-- player hp gauge -->

	<Gauge item = "Player_HP">
		<ScreenID>PlayerHP</ScreenID>
		<Font>2</Font>
    <TextColor>
      <R>240</R>
      <G>240</G>
      <B>240</B>
    </TextColor>
    <RelativePosition>true</RelativePosition>
    <Location>
      <X>8</X>
      <Y>26</Y>
    </Location>
    <Size>
      <CX>381</CX>
      <CY>20</CY>
    </Size>
    <GaugeOffsetX>0</GaugeOffsetX>
    <GaugeOffsetY>0</GaugeOffsetY>
    <TextOffsetX>500</TextOffsetX>
    <Style_VScroll>false</Style_VScroll>
    <Style_HScroll>false</Style_HScroll>
    <Style_Transparent>false</Style_Transparent>
    <TooltipReference />
    <FillTint>
      <R>0</R>
      <G>240</G>
      <B>80</B>
    </FillTint>
    <LinesFillTint>
      <R>240</R>
      <G>105</G>
      <B>85</B>
    </LinesFillTint>
    <DrawLinesFill>false</DrawLinesFill>
    <EQType>1</EQType>
		<GaugeDrawTemplate>
			<Background>A_GaugeBackgroundPlayer</Background>
			  <Fill>A_GaugeFillPlayer</Fill>
    </GaugeDrawTemplate>
    <TextOffsetY>500</TextOffsetY>
  </Gauge>
  
<!-- player hp percent -->

    <Label item ="Player_HPPercent">
		<ScreenID>HPPercentage</ScreenID>
		<EQType>19</EQType>
	  <Font>5</Font>
    <RelativePosition>true</RelativePosition>
    <Location>
      <X>310</X>
      <Y>25</Y>
    </Location>
    <Size>
      <CX>35</CX>
      <CY>18</CY>
    </Size>
    <TextColor>
      <R>220</R>
      <G>220</G>
      <B>220</B>
    </TextColor>
    <NoWrap>true</NoWrap>
    <AlignCenter>true</AlignCenter>
    <AlignRight>false</AlignRight>
    <AlignLeft>false</AlignLeft>
    <Text>100</Text>
  </Label>

  <Label item="Player_HPPercLabel">
    <ScreenID>HPPercLabel</ScreenID>
    <Font>5</Font>
    <RelativePosition>true</RelativePosition>
    <Location>
      <X>342</X>
      <Y>25</Y>
    </Location>
    <Size>
      <CX>18</CX>
      <CY>18</CY>
    </Size>
    <Text>%</Text>
    <TextColor>
      <R>220</R>
      <G>220</G>
      <B>220</B>
    </TextColor>
    <NoWrap>true</NoWrap>
    <AlignCenter>true</AlignCenter>
    <AlignRight>false</AlignRight>
    <AlignLeft>true</AlignLeft>
  </Label>
<!-- pet hp gauge -->

	<Gauge item = "Pet_HP">
		<ScreenID>PetHP</ScreenID>
		<EQType>16</EQType>
		<RelativePosition>true</RelativePosition>
		 <TextColor>
      <R>0</R>
      <G>240</G>
      <B>0</B>
    </TextColor>
    <RelativePosition>false</RelativePosition>
  <Location>
			<X>5</X>
			<Y>-100</Y>
		</Location>
		<Size>
			<CX>0</CX>
			<CY>0</CY>
		</Size>
		<GaugeOffsetY>0</GaugeOffsetY>
    <TextOffsetX>-500</TextOffsetX>
    <Style_VScroll>false</Style_VScroll>
    <Style_HScroll>false</Style_HScroll>
    <Style_Transparent>false</Style_Transparent>
    <TooltipReference />
    <FillTint>
      <R>240</R>
      <G>0</G>
      <B>0</B>
    </FillTint>
    <LinesFillTint>
      <R>240</R>
      <G>105</G>
      <B>85</B>
    </LinesFillTint>
    <DrawLinesFill>false</DrawLinesFill>
    <EQType>1</EQType>
		<GaugeDrawTemplate>
			<Fill>A_GaugeFillPlayer</Fill>
    </GaugeDrawTemplate>
  </Gauge>

  <Label item="Player_Name">
    <RelativePosition>true</RelativePosition>
    <Font>5</Font>
    <EQType>1</EQType>
    <Location>
      <X>10</X>
      <Y>5</Y>
    </Location>
    <Size>
      <CX>226</CX>
      <CY>23</CY>
    </Size>
    <Text>Playername</Text>
    <TextColor>
      <R>255</R>
      <G>255</G>
      <B>255</B>
      <Alpha>255</Alpha>
    </TextColor>
    <Style_VScroll>false</Style_VScroll>
    <Style_HScroll>false</Style_HScroll>
    <Style_Transparent>true</Style_Transparent>
    <AlignLeft>true</AlignLeft>
  </Label>


<!-- player mana gauge -->

	<Gauge item = "Player_Mana">
		<ScreenID>PlayerMana</ScreenID>
		<EQType>2</EQType>
		<RelativePosition>true</RelativePosition>
		<Location>
			<X>8</X>
			<Y>46</Y>
		</Location>
		 <Size>
      <CX>382</CX>
      <CY>20</CY>
    </Size>
    <GaugeOffsetX>0</GaugeOffsetX>
    <GaugeOffsetY>0</GaugeOffsetY>
    <TextOffsetX>500</TextOffsetX>
    <Style_VScroll>false</Style_VScroll>
    <Style_HScroll>false</Style_HScroll>
    <Style_Transparent>false</Style_Transparent>
    <TooltipReference />
    <FillTint>
      <R>0</R>
      <G>120</G>
      <B>240</B>
    </FillTint>
    <LinesFillTint>
      <R>240</R>
      <G>105</G>
      <B>85</B>
    </LinesFillTint>
    <DrawLinesFill>false</DrawLinesFill>
    <EQType>1</EQType>
		<GaugeDrawTemplate>
			<Background>A_GaugeBackgroundPlayer</Background>
			  <Fill>A_GaugeFillPlayer</Fill>
    </GaugeDrawTemplate>
    <TextOffsetY>500</TextOffsetY>
  </Gauge>

<!-- player mana percent -->

    <Label item ="Player_ManaPercent">
        <ScreenID>ManaPercentage</ScreenID>
		<EQType>20</EQType>
		<Font>5</Font>
		<RelativePosition>true</RelativePosition>
		<Location>
			<X>310</X>
			<Y>45</Y>
		</Location>
		<Size>
			<CX>35</CX>
			<CY>18</CY>
		</Size>
		<TextColor>
				<R>255</R>
				<G>255</G>
				<B>255</B>
		</TextColor>
		<NoWrap>true</NoWrap>
    <AlignCenter>true</AlignCenter>
    <AlignRight>false</AlignRight>
    <AlignLeft>false</AlignLeft>
    <Text>100</Text>
  </Label>
  
  <Label item="Player_MPPercLabel">
    <ScreenID>HPPercLabel</ScreenID>
    <Font>5</Font>
    <RelativePosition>true</RelativePosition>
    <Location>
      <X>342</X>
      <Y>45</Y>
    </Location>
    <Size>
      <CX>18</CX>
      <CY>18</CY>
    </Size>
    <Text>%</Text>
    <TextColor>
      <R>220</R>
      <G>220</G>
      <B>220</B>
    </TextColor>
    <NoWrap>true</NoWrap>
    <AlignCenter>true</AlignCenter>
    <AlignRight>false</AlignRight>
    <AlignLeft>true</AlignLeft>
  </Label>

<!-- player fatigue gauge -->

	<Gauge item = "Player_Fatigue">
		<ScreenID>PlayerFatigue</ScreenID>
		<EQType>3</EQType>
		<RelativePosition>true</RelativePosition>
		<Location>
			<X>8</X>
			<Y>70</Y>
		</Location>
		<Size>
      <CX>180</CX>
      <CY>8</CY>
    </Size>
    <GaugeOffsetY>0</GaugeOffsetY>
    <GaugeOffsetX>0</GaugeOffsetX>
    <Style_VScroll>false</Style_VScroll>
    <Style_HScroll>false</Style_HScroll>
    <Style_Transparent>false</Style_Transparent>
    <!--<TooltipReference/>-->
    <FillTint>
      <R>255</R>
      <G>255</G>
      <B>0</B>
    </FillTint>
    <LinesFillTint>
      <R>0</R>
      <G>80</G>
      <B>220</B>
    </LinesFillTint>
      <DrawLinesFill>true</DrawLinesFill>
		<GaugeDrawTemplate>
			<Background>A_GaugeBackgroundSmall</Background>
			  <Fill>A_GaugeFillSmall</Fill>
    </GaugeDrawTemplate>
  </Gauge>
	
<Gauge item="PW_ExpGauge">
    <ScreenID>ExpGauge</ScreenID>
    <!--<Font>3</Font>-->
    <RelativePosition>true</RelativePosition>
    <Location>
      <X>158</X>
      <Y>70</Y>
    </Location>
    <Size>
      <CX>180</CX>
      <CY>16</CY>
    </Size>
    <GaugeOffsetY>0</GaugeOffsetY>
    <GaugeOffsetX>3</GaugeOffsetX>
    <Style_VScroll>false</Style_VScroll>
    <Style_HScroll>false</Style_HScroll>
    <Style_Transparent>false</Style_Transparent>
    <!--<TooltipReference/>-->
    <FillTint>
      <R>220</R>
      <G>150</G>
      <B>0</B>
    </FillTint>
    <LinesFillTint>
      <R>0</R>
      <G>80</G>
      <B>220</B>
    </LinesFillTint>
    <EQType>4</EQType>  
    <DrawLinesFill>true</DrawLinesFill>
		<GaugeDrawTemplate>
			<Background>A_GaugeBackgroundSmall</Background>
			  <Fill>A_GaugeFillSmall</Fill>
    </GaugeDrawTemplate>
  </Gauge>
  
  <Label item="PW_EXP_Percentage">
    <Font>5</Font>
    <EQType>26</EQType>
    <RelativePosition>true</RelativePosition>
    <Location>
      <X>281</X>
      <Y>64</Y>
    </Location>
    <Size>
      <CX>60</CX>
      <CY>18</CY>
    </Size>
    <Text>Playername123456</Text>
    <TextColor>
      <R>240</R>
      <G>240</G>
      <B>240</B>
    </TextColor>
    <NoWrap>true</NoWrap>
    <AlignCenter>false</AlignCenter>
    <AlignRight>true</AlignRight>
  </Label>
  
    <Label item="Player_EXPPercLabel">
    <ScreenID>HPPercLabel</ScreenID>
    <Font>5</Font>
    <RelativePosition>true</RelativePosition>
    <Location>
      <X>342</X>
      <Y>64</Y>
    </Location>
    <Size>
      <CX>18</CX>
      <CY>18</CY>
    </Size>
    <Text>%</Text>
    <TextColor>
      <R>220</R>
      <G>220</G>
      <B>220</B>
    </TextColor>
    <NoWrap>true</NoWrap>
    <AlignCenter>true</AlignCenter>
    <AlignRight>false</AlignRight>
    <AlignLeft>true</AlignLeft>
  </Label>
<!-- player fatigue percent -->

    <Label item ="Player_FatiguePercent">
		<ScreenID>StaminaPercentage</ScreenID>
		<EQType>21</EQType>
		<Font>5</Font>
		<RelativePosition>true</RelativePosition>
		<Location>
			<X>-155</X>
			<Y>75</Y>
		</Location>
		<Size>
			<CX>60</CX>
			<CY>18</CY>
		</Size>
		<TextColor>
				<R>255</R>
				<G>255</G>
				<B>0</B>
		</TextColor>
		<AlignRight>true</AlignRight>
	</Label>
	
	  <Label item="Player_FatPercLabel2">
    <ScreenID>HPPercLabel</ScreenID>
    <Font>3</Font>
    <RelativePosition>true</RelativePosition>
    <Location>
      <X>168</X>
      <Y>80</Y>
    </Location>
    <Size>
      <CX>28</CX>
      <CY>18</CY>
    </Size>
    <Text>%</Text>
    <TextColor>
      <R>220</R>
      <G>220</G>
      <B>220</B>
    </TextColor>
    <NoWrap>true</NoWrap>
    <AlignCenter>true</AlignCenter>
    <AlignRight>false</AlignRight>
    <AlignLeft>true</AlignLeft>
  </Label>
  
	<Screen item = "PlayerWindow">
		<RelativePosition>false</RelativePosition>
		<Location>
			<X>444</X>
			<Y>0</Y>
		</Location>
		<Size>
			<CX>372</CX>
			<CY>94</CY>
		</Size>
		<DrawTemplate>WDT_RoundedNoTitle</DrawTemplate>
		<Style_Titlebar>false</Style_Titlebar>
		<Style_Closebox>false</Style_Closebox>
		<Style_Minimizebox>false</Style_Minimizebox>
		<Style_Border>true</Style_Border>
		<Style_Sizable>false</Style_Sizable>
		<Pieces>Player_CurrentHP</Pieces>
		<Pieces>Player_HP</Pieces>
		<Pieces>Player_HPPercent</Pieces>
		<Pieces>Pet_HP</Pieces>
		<Pieces>Player_Mana</Pieces>
		<Pieces>Player_ManaPercent</Pieces>
		<Pieces>Player_Fatigue</Pieces>
		<Pieces>Player_FatiguePercent</Pieces>
		<Pieces>Player_HPPercLabel</Pieces>
		<Pieces>Player_MPPercLabel</Pieces>
		<Pieces>Player_EXPPercLabel</Pieces>
		 <Pieces>PW_ExpGauge</Pieces>
		 <Pieces>PW_EXP_Percentage</Pieces>
		 <pieces>Player_FatPercLabel</pieces>
		<Pieces>Player_Name</Pieces>
		</Screen>

</XML>