<?xml version="1.0" encoding="us-ascii"?>
<XML ID="EQInterfaceDefinitionLanguage">
  <Schema xmlns="EverQuestData" xmlns:dt="EverQuestDataTypes" />
  <!-- Modified by: PaulG -->
  <WindowDrawTemplate item="WDT_Container_Top">
    <Background>wnd_bg_light_rock.tga</Background>
    <Border>
      <TopLeft>A_RoundedFrameTopLeft</TopLeft>
      <Top>A_RoundedFrameTop</Top>
      <TopRight>A_RoundedFrameTopRight</TopRight>
    </Border>
  </WindowDrawTemplate>
  <WindowDrawTemplate item="WDT_Container_Bottom">
    <Background>wnd_bg_light_rock.tga</Background>
    <Border>
      <BottomRight>A_RoundedFrameBottomRight</BottomRight>
      <Bottom>A_RoundedFrameBottom</Bottom>
      <BottomLeft>A_RoundedFrameBottomLeft</BottomLeft>
    </Border>
  </WindowDrawTemplate>
  <WindowDrawTemplate item="WDT_Container_Left">
    <Background>wnd_bg_light_rock.tga</Background>
    <Border>
      <LeftTop>A_RoundedFrameLeftTop</LeftTop>
      <Left>A_RoundedFrameLeft</Left>
      <LeftBottom>A_RoundedFrameLeftBottom</LeftBottom>
    </Border>
  </WindowDrawTemplate>
  <WindowDrawTemplate item="WDT_Container_Right">
    <Background>wnd_bg_light_rock.tga</Background>
    <Border>
      <RightTop>A_RoundedFrameRightTop</RightTop>
      <Right>A_RoundedFrameRight</Right>
      <RightBottom>A_RoundedFrameRightBottom</RightBottom>
    </Border>
  </WindowDrawTemplate>
  <STMLbox item="Container_Border_Top">
    <DrawTemplate>WDT_Container_Top</DrawTemplate>
    <RelativePosition>true</RelativePosition>
    <AutoStretch>true</AutoStretch>
    <LeftAnchorOffset>0</LeftAnchorOffset>
    <TopAnchorOffset>0</TopAnchorOffset>
    <RightAnchorOffset>0</RightAnchorOffset>
    <BottomAnchorOffset>4</BottomAnchorOffset>
    <RightAnchorToLeft>false</RightAnchorToLeft>
    <BottomAnchorToTop>true</BottomAnchorToTop>
    <Style_Border>true</Style_Border>
    <Style_Transparent>true</Style_Transparent>
  </STMLbox>
  <STMLbox item="Container_Border_Bottom">
    <DrawTemplate>WDT_Container_Bottom</DrawTemplate>
    <RelativePosition>true</RelativePosition>
    <AutoStretch>true</AutoStretch>
    <LeftAnchorOffset>0</LeftAnchorOffset>
    <TopAnchorOffset>4</TopAnchorOffset>
    <RightAnchorOffset>0</RightAnchorOffset>
    <BottomAnchorOffset>0</BottomAnchorOffset>
    <RightAnchorToLeft>false</RightAnchorToLeft>
    <BottomAnchorToTop>false</BottomAnchorToTop>
    <TopAnchorToTop>false</TopAnchorToTop>
    <Style_Border>true</Style_Border>
    <Style_Transparent>true</Style_Transparent>
  </STMLbox>
  <STMLbox item="Container_Border_Left">
    <DrawTemplate>WDT_Container_Left</DrawTemplate>
    <RelativePosition>true</RelativePosition>
    <AutoStretch>true</AutoStretch>
    <LeftAnchorOffset>0</LeftAnchorOffset>
    <TopAnchorOffset>2</TopAnchorOffset>
    <RightAnchorOffset>4</RightAnchorOffset>
    <BottomAnchorOffset>2</BottomAnchorOffset>
    <RightAnchorToLeft>true</RightAnchorToLeft>
    <BottomAnchorToTop>false</BottomAnchorToTop>
    <Style_Border>true</Style_Border>
    <Style_Transparent>true</Style_Transparent>
  </STMLbox>
  <STMLbox item="Container_Border_Right">
    <DrawTemplate>WDT_Container_Right</DrawTemplate>
    <RelativePosition>true</RelativePosition>
    <AutoStretch>true</AutoStretch>
    <LeftAnchorOffset>4</LeftAnchorOffset>
    <TopAnchorOffset>2</TopAnchorOffset>
    <RightAnchorOffset>0</RightAnchorOffset>
    <BottomAnchorOffset>2</BottomAnchorOffset>
    <RightAnchorToLeft>false</RightAnchorToLeft>
    <BottomAnchorToTop>false</BottomAnchorToTop>
    <LeftAnchorToLeft>false</LeftAnchorToLeft>
    <Style_Border>true</Style_Border>
    <Style_Transparent>true</Style_Transparent>
  </STMLbox>
  <Label item="Container_Label">
    <ScreenID>Container_Label</ScreenID>
    <Font>4</Font>
    <RelativePosition>true</RelativePosition>
    <AutoStretch>true</AutoStretch>
    <LeftAnchorOffset>4</LeftAnchorOffset>
    <TopAnchorOffset>3</TopAnchorOffset>
    <RightAnchorOffset>4</RightAnchorOffset>
    <BottomAnchorOffset>31</BottomAnchorOffset>
    <TopAnchorToTop>true</TopAnchorToTop>
    <BottomAnchorToTop>true</BottomAnchorToTop>
    <RightAnchorToLeft>false</RightAnchorToLeft>
    <LeftAnchorToLeft>true</LeftAnchorToLeft>
    <Text>Container Name Here</Text>
    <TextColor>
      <R>255</R>
      <G>255</G>
      <B>255</B>
    </TextColor>
    <NoWrap>false</NoWrap>
    <AlignCenter>true</AlignCenter>
    <AlignRight>false</AlignRight>
  </Label>
  <Button item="Container_Null_1">
    <RelativePosition>true</RelativePosition>
    <AutoStretch>true</AutoStretch>
    <LeftAnchorOffset>0</LeftAnchorOffset>
    <TopAnchorOffset>10</TopAnchorOffset>
    <RightAnchorOffset>0</RightAnchorOffset>
    <BottomAnchorOffset>40</BottomAnchorOffset>
    <TopAnchorToTop>true</TopAnchorToTop>
    <BottomAnchorToTop>true</BottomAnchorToTop>
    <RightAnchorToLeft>false</RightAnchorToLeft>
    <LeftAnchorToLeft>true</LeftAnchorToLeft>
    <ButtonDrawTemplate />
  </Button>
  <Button item="Container_Null_2">
    <RelativePosition>true</RelativePosition>
    <AutoStretch>true</AutoStretch>
    <LeftAnchorOffset>4</LeftAnchorOffset>
    <TopAnchorOffset>44</TopAnchorOffset>
    <RightAnchorOffset>4</RightAnchorOffset>
    <BottomAnchorOffset>24</BottomAnchorOffset>
    <TopAnchorToTop>false</TopAnchorToTop>
    <BottomAnchorToTop>false</BottomAnchorToTop>
    <RightAnchorToLeft>false</RightAnchorToLeft>
    <LeftAnchorToLeft>true</LeftAnchorToLeft>
    <ButtonDrawTemplate />
  </Button>
  <Button item="Container_Null_3">
    <RelativePosition>true</RelativePosition>
    <AutoStretch>true</AutoStretch>
    <LeftAnchorOffset>4</LeftAnchorOffset>
    <TopAnchorOffset>24</TopAnchorOffset>
    <RightAnchorOffset>4</RightAnchorOffset>
    <BottomAnchorOffset>23</BottomAnchorOffset>
    <TopAnchorToTop>false</TopAnchorToTop>
    <BottomAnchorToTop>false</BottomAnchorToTop>
    <RightAnchorToLeft>false</RightAnchorToLeft>
    <LeftAnchorToLeft>true</LeftAnchorToLeft>
    <ButtonDrawTemplate />
  </Button>
  <Button item="Container_Null_4">
    <RelativePosition>true</RelativePosition>
    <AutoStretch>true</AutoStretch>
    <LeftAnchorOffset>0</LeftAnchorOffset>
    <TopAnchorOffset>3</TopAnchorOffset>
    <RightAnchorOffset>0</RightAnchorOffset>
    <BottomAnchorOffset>0</BottomAnchorOffset>
    <TopAnchorToTop>false</TopAnchorToTop>
    <BottomAnchorToTop>false</BottomAnchorToTop>
    <RightAnchorToLeft>false</RightAnchorToLeft>
    <LeftAnchorToLeft>true</LeftAnchorToLeft>
    <ButtonDrawTemplate />
  </Button>
  <InvSlot item="ContainerSlot1">
    <ScreenID>ContainerSlot1</ScreenID>
    <!--<Font>3</Font>-->
    <RelativePosition>true</RelativePosition>
    <Location>
      <X>4</X>
      <Y>34</Y>
    </Location>
    <Size>
      <CX>62</CX>
      <CY>62</CY>
    </Size>
    <Background>dz40</Background>
    <EQType>30</EQType>
    <Style_VScroll>false</Style_VScroll>
    <Style_HScroll>false</Style_HScroll>
    <Style_Transparent>false</Style_Transparent>
    <TooltipReference />
  </InvSlot>
  <InvSlot item="ContainerSlot2">
    <ScreenID>ContainerSlot2</ScreenID>
    <!--<Font>3</Font>-->
    <RelativePosition>true</RelativePosition>
    <AutoStretch>true</AutoStretch>
    <LeftAnchorOffset>68</LeftAnchorOffset>
    <TopAnchorOffset>34</TopAnchorOffset>
    <RightAnchorOffset>4</RightAnchorOffset>
    <BottomAnchorOffset>96</BottomAnchorOffset>
    <TopAnchorToTop>true</TopAnchorToTop>
    <BottomAnchorToTop>true</BottomAnchorToTop>
    <RightAnchorToLeft>false</RightAnchorToLeft>
    <LeftAnchorToLeft>false</LeftAnchorToLeft>
    <Background>dz40</Background>
    <EQType>31</EQType>
    <Style_VScroll>false</Style_VScroll>
    <Style_HScroll>false</Style_HScroll>
    <Style_Transparent>false</Style_Transparent>
    <TooltipReference />
  </InvSlot>
  <InvSlot item="ContainerSlot3">
    <ScreenID>ContainerSlot3</ScreenID>
    <RelativePosition>true</RelativePosition>
    <Location>
      <X>4</X>
      <Y>98</Y>
    </Location>
    <Size>
      <CX>62</CX>
      <CY>62</CY>
    </Size>
    <Background>dz40</Background>
    <EQType>32</EQType>
    <Style_VScroll>false</Style_VScroll>
    <Style_HScroll>false</Style_HScroll>
    <Style_Transparent>false</Style_Transparent>
    <TooltipReference />
  </InvSlot>
  <InvSlot item="ContainerSlot4">
    <ScreenID>ContainerSlot4</ScreenID>
    <RelativePosition>true</RelativePosition>
    <AutoStretch>true</AutoStretch>
    <LeftAnchorOffset>68</LeftAnchorOffset>
    <TopAnchorOffset>98</TopAnchorOffset>
    <RightAnchorOffset>4</RightAnchorOffset>
    <BottomAnchorOffset>160</BottomAnchorOffset>
    <TopAnchorToTop>true</TopAnchorToTop>
    <BottomAnchorToTop>true</BottomAnchorToTop>
    <RightAnchorToLeft>false</RightAnchorToLeft>
    <LeftAnchorToLeft>false</LeftAnchorToLeft>
    <Background>dz40</Background>
    <EQType>33</EQType>
    <Style_VScroll>false</Style_VScroll>
    <Style_HScroll>false</Style_HScroll>
    <Style_Transparent>false</Style_Transparent>
    <TooltipReference />
  </InvSlot>
  <InvSlot item="ContainerSlot5">
    <ScreenID>ContainerSlot5</ScreenID>
    <RelativePosition>true</RelativePosition>
    <Location>
      <X>4</X>
      <Y>162</Y>
    </Location>
    <Size>
      <CX>62</CX>
      <CY>62</CY>
    </Size>
    <Background>dz40</Background>
    <EQType>34</EQType>
    <Style_VScroll>false</Style_VScroll>
    <Style_HScroll>false</Style_HScroll>
    <Style_Transparent>false</Style_Transparent>
    <TooltipReference />
  </InvSlot>
  <InvSlot item="ContainerSlot6">
    <ScreenID>ContainerSlot6</ScreenID>
    <RelativePosition>true</RelativePosition>
    <AutoStretch>true</AutoStretch>
    <LeftAnchorOffset>68</LeftAnchorOffset>
    <TopAnchorOffset>162</TopAnchorOffset>
    <RightAnchorOffset>4</RightAnchorOffset>
    <BottomAnchorOffset>224</BottomAnchorOffset>
    <TopAnchorToTop>true</TopAnchorToTop>
    <BottomAnchorToTop>true</BottomAnchorToTop>
    <RightAnchorToLeft>false</RightAnchorToLeft>
    <LeftAnchorToLeft>false</LeftAnchorToLeft>
    <Background>dz40</Background>
    <EQType>35</EQType>
    <Style_VScroll>false</Style_VScroll>
    <Style_HScroll>false</Style_HScroll>
    <Style_Transparent>false</Style_Transparent>
    <TooltipReference />
  </InvSlot>
  <InvSlot item="ContainerSlot7">
    <ScreenID>ContainerSlot7</ScreenID>
    <RelativePosition>true</RelativePosition>
    <Location>
      <X>4</X>
      <Y>226</Y>
    </Location>
    <Size>
      <CX>62</CX>
      <CY>62</CY>
    </Size>
    <Background>dz40</Background>
    <EQType>36</EQType>
    <Style_VScroll>false</Style_VScroll>
    <Style_HScroll>false</Style_HScroll>
    <Style_Transparent>false</Style_Transparent>
    <TooltipReference />
  </InvSlot>
  <InvSlot item="ContainerSlot8">
    <ScreenID>ContainerSlot8</ScreenID>
    <RelativePosition>true</RelativePosition>
    <AutoStretch>true</AutoStretch>
    <LeftAnchorOffset>68</LeftAnchorOffset>
    <TopAnchorOffset>226</TopAnchorOffset>
    <RightAnchorOffset>4</RightAnchorOffset>
    <BottomAnchorOffset>288</BottomAnchorOffset>
    <TopAnchorToTop>true</TopAnchorToTop>
    <BottomAnchorToTop>true</BottomAnchorToTop>
    <RightAnchorToLeft>false</RightAnchorToLeft>
    <LeftAnchorToLeft>false</LeftAnchorToLeft>
    <Background>dz40</Background>
    <EQType>37</EQType>
    <Style_VScroll>false</Style_VScroll>
    <Style_HScroll>false</Style_HScroll>
    <Style_Transparent>false</Style_Transparent>
    <TooltipReference />
  </InvSlot>
  <InvSlot item="ContainerSlot9">
    <ScreenID>ContainerSlot9</ScreenID>
    <RelativePosition>true</RelativePosition>
    <Location>
      <X>4</X>
      <Y>290</Y>
    </Location>
    <Size>
      <CX>62</CX>
      <CY>62</CY>
    </Size>
    <Background>dz40</Background>
    <EQType>38</EQType>
    <Style_VScroll>false</Style_VScroll>
    <Style_HScroll>false</Style_HScroll>
    <Style_Transparent>false</Style_Transparent>
    <TooltipReference />
  </InvSlot>
  <InvSlot item="ContainerSlot10">
    <ScreenID>ContainerSlot10</ScreenID>
    <RelativePosition>true</RelativePosition>
    <AutoStretch>true</AutoStretch>
    <LeftAnchorOffset>68</LeftAnchorOffset>
    <TopAnchorOffset>290</TopAnchorOffset>
    <RightAnchorOffset>4</RightAnchorOffset>
    <BottomAnchorOffset>352</BottomAnchorOffset>
    <TopAnchorToTop>true</TopAnchorToTop>
    <BottomAnchorToTop>true</BottomAnchorToTop>
    <RightAnchorToLeft>false</RightAnchorToLeft>
    <LeftAnchorToLeft>false</LeftAnchorToLeft>
    <Background>dz40</Background>
    <EQType>39</EQType>
    <Style_VScroll>false</Style_VScroll>
    <Style_HScroll>false</Style_HScroll>
    <Style_Transparent>false</Style_Transparent>
    <TooltipReference />
  </InvSlot>
  <Button item="Container_Combine">
    <ScreenID>Container_Combine</ScreenID>
    <!--<Font>3</Font>-->
    <RelativePosition>true</RelativePosition>
    <AutoStretch>true</AutoStretch>
    <LeftAnchorOffset>4</LeftAnchorOffset>
    <TopAnchorOffset>44</TopAnchorOffset>
    <RightAnchorOffset>4</RightAnchorOffset>
    <BottomAnchorOffset>24</BottomAnchorOffset>
    <TopAnchorToTop>false</TopAnchorToTop>
    <BottomAnchorToTop>false</BottomAnchorToTop>
    <RightAnchorToLeft>false</RightAnchorToLeft>
    <LeftAnchorToLeft>true</LeftAnchorToLeft>
    <!--<Style_VScroll>false</Style_VScroll>-->
    <!--<Style_HScroll>false</Style_HScroll>-->
    <Style_Transparent>false</Style_Transparent>
    <!--<TooltipReference/>-->
    <Style_Checkbox>false</Style_Checkbox>
    <!--<RadioGroup/>-->
    <Text>Combine</Text>
    <TextColor>
      <R>255</R>
      <G>255</G>
      <B>255</B>
    </TextColor>
    <ButtonDrawTemplate>
      <Normal>A_BtnNormal</Normal>
      <Pressed>A_BtnPressed</Pressed>
      <Flyby>A_BtnFlyby</Flyby>
      <Disabled>A_BtnDisabled</Disabled>
      <PressedFlyby>A_BtnPressedFlyby</PressedFlyby>
    </ButtonDrawTemplate>
  </Button>
  <Button item="Container_CloseButton">
    <ScreenID>DoneButton</ScreenID>
    <!--<Font>3</Font>-->
    <RelativePosition>true</RelativePosition>
    <AutoStretch>true</AutoStretch>
    <LeftAnchorOffset>4</LeftAnchorOffset>
    <TopAnchorOffset>23</TopAnchorOffset>
    <RightAnchorOffset>4</RightAnchorOffset>
    <BottomAnchorOffset>3</BottomAnchorOffset>
    <TopAnchorToTop>false</TopAnchorToTop>
    <BottomAnchorToTop>false</BottomAnchorToTop>
    <RightAnchorToLeft>false</RightAnchorToLeft>
    <LeftAnchorToLeft>true</LeftAnchorToLeft>
    <Style_Transparent>false</Style_Transparent>
    <!--<TooltipReference/>-->
    <Style_Checkbox>false</Style_Checkbox>
    <!--<RadioGroup/>-->
    <Text>Close</Text>
    <TextColor>
      <R>255</R>
      <G>255</G>
      <B>255</B>
    </TextColor>
    <ButtonDrawTemplate>
      <Normal>A_BtnNormal</Normal>
      <Pressed>A_BtnPressed</Pressed>
      <Flyby>A_BtnFlyby</Flyby>
      <Disabled>A_BtnDisabled</Disabled>
      <PressedFlyby>A_BtnPressedFlyby</PressedFlyby>
    </ButtonDrawTemplate>
  </Button>
  <Ui2DAnimation item="Container_BG">
    <Cycle>false</Cycle>
    <Frames>
      <Texture>wnd_bg_light_rock.tga</Texture>
      <Location>
        <X>0</X>
        <Y>-34</Y>
      </Location>
      <Size>
        <CX>80</CX>
        <CY>34</CY>
      </Size>
      <Hotspot>
        <X>0</X>
        <Y>0</Y>
      </Hotspot>
      <Duration>1000</Duration>
    </Frames>
  </Ui2DAnimation>
  <Ui2DAnimation item="Container_BG2">
    <Cycle>true</Cycle>
    <Frames>
      <Texture>wnd_bg_light_rock.tga</Texture>
      <Location>
        <X>80</X>
        <Y>-34</Y>
      </Location>
      <Size>
        <CX>80</CX>
        <CY>34</CY>
      </Size>
      <Hotspot>
        <X>0</X>
        <Y>0</Y>
      </Hotspot>
      <Duration>1000</Duration>
    </Frames>
  </Ui2DAnimation>
  <!--<StaticAnimation item="Container_BG_Body">
    <RelativePosition>true</RelativePosition>
    <Location>
      <X>4</X>
      <Y>2</Y>
    </Location>
    <Size>
      <CX>124</CX>
      <CY>325</CY>
    </Size>
    <Animation>Container_BG</Animation>
  </StaticAnimation>-->
  <StaticAnimation item="Container_BG_Body_2">
    <RelativePosition>true</RelativePosition>
    <Location>
      <X>4</X>
      <Y>2</Y>
    </Location>
    <Size>
      <CX>126</CX>
      <CY>375</CY>
    </Size>
    <Animation>Container_BG</Animation>
  </StaticAnimation>
  <!--<Button item="Container_BG_Top_Aug">
    <RelativePosition>true</RelativePosition>
    <AutoStretch>true</AutoStretch>
    <LeftAnchorOffset>84</LeftAnchorOffset>
    <TopAnchorOffset>4</TopAnchorOffset>
    <RightAnchorOffset>4</RightAnchorOffset>
    <BottomAnchorOffset>38</BottomAnchorOffset>
    <TopAnchorToTop>true</TopAnchorToTop>
    <BottomAnchorToTop>true</BottomAnchorToTop>
    <RightAnchorToLeft>false</RightAnchorToLeft>
    <LeftAnchorToLeft>true</LeftAnchorToLeft>
    <ButtonDrawTemplate>
      <Normal>Container_BG2</Normal>
    </ButtonDrawTemplate>
  </Button>-->
  <Label item="Augment_Label">
    <ScreenID>Augment_Label</ScreenID>
    <!--<Font>3</Font>-->
    <RelativePosition>true</RelativePosition>
    <Location>
      <X>0</X>
      <Y>0</Y>
    </Location>
    <Size>
      <CX>0</CX>
      <CY>0</CY>
    </Size>
    <Text />
    <TextColor>
      <R>255</R>
      <G>255</G>
      <B>255</B>
    </TextColor>
    <NoWrap>false</NoWrap>
    <AlignCenter>false</AlignCenter>
    <AlignRight>false</AlignRight>
  </Label>
  <Label item="AugmentInfoLabel">
    <ScreenID>AugmentInfoLabel</ScreenID>
    <!--<Font>1</Font>-->
    <RelativePosition>true</RelativePosition>
    <Location>
      <X>85</X>
      <Y>69</Y>
    </Location>
    <Size>
      <CX>210</CX>
      <CY>30</CY>
    </Size>
    <Text>None</Text>
    <TextColor>
      <R>255</R>
      <G>255</G>
      <B>255</B>
    </TextColor>
    <NoWrap>false</NoWrap>
    <AlignCenter>false</AlignCenter>
    <AlignRight>false</AlignRight>
  </Label>
  <Listbox item="AugmentList">
    <ScreenID>AugmentList</ScreenID>
    <DrawTemplate>WDT_Inner</DrawTemplate>
    <Location>
      <X>85</X>
      <Y>3</Y>
    </Location>
    <Size>
      <CX>280</CX>
      <CY>134</CY>
    </Size>
    <Columns>
      <Width>150</Width>
    </Columns>
    <Style_Border>true</Style_Border>
    <Style_VScroll>false</Style_VScroll>
  </Listbox>
  <Button item="InsertButton">
    <ScreenID>InsertButton</ScreenID>
    <!--<Font>3</Font>-->
    <RelativePosition>true</RelativePosition>
    <Location>
      <X>85</X>
      <Y>101</Y>
    </Location>
    <Size>
      <CX>70</CX>
      <CY>20</CY>
    </Size>
    <Style_Transparent>false</Style_Transparent>
    <!--<TooltipReference/>-->
    <Style_Checkbox>false</Style_Checkbox>
    <!--<RadioGroup/>-->
    <Text>Insert</Text>
    <TextColor>
      <R>255</R>
      <G>255</G>
      <B>255</B>
    </TextColor>
    <ButtonDrawTemplate>
      <Normal>A_BtnNormal</Normal>
      <Pressed>A_BtnPressed</Pressed>
      <Flyby>A_BtnFlyby</Flyby>
      <Disabled>A_BtnDisabled</Disabled>
      <PressedFlyby>A_BtnPressedFlyby</PressedFlyby>
    </ButtonDrawTemplate>
  </Button>
  <Button item="RemoveButton">
    <ScreenID>RemoveButton</ScreenID>
    <!--<Font>3</Font>-->
    <RelativePosition>true</RelativePosition>
    <Location>
      <X>85</X>
      <Y>101</Y>
    </Location>
    <Size>
      <CX>70</CX>
      <CY>20</CY>
    </Size>
    <Style_Transparent>false</Style_Transparent>
    <!--<TooltipReference/>-->
    <Style_Checkbox>false</Style_Checkbox>
    <!--<RadioGroup/>-->
    <Text>Remove</Text>
    <TextColor>
      <R>255</R>
      <G>255</G>
      <B>255</B>
    </TextColor>
    <ButtonDrawTemplate>
      <Normal>A_BtnNormal</Normal>
      <Pressed>A_BtnPressed</Pressed>
      <Flyby>A_BtnFlyby</Flyby>
      <Disabled>A_BtnDisabled</Disabled>
      <PressedFlyby>A_BtnPressedFlyby</PressedFlyby>
    </ButtonDrawTemplate>
  </Button>
  <Button item="DeleteButton">
    <ScreenID>DeleteButton</ScreenID>
    <!--<Font>3</Font>-->
    <RelativePosition>true</RelativePosition>
    <Location>
      <X>85</X>
      <Y>101</Y>
    </Location>
    <Size>
      <CX>70</CX>
      <CY>20</CY>
    </Size>
    <Style_Transparent>false</Style_Transparent>
    <!--<TooltipReference/>-->
    <Style_Checkbox>false</Style_Checkbox>
    <!--<RadioGroup/>-->
    <Text>Delete</Text>
    <TextColor>
      <R>255</R>
      <G>255</G>
      <B>255</B>
    </TextColor>
    <ButtonDrawTemplate>
      <Normal>A_BtnNormal</Normal>
      <Pressed>A_BtnPressed</Pressed>
      <Flyby>A_BtnFlyby</Flyby>
      <Disabled>A_BtnDisabled</Disabled>
      <PressedFlyby>A_BtnPressedFlyby</PressedFlyby>
    </ButtonDrawTemplate>
  </Button>
  <Screen item="ContainerWindow">
    <!--<ScreenID/>-->
    <!--<Font/>-->
    <RelativePosition>false</RelativePosition>
    <Location>
      <X>350</X>
      <Y>100</Y>
    </Location>
    <Size>
      <CX>124</CX>
      <CY>350</CY>
    </Size>
    <Text />
    <Style_VScroll>false</Style_VScroll>
    <Style_HScroll>false</Style_HScroll>
    <Style_Transparent>true</Style_Transparent>
    <TooltipReference>Container</TooltipReference>
    <Style_Titlebar>false</Style_Titlebar>
    <Style_Closebox>false</Style_Closebox>
    <Style_Minimizebox>false</Style_Minimizebox>
    <Style_Border>false</Style_Border>
    <Style_Sizable>false</Style_Sizable>
    <!--<Pieces>Container_BG_Top_Aug</Pieces>-->
    <!--<Pieces>Container_BG_Body</Pieces> -->
    <Pieces>Container_BG_Body_2</Pieces>
    <Pieces>Container_Border_Top</Pieces>
    <Pieces>Container_Border_Bottom</Pieces>
    <Pieces>Container_Border_Left</Pieces>
    <Pieces>Container_Border_Right</Pieces>
    <Pieces>Container_Label</Pieces>
    <Pieces>Container_Null_1</Pieces>
    <Pieces>Container_Null_2</Pieces>
    <Pieces>Container_Null_3</Pieces>
    <Pieces>Container_Null_4</Pieces>
    <Pieces>Container_CloseButton</Pieces>
    <Pieces>Container_Combine</Pieces>
    <Pieces>AugmentList</Pieces>
    <!--<Pieces>Augment_Label</Pieces>
    <Pieces>AugmentInfoLabel</Pieces>
    <Pieces>InsertButton</Pieces>
    <Pieces>RemoveButton</Pieces>
    <Pieces>DeleteButton</Pieces>-->
    <Pieces>ContainerSlot1</Pieces>
    <Pieces>ContainerSlot2</Pieces>
    <Pieces>ContainerSlot3</Pieces>
    <Pieces>ContainerSlot4</Pieces>
    <Pieces>ContainerSlot5</Pieces>
    <Pieces>ContainerSlot6</Pieces>
    <Pieces>ContainerSlot7</Pieces>
    <Pieces>ContainerSlot8</Pieces>
    <Pieces>ContainerSlot9</Pieces>
    <Pieces>ContainerSlot10</Pieces>
    
  </Screen>
</XML>