<?xml version="1.0" encoding="us-ascii"?>
<XML ID="EQInterfaceDefinitionLanguage">
  <Schema xmlns="EverQuestData" xmlns:dt="EverQuestDataTypes" />
  <TextureInfo item="AttackIndicator.tga">
    <Size>
      <CX>226</CX>
      <CY>226</CY>
    </Size>
  </TextureInfo>
  <Ui2DAnimation item="A_AttackIndicator">
    <Cycle>false</Cycle>
    <Frames>
      <Texture>AttackIndicator.tga</Texture>
      <Location>
        <X>0</X>
        <Y>0</Y>
      </Location>
      <Size>
        <CX>226</CX>
        <CY>42</CY>
      </Size>
    </Frames>
  </Ui2DAnimation>
  <StaticAnimation item="A_AttackIndicatorAnim">
    <ScreenID>A_AttackIndicatorAnim</ScreenID>
    <Animation>A_AttackIndicator</Animation>
    <Size>
      <CX>1</CX>
      <CY>1</CY>
    </Size>
    <Location>
      <X>-1</X>
      <Y>-1</Y>
    </Location>
  </StaticAnimation>
  <Ui2DAnimation item="PW_GaugeFill1">
    <Cycle>true</Cycle>
    <Frames>
      <Texture>dzbars2x.png</Texture>
      <Location>
        <X>-2000</X>
        <Y>240</Y>
      </Location>
      <Size>
        <CX>10000</CX>
        <CY>40</CY>
      </Size>
      <Hotspot>
        <X>0</X>
        <Y>0</Y>
      </Hotspot>
      <Duration>1000</Duration>
    </Frames>
  </Ui2DAnimation>
  <Ui2DAnimation item="PW_GaugeFill2">
    <Cycle>true</Cycle>
    <Frames>
      <Texture>dzbars2x.png</Texture>
      <Location>
        <X>-4000</X>
        <Y>240</Y>
      </Location>
      <Size>
        <CX>10000</CX>
        <CY>40</CY>
      </Size>
      <Hotspot>
        <X>0</X>
        <Y>0</Y>
      </Hotspot>
      <Duration>1000</Duration>
    </Frames>
  </Ui2DAnimation>
  <Ui2DAnimation item="PW_GaugeFill3">
    <Cycle>true</Cycle>
    <Frames>
      <Texture>dzbars2x.png</Texture>
      <Location>
        <X>-6000</X>
        <Y>240</Y>
      </Location>
      <Size>
        <CX>10000</CX>
        <CY>40</CY>
      </Size>
      <Hotspot>
        <X>0</X>
        <Y>0</Y>
      </Hotspot>
      <Duration>1000</Duration>
    </Frames>
  </Ui2DAnimation>
  <Ui2DAnimation item="PW_GaugeFill4">
    <Cycle>true</Cycle>
    <Frames>
      <Texture>dzbars2x.png</Texture>
      <Location>
        <X>-8000</X>
        <Y>240</Y>
      </Location>
      <Size>
        <CX>10000</CX>
        <CY>40</CY>
      </Size>
      <Hotspot>
        <X>0</X>
        <Y>0</Y>
      </Hotspot>
      <Duration>1000</Duration>
    </Frames>
  </Ui2DAnimation>
  <Gauge item="Player_HP_BG">
    <ScreenID>PlayerHP</ScreenID>
    <Font>5</Font>
    <TextColor>
      <R>240</R>
      <G>240</G>
      <B>240</B>
    </TextColor>
    <RelativePosition>true</RelativePosition>
    <Location>
      <X>0</X>
      <Y>0</Y>
    </Location>
    <Size>
      <CX>567</CX>
      <CY>100</CY>
    </Size>
    <GaugeOffsetX>40</GaugeOffsetX>
    <GaugeOffsetY>24</GaugeOffsetY>
    <TextOffsetX>8000</TextOffsetX>
    <Style_VScroll>false</Style_VScroll>
    <Style_HScroll>false</Style_HScroll>
    <Style_Transparent>false</Style_Transparent>
    <FillTint>
      <R>240</R>
      <G>240</G>
      <B>0</B>
    </FillTint>
    <LinesFillTint>
      <R>0</R>
      <G>0</G>
      <B>0</B>
    </LinesFillTint>
    <DrawLinesFill>false</DrawLinesFill>
    <EQType>1</EQType>
    <GaugeDrawTemplate>
      <Background>A_dzLongBackground</Background>
    </GaugeDrawTemplate>
  </Gauge>
  <Gauge item="Player_HP_0">
    <RelativePosition>true</RelativePosition>
    <Location>
      <X>40</X>
      <Y>24</Y>
    </Location>
    <Size>
      <CX>480</CX>
      <CY>40</CY>
    </Size>
    <GaugeOffsetX>0</GaugeOffsetX>
    <GaugeOffsetY>0</GaugeOffsetY>
    <TextOffsetX>8000</TextOffsetX>
    <Style_VScroll>false</Style_VScroll>
    <Style_HScroll>false</Style_HScroll>
    <Style_Transparent>false</Style_Transparent>
    <FillTint>
      <R>240</R>
      <G>0</G>
      <B>0</B>
    </FillTint>
    <LinesFillTint>
      <R>0</R>
      <G>0</G>
      <B>0</B>
    </LinesFillTint>
    <DrawLinesFill>false</DrawLinesFill>
    <EQType>1</EQType>
    <GaugeDrawTemplate>
      <Fill>A_dzLongFill</Fill>
    </GaugeDrawTemplate>
  </Gauge>
  <Gauge item="Player_HP_1A">
    <RelativePosition>true</RelativePosition>
    <Location>
      <X>0</X>
      <Y>0</Y>
    </Location>
    <Size>
      <CX>8000</CX>
      <CY>40</CY>
    </Size>
    <GaugeOffsetX>-2000</GaugeOffsetX>
    <GaugeOffsetY>0</GaugeOffsetY>
    <TextOffsetX>8000</TextOffsetX>
    <Style_VScroll>false</Style_VScroll>
    <Style_HScroll>false</Style_HScroll>
    <Style_Transparent>false</Style_Transparent>
    <FillTint>
      <R>240</R>
      <G>102</G>
      <B>0</B>
    </FillTint>
    <LinesFillTint>
      <R>0</R>
      <G>0</G>
      <B>0</B>
    </LinesFillTint>
    <DrawLinesFill>false</DrawLinesFill>
    <EQType>1</EQType>
    <GaugeDrawTemplate>
      <Fill>PW_GaugeFill1</Fill>
    </GaugeDrawTemplate>
  </Gauge>
  <Screen item="Player_HP_1A_X">
    <RelativePosition>true</RelativePosition>
    <Location>
      <X>40</X>
      <Y>24</Y>
    </Location>
    <Size>
      <CX>96</CX>
      <CY>40</CY>
    </Size>
    <Style_Transparent>true</Style_Transparent>
    <Pieces>Player_HP_1A</Pieces>
  </Screen>
  <Gauge item="Player_HP_1B">
    <RelativePosition>true</RelativePosition>
    <Location>
      <X>136</X>
      <Y>24</Y>
    </Location>
    <Size>
      <CX>384</CX>
      <CY>40</CY>
    </Size>
    <GaugeOffsetX>-96</GaugeOffsetX>
    <GaugeOffsetY>0</GaugeOffsetY>
    <Text />
    <TextOffsetY>8000</TextOffsetY>
    <Style_VScroll>false</Style_VScroll>
    <Style_HScroll>false</Style_HScroll>
    <Style_Transparent>false</Style_Transparent>
    <!--<TooltipReference/>-->
    <FillTint>
      <R>240</R>
      <G>102</G>
      <B>0</B>
    </FillTint>
    <LinesFillTint>
      <R>0</R>
      <G>0</G>
      <B>0</B>
    </LinesFillTint>
    <DrawLinesFill>false</DrawLinesFill>
    <EQType>1</EQType>
    <GaugeDrawTemplate>
      <Fill>A_dzLongFill</Fill>
    </GaugeDrawTemplate>
  </Gauge>
  <Gauge item="Player_HP_2A">
    <RelativePosition>true</RelativePosition>
    <Location>
      <X>0</X>
      <Y>0</Y>
    </Location>
    <Size>
      <CX>6000</CX>
      <CY>40</CY>
    </Size>
    <GaugeOffsetX>-4000</GaugeOffsetX>
    <GaugeOffsetY>0</GaugeOffsetY>
    <TextOffsetX>8000</TextOffsetX>
    <Style_VScroll>false</Style_VScroll>
    <Style_HScroll>false</Style_HScroll>
    <Style_Transparent>false</Style_Transparent>
    <FillTint>
      <R>240</R>
      <G>240</G>
      <B>0</B>
    </FillTint>
    <LinesFillTint>
      <R>0</R>
      <G>0</G>
      <B>0</B>
    </LinesFillTint>
    <DrawLinesFill>false</DrawLinesFill>
    <EQType>1</EQType>
    <GaugeDrawTemplate>
      <Fill>PW_GaugeFill2</Fill>
    </GaugeDrawTemplate>
  </Gauge>
  <Screen item="Player_HP_2A_X">
    <RelativePosition>true</RelativePosition>
    <Location>
      <X>40</X>
      <Y>24</Y>
    </Location>
    <Size>
      <CX>192</CX>
      <CY>40</CY>
    </Size>
    <Style_Transparent>true</Style_Transparent>
    <Pieces>Player_HP_2A</Pieces>
  </Screen>
  <Gauge item="Player_HP_2B">
    <RelativePosition>true</RelativePosition>
    <Location>
      <X>232</X>
      <Y>24</Y>
    </Location>
    <Size>
      <CX>288</CX>
      <CY>40</CY>
    </Size>
    <GaugeOffsetX>-192</GaugeOffsetX>
    <GaugeOffsetY>0</GaugeOffsetY>
    <Text />
    <TextOffsetY>8000</TextOffsetY>
    <Style_VScroll>false</Style_VScroll>
    <Style_HScroll>false</Style_HScroll>
    <Style_Transparent>false</Style_Transparent>
    <!--<TooltipReference/>-->
    <FillTint>
      <R>240</R>
      <G>240</G>
      <B>0</B>
    </FillTint>
    <LinesFillTint>
      <R>0</R>
      <G>0</G>
      <B>0</B>
    </LinesFillTint>
    <DrawLinesFill>false</DrawLinesFill>
    <EQType>1</EQType>
    <GaugeDrawTemplate>
      <Fill>A_dzLongFill</Fill>
    </GaugeDrawTemplate>
  </Gauge>
  <Gauge item="Player_HP_3A">
    <RelativePosition>true</RelativePosition>
    <Location>
      <X>0</X>
      <Y>0</Y>
    </Location>
    <Size>
      <CX>4000</CX>
      <CY>40</CY>
    </Size>
    <GaugeOffsetX>-6000</GaugeOffsetX>
    <GaugeOffsetY>0</GaugeOffsetY>
    <TextOffsetX>8000</TextOffsetX>
    <Style_VScroll>false</Style_VScroll>
    <Style_HScroll>false</Style_HScroll>
    <Style_Transparent>false</Style_Transparent>
    <FillTint>
      <R>173</R>
      <G>255</G>
      <B>47</B>
    </FillTint>
    <LinesFillTint>
      <R>0</R>
      <G>0</G>
      <B>0</B>
    </LinesFillTint>
    <DrawLinesFill>false</DrawLinesFill>
    <EQType>1</EQType>
    <GaugeDrawTemplate>
      <Fill>PW_GaugeFill3</Fill>
    </GaugeDrawTemplate>
  </Gauge>
  <Screen item="Player_HP_3A_X">
    <RelativePosition>true</RelativePosition>
    <Location>
      <X>40</X>
      <Y>24</Y>
    </Location>
    <Size>
      <CX>288</CX>
      <CY>40</CY>
    </Size>
    <Style_Transparent>true</Style_Transparent>
    <Pieces>Player_HP_3A</Pieces>
  </Screen>
  <Gauge item="Player_HP_3B">
    <RelativePosition>true</RelativePosition>
    <Location>
      <X>328</X>
      <Y>24</Y>
    </Location>
    <Size>
      <CX>192</CX>
      <CY>40</CY>
    </Size>
    <GaugeOffsetX>-288</GaugeOffsetX>
    <GaugeOffsetY>0</GaugeOffsetY>
    <Text />
    <TextOffsetY>8000</TextOffsetY>
    <Style_VScroll>false</Style_VScroll>
    <Style_HScroll>false</Style_HScroll>
    <Style_Transparent>false</Style_Transparent>
    <!--<TooltipReference/>-->
    <FillTint>
      <R>173</R>
      <G>255</G>
      <B>47</B>
    </FillTint>
    <LinesFillTint>
      <R>0</R>
      <G>0</G>
      <B>0</B>
    </LinesFillTint>
    <DrawLinesFill>false</DrawLinesFill>
    <EQType>1</EQType>
    <GaugeDrawTemplate>
      <Fill>A_dzLongFill</Fill>
    </GaugeDrawTemplate>
  </Gauge>
  <Gauge item="Player_HP_4A">
    <RelativePosition>true</RelativePosition>
    <Location>
      <X>0</X>
      <Y>0</Y>
    </Location>
    <Size>
      <CX>2000</CX>
      <CY>40</CY>
    </Size>
    <GaugeOffsetX>-8000</GaugeOffsetX>
    <GaugeOffsetY>0</GaugeOffsetY>
    <TextOffsetX>8000</TextOffsetX>
    <Style_VScroll>false</Style_VScroll>
    <Style_HScroll>false</Style_HScroll>
    <Style_Transparent>false</Style_Transparent>
    <FillTint>
      <R>0</R>
      <G>240</G>
      <B>0</B>
    </FillTint>
    <LinesFillTint>
      <R>0</R>
      <G>0</G>
      <B>0</B>
    </LinesFillTint>
    <DrawLinesFill>false</DrawLinesFill>
    <EQType>1</EQType>
    <GaugeDrawTemplate>
      <Fill>PW_GaugeFill4</Fill>
    </GaugeDrawTemplate>
  </Gauge>
  <Screen item="Player_HP_4A_X">
    <RelativePosition>true</RelativePosition>
    <Location>
      <X>40</X>
      <Y>24</Y>
    </Location>
    <Size>
      <CX>384</CX>
      <CY>40</CY>
    </Size>
    <Style_Transparent>true</Style_Transparent>
    <Pieces>Player_HP_4A</Pieces>
  </Screen>
  <Gauge item="Player_HP_4B">
    <RelativePosition>true</RelativePosition>
    <Location>
      <X>424</X>
      <Y>24</Y>
    </Location>
    <Size>
      <CX>96</CX>
      <CY>40</CY>
    </Size>
    <GaugeOffsetX>-384</GaugeOffsetX>
    <GaugeOffsetY>0</GaugeOffsetY>
    <Text />
    <TextOffsetY>8000</TextOffsetY>
    <Style_VScroll>false</Style_VScroll>
    <Style_HScroll>false</Style_HScroll>
    <Style_Transparent>false</Style_Transparent>
    <FillTint>
      <R>0</R>
      <G>240</G>
      <B>0</B>
    </FillTint>
    <LinesFillTint>
      <R>0</R>
      <G>0</G>
      <B>0</B>
    </LinesFillTint>
    <DrawLinesFill>false</DrawLinesFill>
    <EQType>1</EQType>
    <GaugeDrawTemplate>
      <Fill>A_dzLongFill</Fill>
    </GaugeDrawTemplate>
  </Gauge>
  <Label item="Player_Name">
    <RelativePosition>true</RelativePosition>
    <Font>6</Font>
    <EQType>1</EQType>
    <Location>
      <X>57</X>
      <Y>0</Y>
    </Location>
    <Size>
      <CX>446</CX>
      <CY>25</CY>
    </Size>
    <Text>Playername</Text>
    <TextColor>
      <R>255</R>
      <G>255</G>
      <B>255</B>
      <Alpha>255</Alpha>
    </TextColor>
    <Style_VScroll>false</Style_VScroll>
    <Style_HScroll>false</Style_HScroll>
    <Style_Transparent>true</Style_Transparent>
    <AlignCenter>true</AlignCenter>
  </Label>
  <Label item="Player_HPLabel">
    <ScreenID>HPLabel</ScreenID>
    <EQType>19</EQType>
    <RelativePosition>true</RelativePosition>
    <Location>
      <X>12</X>
      <Y>30</Y>
    </Location>
    <Size>
      <CX>26</CX>
      <CY>15</CY>
    </Size>
    <Text>100</Text>
    <TextColor>
      <R>0</R>
      <G>240</G>
      <B>0</B>
      <Alpha>255</Alpha>
    </TextColor>
    <NoWrap>true</NoWrap>
    <AlignCenter>false</AlignCenter>
    <AlignRight>true</AlignRight>
    <Font>4</Font>
  </Label>
  <Gauge item="Pet_HP">
    <ScreenID>PetHP</ScreenID>
    <!--<Font>3</Font>-->
    <TextColor>
      <R>0</R>
      <G>0</G>
      <B>0</B>
    </TextColor>
    <RelativePosition>true</RelativePosition>
    <Location>
      <X>25</X>
      <Y>126</Y>
    </Location>
    <Size>
      <CX>108</CX>
      <CY>2</CY>
    </Size>
    <TextOffsetY>-50</TextOffsetY>
    <GaugeOffsetY>-2</GaugeOffsetY>
    <Style_VScroll>false</Style_VScroll>
    <Style_HScroll>false</Style_HScroll>
    <Style_Transparent>false</Style_Transparent>
    <!--<TooltipReference/>-->
    <FillTint>
      <R>51</R>
      <G>192</G>
      <B>51</B>
    </FillTint>
    <LinesFillTint>
      <R>0</R>
      <G>0</G>
      <B>0</B>
    </LinesFillTint>
    <DrawLinesFill>false</DrawLinesFill>
    <EQType>16</EQType>
    <GaugeDrawTemplate>
      <Background>A_GaugeBackground</Background>
      <Fill>A_GaugeFill</Fill>
      <!--<Lines>A_GaugeLines</Lines>-->
      <LinesFill>A_GaugeLinesFill</LinesFill>
      <!--<EndCapLeft>A_GaugeEndCapLeft</EndCapLeft>-->
      <!--<EndCapRight>A_GaugeEndCapRight</EndCapRight>-->
    </GaugeDrawTemplate>
  </Gauge>
  <Gauge item="Player_Mana">
    <ScreenID>PlayerMana</ScreenID>
    <!--<Font>3</Font>-->
    <RelativePosition>true</RelativePosition>
    <Location>
      <X>40</X>
      <Y>58</Y>
    </Location>
    <Size>
      <CX>480</CX>
      <CY>22</CY>
    </Size>
    <GaugeOffsetY>0</GaugeOffsetY>
    <Style_VScroll>false</Style_VScroll>
    <Style_HScroll>false</Style_HScroll>
    <Style_Transparent>false</Style_Transparent>
    <!--<TooltipReference/>-->
    <FillTint>
      <R>26</R>
      <G>159</G>
      <B>255</B>
    </FillTint>
    <LinesFillTint>
      <R>0</R>
      <G>220</G>
      <B>220</B>
    </LinesFillTint>
    <DrawLinesFill>false</DrawLinesFill>
    <EQType>2</EQType>
    <GaugeDrawTemplate>
      <Background>A_dzThinLongBackground</Background>
      <Fill>A_dzThinLongFill</Fill>
      <Lines>A_dzThinLongLines</Lines>
    </GaugeDrawTemplate>
    <Font>5</Font>
  </Gauge>
  <Label item="Player_ManaLabel">
    <ScreenID>ManaLabel</ScreenID>
    <EQType>20</EQType>
    <Font>4</Font>
    <RelativePosition>true</RelativePosition>
    <Location>
      <X>12</X>
      <Y>63</Y>
    </Location>
    <Size>
      <CX>26</CX>
      <CY>15</CY>
    </Size>
    <Text>100</Text>
    <TextColor>
      <R>26</R>
      <G>159</G>
      <B>255</B>
    </TextColor>
    <NoWrap>true</NoWrap>
    <AlignRight>true</AlignRight>
  </Label>
  <Label item="F1">
    <ScreenID>F1</ScreenID>
    <Font>4</Font>
    <RelativePosition>true</RelativePosition>
    <Location>
      <X>4</X>
      <Y>2</Y>
    </Location>
    <Size>
      <CX>20</CX>
      <CY>15</CY>
    </Size>
    <Text>F1</Text>
    <TextColor>
      <R>255</R>
      <G>255</G>
      <B>255</B>
    </TextColor>
    <NoWrap>true</NoWrap>
    <AlignLeft>true</AlignLeft>
    <Style_Tooltip>false</Style_Tooltip>
  </Label>
  <!--  <Gauge item="Player_Fatigue">
    <ScreenID>PlayerFatigue</ScreenID>
    <RelativePosition>true</RelativePosition>
    <Location>
      <X>20</X>
      <Y>26</Y>
    </Location>
    <Size>
      <CX>204</CX>
      <CY>11</CY>
    </Size>
    <GaugeOffsetY>0</GaugeOffsetY>
    <Style_VScroll>false</Style_VScroll>
    <Style_HScroll>false</Style_HScroll>
    <Style_Transparent>false</Style_Transparent>
    <FillTint>
      <R>240</R>
      <G>240</G>
      <B>0</B>
    </FillTint>
    <LinesFillTint>
      <R>0</R>
      <G>220</G>
      <B>0</B>
    </LinesFillTint>
    <DrawLinesFill>false</DrawLinesFill>
    <EQType>3</EQType>
    <GaugeDrawTemplate>
      <Background>A_dzThinLongBackground</Background>
      <Fill>A_dzThinLongFill</Fill>
      <Lines>A_dzThinLongLines</Lines>
    </GaugeDrawTemplate>
  </Gauge>
  <Gauge item="Player_Breath">
    <ScreenID>Player_Breath</ScreenID>
    <RelativePosition>true</RelativePosition>
    <Location>
      <X>20</X>
      <Y>34</Y>
    </Location>
    <Size>
      <CX>204</CX>
      <CY>11</CY>
    </Size>
    <GaugeOffsetY>0</GaugeOffsetY>
    <Style_VScroll>false</Style_VScroll>
    <Style_HScroll>false</Style_HScroll>
    <Style_Transparent>false</Style_Transparent>
    <FillTint>
      <R>0</R>
      <G>240</G>
      <B>240</B>
    </FillTint>
    <LinesFillTint>
      <R>0</R>
      <G>0</G>
      <B>0</B>
    </LinesFillTint>
    <DrawLinesFill>false</DrawLinesFill>
    <EQType>8</EQType>
    <GaugeDrawTemplate>
      <Background>A_dzThinLongBackground</Background>
      <Fill>A_dzThinLongFill</Fill>
      <Lines>A_dzThinLongLines</Lines>
    </GaugeDrawTemplate>
  </Gauge>-->
  <Screen item="PlayerWindow">
    <!--<ScreenID/>-->
    <RelativePosition>false</RelativePosition>
    <Location>
      <X>516</X>
      <Y>0</Y>
    </Location>
    <Size>
      <CX>538</CX>
      <CY>100</CY>
    </Size>
    <Style_VScroll>false</Style_VScroll>
    <Style_HScroll>false</Style_HScroll>
    <Style_Transparent>false</Style_Transparent>
    <DrawTemplate>WDT_RoundedNoTitle</DrawTemplate>
    <Style_Titlebar>false</Style_Titlebar>
    <Style_Closebox>false</Style_Closebox>
    <Style_Minimizebox>false</Style_Minimizebox>
    <Style_Border>true</Style_Border>
    <Style_Sizable>false</Style_Sizable>
    <Pieces>Player_HP_BG</Pieces>
    <Pieces>Player_HP_0</Pieces>
    <Pieces>Player_HP_1A_X</Pieces>
    <Pieces>Player_HP_1B</Pieces>
    <Pieces>Player_HP_2A_X</Pieces>
    <Pieces>Player_HP_2B</Pieces>
    <Pieces>Player_HP_3A_X</Pieces>
    <Pieces>Player_HP_3B</Pieces>
    <Pieces>Player_HP_4A_X</Pieces>
    <Pieces>Player_HP_4B</Pieces>
    <Pieces>Player_Name</Pieces>
    <Pieces>Player_Mana</Pieces>
    <Pieces>Pet_HP</Pieces>
    <Pieces>Player_HPLabel</Pieces>
    <Pieces>Player_ManaLabel</Pieces>
    <Pieces>F1</Pieces>
  </Screen>
</XML>