<?xml version="1.0" encoding="us-ascii"?>
<XML ID="EQInterfaceDefinitionLanguage">
  <Schema xmlns="EverQuestData" xmlns:dt="EverQuestDataTypes" />
  <Gauge item="Casting_Gauge">
    <ScreenID>Gauge</ScreenID>
  </Gauge>
  <Label item="Casting_SpellName">
    <ScreenID />
  </Label>
  <Screen item="CastingWindow">
    <!--<ScreenID/>-->
    <!--<Font/>-->
    <RelativePosition>false</RelativePosition>
    <Location>
      <X>290</X>
      <Y>50</Y>
    </Location>
    <Size>
      <CX>0</CX>
      <CY>0</CY>
    </Size>
    <Text>Casting Time</Text>
    <Style_VScroll>false</Style_VScroll>
    <Style_HScroll>false</Style_HScroll>
    <Style_Transparent>false</Style_Transparent>
    <TooltipReference>The Breath Meter</TooltipReference>
    <DrawTemplate>WDT_RoundedNoTitle</DrawTemplate>
    <Style_Titlebar>false</Style_Titlebar>
    <Style_Closebox>false</Style_Closebox>
    <Style_Minimizebox>false</Style_Minimizebox>
    <Style_Border>true</Style_Border>
    <Style_Sizable>false</Style_Sizable>
    <Pieces>Casting_Gauge</Pieces>
    <Pieces>Casting_SpellName</Pieces>
  </Screen>
</XML>