<?xml version = "1.0"?>
<XML ID = "EQInterfaceDefinitionLanguage">
	<Schema xmlns = "EverQuestData" xmlns:dt = "EverQuestDataTypes"/>

	<Label item ="MW_MerchantName">
		<ScreenID>MW_MerchantName</ScreenID>
		<!--<Font>3</Font>-->
		<RelativePosition>true</RelativePosition>
		<Location>
			<X>0</X>
			<Y>1</Y>
		</Location>
		<Size>
			<CX>115</CX>
			<CY>40</CY>
		</Size>
		<Text>Blahblahblah's Merchant</Text>
		<TextColor>
				<R>255</R>
				<G>255</G>
				<B>255</B>
		</TextColor>
		<NoWrap>false</NoWrap>
		<AlignCenter>true</AlignCenter>
		<AlignRight>false</AlignRight>
	</Label>

	<InvSlot item = "MW_MerchantSlot0">
		<ScreenID>MW_MerchantSlot0</ScreenID>
		<!--<Font>3</Font>-->
		<RelativePosition>true</RelativePosition>
		<Location>
			<X>5</X>
			<Y>0</Y>
		</Location>
		<Size>
			<CX>40</CX>
			<CY>40</CY>
		</Size>
		<Background>A_RecessedBox</Background>
		<EQType>6000</EQType>
		<ItemOffsetX>2</ItemOffsetX>
		<ItemOffsetY>2</ItemOffsetY>
	</InvSlot>
	<InvSlot item = "MW_MerchantSlot1">
		<ScreenID>MW_MerchantSlot1</ScreenID>
		<!--<Font>3</Font>-->
		<RelativePosition>true</RelativePosition>
		<Location>
			<X>50</X>
			<Y>0</Y>
		</Location>
		<Size>
			<CX>40</CX>
			<CY>40</CY>
		</Size>
		<Background>A_RecessedBox</Background>
		<EQType>6001</EQType>
		<ItemOffsetX>2</ItemOffsetX>
		<ItemOffsetY>2</ItemOffsetY>
	</InvSlot>
	<InvSlot item = "MW_MerchantSlot2">
		<ScreenID>MW_MerchantSlot2</ScreenID>
		<!--<Font>3</Font>-->
		<RelativePosition>true</RelativePosition>
		<Location>
			<X>5</X>
			<Y>40</Y>
		</Location>
		<Size>
			<CX>40</CX>
			<CY>40</CY>
		</Size>
		<Background>A_RecessedBox</Background>
		<EQType>6002</EQType>
		<ItemOffsetX>2</ItemOffsetX>
		<ItemOffsetY>2</ItemOffsetY>
	</InvSlot>
	<InvSlot item = "MW_MerchantSlot3">
		<ScreenID>MW_MerchantSlot3</ScreenID>
		<!--<Font>3</Font>-->
		<RelativePosition>true</RelativePosition>
		<Location>
			<X>50</X>
			<Y>40</Y>
		</Location>
		<Size>
			<CX>40</CX>
			<CY>40</CY>
		</Size>
		<Background>A_RecessedBox</Background>
		<EQType>6003</EQType>
		<ItemOffsetX>2</ItemOffsetX>
		<ItemOffsetY>2</ItemOffsetY>
	</InvSlot>
	<InvSlot item = "MW_MerchantSlot4">
		<ScreenID>MW_MerchantSlot4</ScreenID>
		<!--<Font>3</Font>-->
		<RelativePosition>true</RelativePosition>
		<Location>
			<X>5</X>
			<Y>80</Y>
		</Location>
		<Size>
			<CX>40</CX>
			<CY>40</CY>
		</Size>
		<Background>A_RecessedBox</Background>
		<EQType>6004</EQType>
		<ItemOffsetX>2</ItemOffsetX>
		<ItemOffsetY>2</ItemOffsetY>
	</InvSlot>
	<InvSlot item = "MW_MerchantSlot5">
		<ScreenID>MW_MerchantSlot5</ScreenID>
		<!--<Font>3</Font>-->
		<RelativePosition>true</RelativePosition>
		<Location>
			<X>50</X>
			<Y>80</Y>
		</Location>
		<Size>
			<CX>40</CX>
			<CY>40</CY>
		</Size>
		<Background>A_RecessedBox</Background>
		<EQType>6005</EQType>
		<ItemOffsetX>2</ItemOffsetX>
		<ItemOffsetY>2</ItemOffsetY>
	</InvSlot>
	<InvSlot item = "MW_MerchantSlot6">
		<ScreenID>MW_MerchantSlot6</ScreenID>
		<!--<Font>3</Font>-->
		<RelativePosition>true</RelativePosition>
		<Location>
			<X>5</X>
			<Y>120</Y>
		</Location>
		<Size>
			<CX>40</CX>
			<CY>40</CY>
		</Size>
		<Background>A_RecessedBox</Background>
		<EQType>6006</EQType>
		<ItemOffsetX>2</ItemOffsetX>
		<ItemOffsetY>2</ItemOffsetY>
	</InvSlot>
	<InvSlot item = "MW_MerchantSlot7">
		<ScreenID>MW_MerchantSlot7</ScreenID>
		<!--<Font>3</Font>-->
		<RelativePosition>true</RelativePosition>
		<Location>
			<X>50</X>
			<Y>120</Y>
		</Location>
		<Size>
			<CX>40</CX>
			<CY>40</CY>
		</Size>
		<Background>A_RecessedBox</Background>
		<EQType>6007</EQType>
		<ItemOffsetX>2</ItemOffsetX>
		<ItemOffsetY>2</ItemOffsetY>
	</InvSlot>
	<InvSlot item = "MW_MerchantSlot8">
		<ScreenID>MW_MerchantSlot8</ScreenID>
		<!--<Font>3</Font>-->
		<RelativePosition>true</RelativePosition>
		<Location>
			<X>5</X>
			<Y>160</Y>
		</Location>
		<Size>
			<CX>40</CX>
			<CY>40</CY>
		</Size>
		<Background>A_RecessedBox</Background>
		<EQType>6008</EQType>
		<ItemOffsetX>2</ItemOffsetX>
		<ItemOffsetY>2</ItemOffsetY>
	</InvSlot>
	<InvSlot item = "MW_MerchantSlot9">
		<ScreenID>MW_MerchantSlot9</ScreenID>
		<!--<Font>3</Font>-->
		<RelativePosition>true</RelativePosition>
		<Location>
			<X>50</X>
			<Y>160</Y>
		</Location>
		<Size>
			<CX>40</CX>
			<CY>40</CY>
		</Size>
		<Background>A_RecessedBox</Background>
		<EQType>6009</EQType>
		<ItemOffsetX>2</ItemOffsetX>
		<ItemOffsetY>2</ItemOffsetY>
	</InvSlot>
	<InvSlot item = "MW_MerchantSlot10">
		<ScreenID>MW_MerchantSlot10</ScreenID>
		<!--<Font>3</Font>-->
		<RelativePosition>true</RelativePosition>
		<Location>
			<X>5</X>
			<Y>200</Y>
		</Location>
		<Size>
			<CX>40</CX>
			<CY>40</CY>
		</Size>
		<Background>A_RecessedBox</Background>
		<EQType>6010</EQType>
		<ItemOffsetX>2</ItemOffsetX>
		<ItemOffsetY>2</ItemOffsetY>
	</InvSlot>
	<InvSlot item = "MW_MerchantSlot11">
		<ScreenID>MW_MerchantSlot11</ScreenID>
		<!--<Font>3</Font>-->
		<RelativePosition>true</RelativePosition>
		<Location>
			<X>50</X>
			<Y>200</Y>
		</Location>
		<Size>
			<CX>40</CX>
			<CY>40</CY>
		</Size>
		<Background>A_RecessedBox</Background>
		<EQType>6011</EQType>
		<ItemOffsetX>2</ItemOffsetX>
		<ItemOffsetY>2</ItemOffsetY>
	</InvSlot>
	<InvSlot item = "MW_MerchantSlot12">
		<ScreenID>MW_MerchantSlot12</ScreenID>
		<!--<Font>3</Font>-->
		<RelativePosition>true</RelativePosition>
		<Location>
			<X>5</X>
			<Y>240</Y>
		</Location>
		<Size>
			<CX>40</CX>
			<CY>40</CY>
		</Size>
		<Background>A_RecessedBox</Background>
		<EQType>6012</EQType>
		<ItemOffsetX>2</ItemOffsetX>
		<ItemOffsetY>2</ItemOffsetY>
	</InvSlot>
	<InvSlot item = "MW_MerchantSlot13">
		<ScreenID>MW_MerchantSlot13</ScreenID>
		<!--<Font>3</Font>-->
		<RelativePosition>true</RelativePosition>
		<Location>
			<X>50</X>
			<Y>240</Y>
		</Location>
		<Size>
			<CX>40</CX>
			<CY>40</CY>
		</Size>
		<Background>A_RecessedBox</Background>
		<EQType>6013</EQType>
		<ItemOffsetX>2</ItemOffsetX>
		<ItemOffsetY>2</ItemOffsetY>
	</InvSlot>
	<InvSlot item = "MW_MerchantSlot14">
		<ScreenID>MW_MerchantSlot14</ScreenID>
		<!--<Font>3</Font>-->
		<RelativePosition>true</RelativePosition>
		<Location>
			<X>5</X>
			<Y>280</Y>
		</Location>
		<Size>
			<CX>40</CX>
			<CY>40</CY>
		</Size>
		<Background>A_RecessedBox</Background>
		<EQType>6014</EQType>
		<ItemOffsetX>2</ItemOffsetX>
		<ItemOffsetY>2</ItemOffsetY>
	</InvSlot>
	<InvSlot item = "MW_MerchantSlot15">
		<ScreenID>MW_MerchantSlot15</ScreenID>
		<!--<Font>3</Font>-->
		<RelativePosition>true</RelativePosition>
		<Location>
			<X>50</X>
			<Y>280</Y>
		</Location>
		<Size>
			<CX>40</CX>
			<CY>40</CY>
		</Size>
		<Background>A_RecessedBox</Background>
		<EQType>6015</EQType>
		<ItemOffsetX>2</ItemOffsetX>
		<ItemOffsetY>2</ItemOffsetY>
	</InvSlot>
	<InvSlot item = "MW_MerchantSlot16">
		<ScreenID>MW_MerchantSlot16</ScreenID>
		<!--<Font>3</Font>-->
		<RelativePosition>true</RelativePosition>
		<Location>
			<X>5</X>
			<Y>320</Y>
		</Location>
		<Size>
			<CX>40</CX>
			<CY>40</CY>
		</Size>
		<Background>A_RecessedBox</Background>
		<EQType>6016</EQType>
		<ItemOffsetX>2</ItemOffsetX>
		<ItemOffsetY>2</ItemOffsetY>
	</InvSlot>
	<InvSlot item = "MW_MerchantSlot17">
		<ScreenID>MW_MerchantSlot17</ScreenID>
		<!--<Font>3</Font>-->
		<RelativePosition>true</RelativePosition>
		<Location>
			<X>50</X>
			<Y>320</Y>
		</Location>
		<Size>
			<CX>40</CX>
			<CY>40</CY>
		</Size>
		<Background>A_RecessedBox</Background>
		<EQType>6017</EQType>
		<ItemOffsetX>2</ItemOffsetX>
		<ItemOffsetY>2</ItemOffsetY>
	</InvSlot>
	<InvSlot item = "MW_MerchantSlot18">
		<ScreenID>MW_MerchantSlot18</ScreenID>
		<!--<Font>3</Font>-->
		<RelativePosition>true</RelativePosition>
		<Location>
			<X>5</X>
			<Y>360</Y>
		</Location>
		<Size>
			<CX>40</CX>
			<CY>40</CY>
		</Size>
		<Background>A_RecessedBox</Background>
		<EQType>6018</EQType>
		<ItemOffsetX>2</ItemOffsetX>
		<ItemOffsetY>2</ItemOffsetY>
	</InvSlot>
	<InvSlot item = "MW_MerchantSlot19">
		<ScreenID>MW_MerchantSlot19</ScreenID>
		<!--<Font>3</Font>-->
		<RelativePosition>true</RelativePosition>
		<Location>
			<X>50</X>
			<Y>360</Y>
		</Location>
		<Size>
			<CX>40</CX>
			<CY>40</CY>
		</Size>
		<Background>A_RecessedBox</Background>
		<EQType>6019</EQType>
		<ItemOffsetX>2</ItemOffsetX>
		<ItemOffsetY>2</ItemOffsetY>
	</InvSlot>
	<InvSlot item = "MW_MerchantSlot20">
		<ScreenID>MW_MerchantSlot20</ScreenID>
		<!--<Font>3</Font>-->
		<RelativePosition>true</RelativePosition>
		<Location>
			<X>5</X>
			<Y>400</Y>
		</Location>
		<Size>
			<CX>40</CX>
			<CY>40</CY>
		</Size>
		<Background>A_RecessedBox</Background>
		<EQType>6020</EQType>
		<ItemOffsetX>2</ItemOffsetX>
		<ItemOffsetY>2</ItemOffsetY>
	</InvSlot>
	<InvSlot item = "MW_MerchantSlot21">
		<ScreenID>MW_MerchantSlot21</ScreenID>
		<!--<Font>3</Font>-->
		<RelativePosition>true</RelativePosition>
		<Location>
			<X>50</X>
			<Y>400</Y>
		</Location>
		<Size>
			<CX>40</CX>
			<CY>40</CY>
		</Size>
		<Background>A_RecessedBox</Background>
		<EQType>6021</EQType>
		<ItemOffsetX>2</ItemOffsetX>
		<ItemOffsetY>2</ItemOffsetY>
	</InvSlot>
	<InvSlot item = "MW_MerchantSlot22">
		<ScreenID>MW_MerchantSlot22</ScreenID>
		<!--<Font>3</Font>-->
		<RelativePosition>true</RelativePosition>
		<Location>
			<X>5</X>
			<Y>440</Y>
		</Location>
		<Size>
			<CX>40</CX>
			<CY>40</CY>
		</Size>
		<Background>A_RecessedBox</Background>
		<EQType>6022</EQType>
		<ItemOffsetX>2</ItemOffsetX>
		<ItemOffsetY>2</ItemOffsetY>
	</InvSlot>
	<InvSlot item = "MW_MerchantSlot23">
		<ScreenID>MW_MerchantSlot23</ScreenID>
		<!--<Font>3</Font>-->
		<RelativePosition>true</RelativePosition>
		<Location>
			<X>50</X>
			<Y>440</Y>
		</Location>
		<Size>
			<CX>40</CX>
			<CY>40</CY>
		</Size>
		<Background>A_RecessedBox</Background>
		<EQType>6023</EQType>
		<ItemOffsetX>2</ItemOffsetX>
		<ItemOffsetY>2</ItemOffsetY>
	</InvSlot>
	<InvSlot item = "MW_MerchantSlot24">
		<ScreenID>MW_MerchantSlot24</ScreenID>
		<!--<Font>3</Font>-->
		<RelativePosition>true</RelativePosition>
		<Location>
			<X>5</X>
			<Y>480</Y>
		</Location>
		<Size>
			<CX>40</CX>
			<CY>40</CY>
		</Size>
		<Background>A_RecessedBox</Background>
		<EQType>6024</EQType>
		<ItemOffsetX>2</ItemOffsetX>
		<ItemOffsetY>2</ItemOffsetY>
	</InvSlot>
	<InvSlot item = "MW_MerchantSlot25">
		<ScreenID>MW_MerchantSlot25</ScreenID>
		<!--<Font>3</Font>-->
		<RelativePosition>true</RelativePosition>
		<Location>
			<X>50</X>
			<Y>480</Y>
		</Location>
		<Size>
			<CX>40</CX>
			<CY>40</CY>
		</Size>
		<Background>A_RecessedBox</Background>
		<EQType>6025</EQType>
		<ItemOffsetX>2</ItemOffsetX>
		<ItemOffsetY>2</ItemOffsetY>
	</InvSlot>
	<InvSlot item = "MW_MerchantSlot26">
		<ScreenID>MW_MerchantSlot26</ScreenID>
		<!--<Font>3</Font>-->
		<RelativePosition>true</RelativePosition>
		<Location>
			<X>5</X>
			<Y>520</Y>
		</Location>
		<Size>
			<CX>40</CX>
			<CY>40</CY>
		</Size>
		<Background>A_RecessedBox</Background>
		<EQType>6026</EQType>
		<ItemOffsetX>2</ItemOffsetX>
		<ItemOffsetY>2</ItemOffsetY>
	</InvSlot>
	<InvSlot item = "MW_MerchantSlot27">
		<ScreenID>MW_MerchantSlot27</ScreenID>
		<!--<Font>3</Font>-->
		<RelativePosition>true</RelativePosition>
		<Location>
			<X>50</X>
			<Y>520</Y>
		</Location>
		<Size>
			<CX>40</CX>
			<CY>40</CY>
		</Size>
		<Background>A_RecessedBox</Background>
		<EQType>6027</EQType>
		<ItemOffsetX>2</ItemOffsetX>
		<ItemOffsetY>2</ItemOffsetY>
	</InvSlot>
	<InvSlot item = "MW_MerchantSlot28">
		<ScreenID>MW_MerchantSlot28</ScreenID>
		<!--<Font>3</Font>-->
		<RelativePosition>true</RelativePosition>
		<Location>
			<X>5</X>
			<Y>560</Y>
		</Location>
		<Size>
			<CX>40</CX>
			<CY>40</CY>
		</Size>
		<Background>A_RecessedBox</Background>
		<EQType>6028</EQType>
		<ItemOffsetX>2</ItemOffsetX>
		<ItemOffsetY>2</ItemOffsetY>
	</InvSlot>
	<InvSlot item = "MW_MerchantSlot29">
		<ScreenID>MW_MerchantSlot29</ScreenID>
		<!--<Font>3</Font>-->
		<RelativePosition>true</RelativePosition>
		<Location>
			<X>50</X>
			<Y>560</Y>
		</Location>
		<Size>
			<CX>40</CX>
			<CY>40</CY>
		</Size>
		<Background>A_RecessedBox</Background>
		<EQType>6029</EQType>
		<ItemOffsetX>2</ItemOffsetX>
		<ItemOffsetY>2</ItemOffsetY>
	</InvSlot>
	<InvSlot item = "MW_MerchantSlot30">
		<ScreenID>MW_MerchantSlot30</ScreenID>
		<!--<Font>3</Font>-->
		<RelativePosition>true</RelativePosition>
		<Location>
			<X>5</X>
			<Y>600</Y>
		</Location>
		<Size>
			<CX>40</CX>
			<CY>40</CY>
		</Size>
		<Background>A_RecessedBox</Background>
		<EQType>6030</EQType>
		<ItemOffsetX>2</ItemOffsetX>
		<ItemOffsetY>2</ItemOffsetY>
	</InvSlot>
	<InvSlot item = "MW_MerchantSlot31">
		<ScreenID>MW_MerchantSlot31</ScreenID>
		<!--<Font>3</Font>-->
		<RelativePosition>true</RelativePosition>
		<Location>
			<X>50</X>
			<Y>600</Y>
		</Location>
		<Size>
			<CX>40</CX>
			<CY>40</CY>
		</Size>
		<Background>A_RecessedBox</Background>
		<EQType>6031</EQType>
		<ItemOffsetX>2</ItemOffsetX>
		<ItemOffsetY>2</ItemOffsetY>
	</InvSlot>
	<InvSlot item = "MW_MerchantSlot32">
		<ScreenID>MW_MerchantSlot32</ScreenID>
		<!--<Font>3</Font>-->
		<RelativePosition>true</RelativePosition>
		<Location>
			<X>5</X>
			<Y>640</Y>
		</Location>
		<Size>
			<CX>40</CX>
			<CY>40</CY>
		</Size>
		<Background>A_RecessedBox</Background>
		<EQType>6032</EQType>
		<ItemOffsetX>2</ItemOffsetX>
		<ItemOffsetY>2</ItemOffsetY>
	</InvSlot>
	<InvSlot item = "MW_MerchantSlot33">
		<ScreenID>MW_MerchantSlot33</ScreenID>
		<!--<Font>3</Font>-->
		<RelativePosition>true</RelativePosition>
		<Location>
			<X>50</X>
			<Y>640</Y>
		</Location>
		<Size>
			<CX>40</CX>
			<CY>40</CY>
		</Size>
		<Background>A_RecessedBox</Background>
		<EQType>6033</EQType>
		<ItemOffsetX>2</ItemOffsetX>
		<ItemOffsetY>2</ItemOffsetY>
	</InvSlot>
	<InvSlot item = "MW_MerchantSlot34">
		<ScreenID>MW_MerchantSlot34</ScreenID>
		<!--<Font>3</Font>-->
		<RelativePosition>true</RelativePosition>
		<Location>
			<X>5</X>
			<Y>680</Y>
		</Location>
		<Size>
			<CX>40</CX>
			<CY>40</CY>
		</Size>
		<Background>A_RecessedBox</Background>
		<EQType>6034</EQType>
		<ItemOffsetX>2</ItemOffsetX>
		<ItemOffsetY>2</ItemOffsetY>
	</InvSlot>
	<InvSlot item = "MW_MerchantSlot35">
		<ScreenID>MW_MerchantSlot35</ScreenID>
		<!--<Font>3</Font>-->
		<RelativePosition>true</RelativePosition>
		<Location>
			<X>50</X>
			<Y>680</Y>
		</Location>
		<Size>
			<CX>40</CX>
			<CY>40</CY>
		</Size>
		<Background>A_RecessedBox</Background>
		<EQType>6035</EQType>
		<ItemOffsetX>2</ItemOffsetX>
		<ItemOffsetY>2</ItemOffsetY>
	</InvSlot>
	<InvSlot item = "MW_MerchantSlot36">
		<ScreenID>MW_MerchantSlot36</ScreenID>
		<!--<Font>3</Font>-->
		<RelativePosition>true</RelativePosition>
		<Location>
			<X>5</X>
			<Y>720</Y>
		</Location>
		<Size>
			<CX>40</CX>
			<CY>40</CY>
		</Size>
		<Background>A_RecessedBox</Background>
		<EQType>6036</EQType>
		<ItemOffsetX>2</ItemOffsetX>
		<ItemOffsetY>2</ItemOffsetY>
	</InvSlot>
	<InvSlot item = "MW_MerchantSlot37">
		<ScreenID>MW_MerchantSlot37</ScreenID>
		<!--<Font>3</Font>-->
		<RelativePosition>true</RelativePosition>
		<Location>
			<X>50</X>
			<Y>720</Y>
		</Location>
		<Size>
			<CX>40</CX>
			<CY>40</CY>
		</Size>
		<Background>A_RecessedBox</Background>
		<EQType>6037</EQType>
		<ItemOffsetX>2</ItemOffsetX>
		<ItemOffsetY>2</ItemOffsetY>
	</InvSlot>
	<InvSlot item = "MW_MerchantSlot38">
		<ScreenID>MW_MerchantSlot38</ScreenID>
		<!--<Font>3</Font>-->
		<RelativePosition>true</RelativePosition>
		<Location>
			<X>5</X>
			<Y>760</Y>
		</Location>
		<Size>
			<CX>40</CX>
			<CY>40</CY>
		</Size>
		<Background>A_RecessedBox</Background>
		<EQType>6038</EQType>
		<ItemOffsetX>2</ItemOffsetX>
		<ItemOffsetY>2</ItemOffsetY>
	</InvSlot>
	<InvSlot item = "MW_MerchantSlot39">
		<ScreenID>MW_MerchantSlot39</ScreenID>
		<!--<Font>3</Font>-->
		<RelativePosition>true</RelativePosition>
		<Location>
			<X>50</X>
			<Y>760</Y>
		</Location>
		<Size>
			<CX>40</CX>
			<CY>40</CY>
		</Size>
		<Background>A_RecessedBox</Background>
		<EQType>6039</EQType>
		<ItemOffsetX>2</ItemOffsetX>
		<ItemOffsetY>2</ItemOffsetY>
	</InvSlot>
	<InvSlot item = "MW_MerchantSlot40">
		<ScreenID>MW_MerchantSlot40</ScreenID>
		<!--<Font>3</Font>-->
		<RelativePosition>true</RelativePosition>
		<Location>
			<X>5</X>
			<Y>800</Y>
		</Location>
		<Size>
			<CX>40</CX>
			<CY>40</CY>
		</Size>
		<Background>A_RecessedBox</Background>
		<EQType>6040</EQType>
		<ItemOffsetX>2</ItemOffsetX>
		<ItemOffsetY>2</ItemOffsetY>
	</InvSlot>
	<InvSlot item = "MW_MerchantSlot41">
		<ScreenID>MW_MerchantSlot41</ScreenID>
		<!--<Font>3</Font>-->
		<RelativePosition>true</RelativePosition>
		<Location>
			<X>50</X>
			<Y>800</Y>
		</Location>
		<Size>
			<CX>40</CX>
			<CY>40</CY>
		</Size>
		<Background>A_RecessedBox</Background>
		<EQType>6041</EQType>
		<ItemOffsetX>2</ItemOffsetX>
		<ItemOffsetY>2</ItemOffsetY>
	</InvSlot>
	<InvSlot item = "MW_MerchantSlot42">
		<ScreenID>MW_MerchantSlot42</ScreenID>
		<!--<Font>3</Font>-->
		<RelativePosition>true</RelativePosition>
		<Location>
			<X>5</X>
			<Y>840</Y>
		</Location>
		<Size>
			<CX>40</CX>
			<CY>40</CY>
		</Size>
		<Background>A_RecessedBox</Background>
		<EQType>6042</EQType>
		<ItemOffsetX>2</ItemOffsetX>
		<ItemOffsetY>2</ItemOffsetY>
	</InvSlot>
	<InvSlot item = "MW_MerchantSlot43">
		<ScreenID>MW_MerchantSlot43</ScreenID>
		<!--<Font>3</Font>-->
		<RelativePosition>true</RelativePosition>
		<Location>
			<X>50</X>
			<Y>840</Y>
		</Location>
		<Size>
			<CX>40</CX>
			<CY>40</CY>
		</Size>
		<Background>A_RecessedBox</Background>
		<EQType>6043</EQType>
		<ItemOffsetX>2</ItemOffsetX>
		<ItemOffsetY>2</ItemOffsetY>
	</InvSlot>
	<InvSlot item = "MW_MerchantSlot44">
		<ScreenID>MW_MerchantSlot44</ScreenID>
		<!--<Font>3</Font>-->
		<RelativePosition>true</RelativePosition>
		<Location>
			<X>5</X>
			<Y>880</Y>
		</Location>
		<Size>
			<CX>40</CX>
			<CY>40</CY>
		</Size>
		<Background>A_RecessedBox</Background>
		<EQType>6044</EQType>
		<ItemOffsetX>2</ItemOffsetX>
		<ItemOffsetY>2</ItemOffsetY>
	</InvSlot>
	<InvSlot item = "MW_MerchantSlot45">
		<ScreenID>MW_MerchantSlot45</ScreenID>
		<!--<Font>3</Font>-->
		<RelativePosition>true</RelativePosition>
		<Location>
			<X>50</X>
			<Y>880</Y>
		</Location>
		<Size>
			<CX>40</CX>
			<CY>40</CY>
		</Size>
		<Background>A_RecessedBox</Background>
		<EQType>6045</EQType>
		<ItemOffsetX>2</ItemOffsetX>
		<ItemOffsetY>2</ItemOffsetY>
	</InvSlot>
	<InvSlot item = "MW_MerchantSlot46">
		<ScreenID>MW_MerchantSlot46</ScreenID>
		<!--<Font>3</Font>-->
		<RelativePosition>true</RelativePosition>
		<Location>
			<X>5</X>
			<Y>920</Y>
		</Location>
		<Size>
			<CX>40</CX>
			<CY>40</CY>
		</Size>
		<Background>A_RecessedBox</Background>
		<EQType>6046</EQType>
		<ItemOffsetX>2</ItemOffsetX>
		<ItemOffsetY>2</ItemOffsetY>
	</InvSlot>
	<InvSlot item = "MW_MerchantSlot47">
		<ScreenID>MW_MerchantSlot47</ScreenID>
		<!--<Font>3</Font>-->
		<RelativePosition>true</RelativePosition>
		<Location>
			<X>50</X>
			<Y>920</Y>
		</Location>
		<Size>
			<CX>40</CX>
			<CY>40</CY>
		</Size>
		<Background>A_RecessedBox</Background>
		<EQType>6047</EQType>
		<ItemOffsetX>2</ItemOffsetX>
		<ItemOffsetY>2</ItemOffsetY>
	</InvSlot>
	<InvSlot item = "MW_MerchantSlot48">
		<ScreenID>MW_MerchantSlot48</ScreenID>
		<!--<Font>3</Font>-->
		<RelativePosition>true</RelativePosition>
		<Location>
			<X>5</X>
			<Y>960</Y>
		</Location>
		<Size>
			<CX>40</CX>
			<CY>40</CY>
		</Size>
		<Background>A_RecessedBox</Background>
		<EQType>6048</EQType>
		<ItemOffsetX>2</ItemOffsetX>
		<ItemOffsetY>2</ItemOffsetY>
	</InvSlot>
	<InvSlot item = "MW_MerchantSlot49">
		<ScreenID>MW_MerchantSlot49</ScreenID>
		<!--<Font>3</Font>-->
		<RelativePosition>true</RelativePosition>
		<Location>
			<X>50</X>
			<Y>960</Y>
		</Location>
		<Size>
			<CX>40</CX>
			<CY>40</CY>
		</Size>
		<Background>A_RecessedBox</Background>
		<EQType>6049</EQType>
		<ItemOffsetX>2</ItemOffsetX>
		<ItemOffsetY>2</ItemOffsetY>
	</InvSlot>
	<InvSlot item = "MW_MerchantSlot50">
		<ScreenID>MW_MerchantSlot50</ScreenID>
		<!--<Font>3</Font>-->
		<RelativePosition>true</RelativePosition>
		<Location>
			<X>5</X>
			<Y>1000</Y>
		</Location>
		<Size>
			<CX>40</CX>
			<CY>40</CY>
		</Size>
		<Background>A_RecessedBox</Background>
		<EQType>6050</EQType>
		<ItemOffsetX>2</ItemOffsetX>
		<ItemOffsetY>2</ItemOffsetY>
	</InvSlot>
	<InvSlot item = "MW_MerchantSlot51">
		<ScreenID>MW_MerchantSlot51</ScreenID>
		<!--<Font>3</Font>-->
		<RelativePosition>true</RelativePosition>
		<Location>
			<X>50</X>
			<Y>1000</Y>
		</Location>
		<Size>
			<CX>40</CX>
			<CY>40</CY>
		</Size>
		<Background>A_RecessedBox</Background>
		<EQType>6051</EQType>
		<ItemOffsetX>2</ItemOffsetX>
		<ItemOffsetY>2</ItemOffsetY>
	</InvSlot>
	<InvSlot item = "MW_MerchantSlot52">
		<ScreenID>MW_MerchantSlot52</ScreenID>
		<!--<Font>3</Font>-->
		<RelativePosition>true</RelativePosition>
		<Location>
			<X>5</X>
			<Y>1040</Y>
		</Location>
		<Size>
			<CX>40</CX>
			<CY>40</CY>
		</Size>
		<Background>A_RecessedBox</Background>
		<EQType>6052</EQType>
		<ItemOffsetX>2</ItemOffsetX>
		<ItemOffsetY>2</ItemOffsetY>
	</InvSlot>
	<InvSlot item = "MW_MerchantSlot53">
		<ScreenID>MW_MerchantSlot53</ScreenID>
		<!--<Font>3</Font>-->
		<RelativePosition>true</RelativePosition>
		<Location>
			<X>50</X>
			<Y>1040</Y>
		</Location>
		<Size>
			<CX>40</CX>
			<CY>40</CY>
		</Size>
		<Background>A_RecessedBox</Background>
		<EQType>6053</EQType>
		<ItemOffsetX>2</ItemOffsetX>
		<ItemOffsetY>2</ItemOffsetY>
	</InvSlot>
	<InvSlot item = "MW_MerchantSlot54">
		<ScreenID>MW_MerchantSlot54</ScreenID>
		<!--<Font>3</Font>-->
		<RelativePosition>true</RelativePosition>
		<Location>
			<X>5</X>
			<Y>1080</Y>
		</Location>
		<Size>
			<CX>40</CX>
			<CY>40</CY>
		</Size>
		<Background>A_RecessedBox</Background>
		<EQType>6054</EQType>
		<ItemOffsetX>2</ItemOffsetX>
		<ItemOffsetY>2</ItemOffsetY>
	</InvSlot>
	<InvSlot item = "MW_MerchantSlot55">
		<ScreenID>MW_MerchantSlot55</ScreenID>
		<!--<Font>3</Font>-->
		<RelativePosition>true</RelativePosition>
		<Location>
			<X>50</X>
			<Y>1080</Y>
		</Location>
		<Size>
			<CX>40</CX>
			<CY>40</CY>
		</Size>
		<Background>A_RecessedBox</Background>
		<EQType>6055</EQType>
		<ItemOffsetX>2</ItemOffsetX>
		<ItemOffsetY>2</ItemOffsetY>
	</InvSlot>
	<InvSlot item = "MW_MerchantSlot56">
		<ScreenID>MW_MerchantSlot56</ScreenID>
		<!--<Font>3</Font>-->
		<RelativePosition>true</RelativePosition>
		<Location>
			<X>5</X>
			<Y>1120</Y>
		</Location>
		<Size>
			<CX>40</CX>
			<CY>40</CY>
		</Size>
		<Background>A_RecessedBox</Background>
		<EQType>6056</EQType>
		<ItemOffsetX>2</ItemOffsetX>
		<ItemOffsetY>2</ItemOffsetY>
	</InvSlot>
	<InvSlot item = "MW_MerchantSlot57">
		<ScreenID>MW_MerchantSlot57</ScreenID>
		<!--<Font>3</Font>-->
		<RelativePosition>true</RelativePosition>
		<Location>
			<X>50</X>
			<Y>1120</Y>
		</Location>
		<Size>
			<CX>40</CX>
			<CY>40</CY>
		</Size>
		<Background>A_RecessedBox</Background>
		<EQType>6057</EQType>
		<ItemOffsetX>2</ItemOffsetX>
		<ItemOffsetY>2</ItemOffsetY>
	</InvSlot>
	<InvSlot item = "MW_MerchantSlot58">
		<ScreenID>MW_MerchantSlot58</ScreenID>
		<!--<Font>3</Font>-->
		<RelativePosition>true</RelativePosition>
		<Location>
			<X>5</X>
			<Y>1160</Y>
		</Location>
		<Size>
			<CX>40</CX>
			<CY>40</CY>
		</Size>
		<Background>A_RecessedBox</Background>
		<EQType>6058</EQType>
		<ItemOffsetX>2</ItemOffsetX>
		<ItemOffsetY>2</ItemOffsetY>
	</InvSlot>
	<InvSlot item = "MW_MerchantSlot59">
		<ScreenID>MW_MerchantSlot59</ScreenID>
		<!--<Font>3</Font>-->
		<RelativePosition>true</RelativePosition>
		<Location>
			<X>50</X>
			<Y>1160</Y>
		</Location>
		<Size>
			<CX>40</CX>
			<CY>40</CY>
		</Size>
		<Background>A_RecessedBox</Background>
		<EQType>6059</EQType>
		<ItemOffsetX>2</ItemOffsetX>
		<ItemOffsetY>2</ItemOffsetY>
	</InvSlot>
	<InvSlot item = "MW_MerchantSlot60">
		<ScreenID>MW_MerchantSlot60</ScreenID>
		<!--<Font>3</Font>-->
		<RelativePosition>true</RelativePosition>
		<Location>
			<X>5</X>
			<Y>1200</Y>
		</Location>
		<Size>
			<CX>40</CX>
			<CY>40</CY>
		</Size>
		<Background>A_RecessedBox</Background>
		<EQType>6060</EQType>
		<ItemOffsetX>2</ItemOffsetX>
		<ItemOffsetY>2</ItemOffsetY>
	</InvSlot>
	<InvSlot item = "MW_MerchantSlot61">
		<ScreenID>MW_MerchantSlot61</ScreenID>
		<!--<Font>3</Font>-->
		<RelativePosition>true</RelativePosition>
		<Location>
			<X>50</X>
			<Y>1200</Y>
		</Location>
		<Size>
			<CX>40</CX>
			<CY>40</CY>
		</Size>
		<Background>A_RecessedBox</Background>
		<EQType>6061</EQType>
		<ItemOffsetX>2</ItemOffsetX>
		<ItemOffsetY>2</ItemOffsetY>
	</InvSlot>
	<InvSlot item = "MW_MerchantSlot62">
		<ScreenID>MW_MerchantSlot62</ScreenID>
		<!--<Font>3</Font>-->
		<RelativePosition>true</RelativePosition>
		<Location>
			<X>5</X>
			<Y>1240</Y>
		</Location>
		<Size>
			<CX>40</CX>
			<CY>40</CY>
		</Size>
		<Background>A_RecessedBox</Background>
		<EQType>6062</EQType>
		<ItemOffsetX>2</ItemOffsetX>
		<ItemOffsetY>2</ItemOffsetY>
	</InvSlot>
	<InvSlot item = "MW_MerchantSlot63">
		<ScreenID>MW_MerchantSlot63</ScreenID>
		<!--<Font>3</Font>-->
		<RelativePosition>true</RelativePosition>
		<Location>
			<X>50</X>
			<Y>1240</Y>
		</Location>
		<Size>
			<CX>40</CX>
			<CY>40</CY>
		</Size>
		<Background>A_RecessedBox</Background>
		<EQType>6063</EQType>
		<ItemOffsetX>2</ItemOffsetX>
		<ItemOffsetY>2</ItemOffsetY>
	</InvSlot>
	<InvSlot item = "MW_MerchantSlot64">
		<ScreenID>MW_MerchantSlot64</ScreenID>
		<!--<Font>3</Font>-->
		<RelativePosition>true</RelativePosition>
		<Location>
			<X>5</X>
			<Y>1280</Y>
		</Location>
		<Size>
			<CX>40</CX>
			<CY>40</CY>
		</Size>
		<Background>A_RecessedBox</Background>
		<EQType>6064</EQType>
		<ItemOffsetX>2</ItemOffsetX>
		<ItemOffsetY>2</ItemOffsetY>
	</InvSlot>
	<InvSlot item = "MW_MerchantSlot65">
		<ScreenID>MW_MerchantSlot65</ScreenID>
		<!--<Font>3</Font>-->
		<RelativePosition>true</RelativePosition>
		<Location>
			<X>50</X>
			<Y>1280</Y>
		</Location>
		<Size>
			<CX>40</CX>
			<CY>40</CY>
		</Size>
		<Background>A_RecessedBox</Background>
		<EQType>6065</EQType>
		<ItemOffsetX>2</ItemOffsetX>
		<ItemOffsetY>2</ItemOffsetY>
	</InvSlot>
	<InvSlot item = "MW_MerchantSlot66">
		<ScreenID>MW_MerchantSlot66</ScreenID>
		<!--<Font>3</Font>-->
		<RelativePosition>true</RelativePosition>
		<Location>
			<X>5</X>
			<Y>1320</Y>
		</Location>
		<Size>
			<CX>40</CX>
			<CY>40</CY>
		</Size>
		<Background>A_RecessedBox</Background>
		<EQType>6066</EQType>
		<ItemOffsetX>2</ItemOffsetX>
		<ItemOffsetY>2</ItemOffsetY>
	</InvSlot>
	<InvSlot item = "MW_MerchantSlot67">
		<ScreenID>MW_MerchantSlot67</ScreenID>
		<!--<Font>3</Font>-->
		<RelativePosition>true</RelativePosition>
		<Location>
			<X>50</X>
			<Y>1320</Y>
		</Location>
		<Size>
			<CX>40</CX>
			<CY>40</CY>
		</Size>
		<Background>A_RecessedBox</Background>
		<EQType>6067</EQType>
		<ItemOffsetX>2</ItemOffsetX>
		<ItemOffsetY>2</ItemOffsetY>
	</InvSlot>
	<InvSlot item = "MW_MerchantSlot68">
		<ScreenID>MW_MerchantSlot68</ScreenID>
		<!--<Font>3</Font>-->
		<RelativePosition>true</RelativePosition>
		<Location>
			<X>5</X>
			<Y>1360</Y>
		</Location>
		<Size>
			<CX>40</CX>
			<CY>40</CY>
		</Size>
		<Background>A_RecessedBox</Background>
		<EQType>6068</EQType>
		<ItemOffsetX>2</ItemOffsetX>
		<ItemOffsetY>2</ItemOffsetY>
	</InvSlot>
	<InvSlot item = "MW_MerchantSlot69">
		<ScreenID>MW_MerchantSlot69</ScreenID>
		<!--<Font>3</Font>-->
		<RelativePosition>true</RelativePosition>
		<Location>
			<X>50</X>
			<Y>1360</Y>
		</Location>
		<Size>
			<CX>40</CX>
			<CY>40</CY>
		</Size>
		<Background>A_RecessedBox</Background>
		<EQType>6069</EQType>
		<ItemOffsetX>2</ItemOffsetX>
		<ItemOffsetY>2</ItemOffsetY>
	</InvSlot>
	<InvSlot item = "MW_MerchantSlot70">
		<ScreenID>MW_MerchantSlot70</ScreenID>
		<!--<Font>3</Font>-->
		<RelativePosition>true</RelativePosition>
		<Location>
			<X>5</X>
			<Y>1400</Y>
		</Location>
		<Size>
			<CX>40</CX>
			<CY>40</CY>
		</Size>
		<Background>A_RecessedBox</Background>
		<EQType>6070</EQType>
		<ItemOffsetX>2</ItemOffsetX>
		<ItemOffsetY>2</ItemOffsetY>
	</InvSlot>
	<InvSlot item = "MW_MerchantSlot71">
		<ScreenID>MW_MerchantSlot71</ScreenID>
		<!--<Font>3</Font>-->
		<RelativePosition>true</RelativePosition>
		<Location>
			<X>50</X>
			<Y>1400</Y>
		</Location>
		<Size>
			<CX>40</CX>
			<CY>40</CY>
		</Size>
		<Background>A_RecessedBox</Background>
		<EQType>6071</EQType>
		<ItemOffsetX>2</ItemOffsetX>
		<ItemOffsetY>2</ItemOffsetY>
	</InvSlot>
	<InvSlot item = "MW_MerchantSlot72">
		<ScreenID>MW_MerchantSlot72</ScreenID>
		<!--<Font>3</Font>-->
		<RelativePosition>true</RelativePosition>
		<Location>
			<X>5</X>
			<Y>1440</Y>
		</Location>
		<Size>
			<CX>40</CX>
			<CY>40</CY>
		</Size>
		<Background>A_RecessedBox</Background>
		<EQType>6072</EQType>
		<ItemOffsetX>2</ItemOffsetX>
		<ItemOffsetY>2</ItemOffsetY>
	</InvSlot>
	<InvSlot item = "MW_MerchantSlot73">
		<ScreenID>MW_MerchantSlot73</ScreenID>
		<!--<Font>3</Font>-->
		<RelativePosition>true</RelativePosition>
		<Location>
			<X>50</X>
			<Y>1440</Y>
		</Location>
		<Size>
			<CX>40</CX>
			<CY>40</CY>
		</Size>
		<Background>A_RecessedBox</Background>
		<EQType>6073</EQType>
		<ItemOffsetX>2</ItemOffsetX>
		<ItemOffsetY>2</ItemOffsetY>
	</InvSlot>
	<InvSlot item = "MW_MerchantSlot74">
		<ScreenID>MW_MerchantSlot74</ScreenID>
		<!--<Font>3</Font>-->
		<RelativePosition>true</RelativePosition>
		<Location>
			<X>5</X>
			<Y>1480</Y>
		</Location>
		<Size>
			<CX>40</CX>
			<CY>40</CY>
		</Size>
		<Background>A_RecessedBox</Background>
		<EQType>6074</EQType>
		<ItemOffsetX>2</ItemOffsetX>
		<ItemOffsetY>2</ItemOffsetY>
	</InvSlot>
	<InvSlot item = "MW_MerchantSlot75">
		<ScreenID>MW_MerchantSlot75</ScreenID>
		<!--<Font>3</Font>-->
		<RelativePosition>true</RelativePosition>
		<Location>
			<X>50</X>
			<Y>1480</Y>
		</Location>
		<Size>
			<CX>40</CX>
			<CY>40</CY>
		</Size>
		<Background>A_RecessedBox</Background>
		<EQType>6075</EQType>
		<ItemOffsetX>2</ItemOffsetX>
		<ItemOffsetY>2</ItemOffsetY>
	</InvSlot>
	<InvSlot item = "MW_MerchantSlot76">
		<ScreenID>MW_MerchantSlot76</ScreenID>
		<!--<Font>3</Font>-->
		<RelativePosition>true</RelativePosition>
		<Location>
			<X>5</X>
			<Y>1520</Y>
		</Location>
		<Size>
			<CX>40</CX>
			<CY>40</CY>
		</Size>
		<Background>A_RecessedBox</Background>
		<EQType>6076</EQType>
		<ItemOffsetX>2</ItemOffsetX>
		<ItemOffsetY>2</ItemOffsetY>
	</InvSlot>
	<InvSlot item = "MW_MerchantSlot77">
		<ScreenID>MW_MerchantSlot77</ScreenID>
		<!--<Font>3</Font>-->
		<RelativePosition>true</RelativePosition>
		<Location>
			<X>50</X>
			<Y>1520</Y>
		</Location>
		<Size>
			<CX>40</CX>
			<CY>40</CY>
		</Size>
		<Background>A_RecessedBox</Background>
		<EQType>6077</EQType>
		<ItemOffsetX>2</ItemOffsetX>
		<ItemOffsetY>2</ItemOffsetY>
	</InvSlot>
	<InvSlot item = "MW_MerchantSlot78">
		<ScreenID>MW_MerchantSlot78</ScreenID>
		<!--<Font>3</Font>-->
		<RelativePosition>true</RelativePosition>
		<Location>
			<X>5</X>
			<Y>1560</Y>
		</Location>
		<Size>
			<CX>40</CX>
			<CY>40</CY>
		</Size>
		<Background>A_RecessedBox</Background>
		<EQType>6078</EQType>
		<ItemOffsetX>2</ItemOffsetX>
		<ItemOffsetY>2</ItemOffsetY>
	</InvSlot>
	<InvSlot item = "MW_MerchantSlot79">
		<ScreenID>MW_MerchantSlot79</ScreenID>
		<!--<Font>3</Font>-->
		<RelativePosition>true</RelativePosition>
		<Location>
			<X>50</X>
			<Y>1560</Y>
		</Location>
		<Size>
			<CX>40</CX>
			<CY>40</CY>
		</Size>
		<Background>A_RecessedBox</Background>
		<EQType>6079</EQType>
		<ItemOffsetX>2</ItemOffsetX>
		<ItemOffsetY>2</ItemOffsetY>
	</InvSlot>

	<Screen item = "MW_MerchantSlotsWnd">
		<ScreenID>MerchantSlotsWnd</ScreenID>
		<!--<Font/>-->
		<RelativePosition>true</RelativePosition>
		<AutoStretch>true</AutoStretch>
		<LeftAnchorOffset>0</LeftAnchorOffset>
		<TopAnchorOffset>32</TopAnchorOffset>
		<RightAnchorOffset>0</RightAnchorOffset>
		<BottomAnchorOffset>142</BottomAnchorOffset>
		<RightAnchorToLeft>false</RightAnchorToLeft>
		<BottomAnchorToTop>false</BottomAnchorToTop>
		<Style_VScroll>true</Style_VScroll>
		<Style_Transparent>false</Style_Transparent>
		<!--<TooltipReference/>-->
		<DrawTemplate>WDT_Inner</DrawTemplate>
		<Style_Titlebar>false</Style_Titlebar>
		<Style_Closebox>false</Style_Closebox>
		<Style_Minimizebox>false</Style_Minimizebox>
		<Style_Border>true</Style_Border>
		<Style_Sizable>false</Style_Sizable>
		<Pieces>MW_MerchantSlot0</Pieces>
		<Pieces>MW_MerchantSlot1</Pieces>
		<Pieces>MW_MerchantSlot2</Pieces>
		<Pieces>MW_MerchantSlot3</Pieces>
		<Pieces>MW_MerchantSlot4</Pieces>
		<Pieces>MW_MerchantSlot5</Pieces>
		<Pieces>MW_MerchantSlot6</Pieces>
		<Pieces>MW_MerchantSlot7</Pieces>
		<Pieces>MW_MerchantSlot8</Pieces>
		<Pieces>MW_MerchantSlot9</Pieces>
		<Pieces>MW_MerchantSlot10</Pieces>
		<Pieces>MW_MerchantSlot11</Pieces>
		<Pieces>MW_MerchantSlot12</Pieces>
		<Pieces>MW_MerchantSlot13</Pieces>
		<Pieces>MW_MerchantSlot14</Pieces>
		<Pieces>MW_MerchantSlot15</Pieces>
		<Pieces>MW_MerchantSlot16</Pieces>
		<Pieces>MW_MerchantSlot17</Pieces>
		<Pieces>MW_MerchantSlot18</Pieces>
		<Pieces>MW_MerchantSlot19</Pieces>
		<Pieces>MW_MerchantSlot20</Pieces>
		<Pieces>MW_MerchantSlot21</Pieces>
		<Pieces>MW_MerchantSlot22</Pieces>
		<Pieces>MW_MerchantSlot23</Pieces>
		<Pieces>MW_MerchantSlot24</Pieces>
		<Pieces>MW_MerchantSlot25</Pieces>
		<Pieces>MW_MerchantSlot26</Pieces>
		<Pieces>MW_MerchantSlot27</Pieces>
		<Pieces>MW_MerchantSlot28</Pieces>
		<Pieces>MW_MerchantSlot29</Pieces>
		<Pieces>MW_MerchantSlot30</Pieces>
		<Pieces>MW_MerchantSlot31</Pieces>
		<Pieces>MW_MerchantSlot32</Pieces>
		<Pieces>MW_MerchantSlot33</Pieces>
		<Pieces>MW_MerchantSlot34</Pieces>
		<Pieces>MW_MerchantSlot35</Pieces>
		<Pieces>MW_MerchantSlot36</Pieces>
		<Pieces>MW_MerchantSlot37</Pieces>
		<Pieces>MW_MerchantSlot38</Pieces>
		<Pieces>MW_MerchantSlot39</Pieces>
		<Pieces>MW_MerchantSlot40</Pieces>
		<Pieces>MW_MerchantSlot41</Pieces>
		<Pieces>MW_MerchantSlot42</Pieces>
		<Pieces>MW_MerchantSlot43</Pieces>
		<Pieces>MW_MerchantSlot44</Pieces>
		<Pieces>MW_MerchantSlot45</Pieces>
		<Pieces>MW_MerchantSlot46</Pieces>
		<Pieces>MW_MerchantSlot47</Pieces>
		<Pieces>MW_MerchantSlot48</Pieces>
		<Pieces>MW_MerchantSlot49</Pieces>
		<Pieces>MW_MerchantSlot50</Pieces>
		<Pieces>MW_MerchantSlot51</Pieces>
		<Pieces>MW_MerchantSlot52</Pieces>
		<Pieces>MW_MerchantSlot53</Pieces>
		<Pieces>MW_MerchantSlot54</Pieces>
		<Pieces>MW_MerchantSlot55</Pieces>
		<Pieces>MW_MerchantSlot56</Pieces>
		<Pieces>MW_MerchantSlot57</Pieces>
		<Pieces>MW_MerchantSlot58</Pieces>
		<Pieces>MW_MerchantSlot59</Pieces>
		<Pieces>MW_MerchantSlot60</Pieces>
		<Pieces>MW_MerchantSlot61</Pieces>
		<Pieces>MW_MerchantSlot62</Pieces>
		<Pieces>MW_MerchantSlot63</Pieces>
		<Pieces>MW_MerchantSlot64</Pieces>
		<Pieces>MW_MerchantSlot65</Pieces>
		<Pieces>MW_MerchantSlot66</Pieces>
		<Pieces>MW_MerchantSlot67</Pieces>
		<Pieces>MW_MerchantSlot68</Pieces>
		<Pieces>MW_MerchantSlot69</Pieces>
		<Pieces>MW_MerchantSlot70</Pieces>
		<Pieces>MW_MerchantSlot71</Pieces>
		<Pieces>MW_MerchantSlot72</Pieces>
		<Pieces>MW_MerchantSlot73</Pieces>
		<Pieces>MW_MerchantSlot74</Pieces>
		<Pieces>MW_MerchantSlot75</Pieces>
		<Pieces>MW_MerchantSlot76</Pieces>
		<Pieces>MW_MerchantSlot77</Pieces>
		<Pieces>MW_MerchantSlot78</Pieces>
		<Pieces>MW_MerchantSlot79</Pieces>
	</Screen>

	<Label item ="MW_SelectedItemLabel">
		<ScreenID>MW_SelectedItemLabel</ScreenID>
		<!--<Font>3</Font>-->
		<RelativePosition>true</RelativePosition>
		<AutoStretch>true</AutoStretch>
		<LeftAnchorOffset>5</LeftAnchorOffset>
		<TopAnchorOffset>140</TopAnchorOffset>
		<RightAnchorOffset>110</RightAnchorOffset>
		<BottomAnchorOffset>100</BottomAnchorOffset>
		<TopAnchorToTop>false</TopAnchorToTop>
		<BottomAnchorToTop>false</BottomAnchorToTop>
		<Text>Item Being Considered</Text>
		<TextColor>
				<R>255</R>
				<G>255</G>
				<B>255</B>
		</TextColor>
		<NoWrap>false</NoWrap>
		<AlignCenter>true</AlignCenter>
		<AlignRight>false</AlignRight>
	</Label>

	<Button item = "MW_SelectedItem">
		<ScreenID>MW_SelectedItem</ScreenID>
		<!--<Font>3</Font>-->
		<RelativePosition>true</RelativePosition>
		<AutoStretch>true</AutoStretch>
		<LeftAnchorOffset>37</LeftAnchorOffset>
		<TopAnchorOffset>100</TopAnchorOffset>
		<RightAnchorOffset>77</RightAnchorOffset>
		<BottomAnchorOffset>60</BottomAnchorOffset>
		<TopAnchorToTop>false</TopAnchorToTop>
		<BottomAnchorToTop>false</BottomAnchorToTop>
		<Style_Transparent>false</Style_Transparent>
		<!--<TooltipReference/>-->
		<Style_Checkbox>false</Style_Checkbox>
		<!--<RadioGroup/>-->
		<ButtonDrawTemplate>
			<Normal>A_RecessedBox</Normal>
			<NormalDecal>A_DragItem</NormalDecal>
		</ButtonDrawTemplate>
		<!--<SoundPressed/>-->
		<!--<<SoundUp/>-->
		<!--<SoundFlyby/>-->
		<DecalOffset>
			<X>2</X>
			<Y>2</Y>
		</DecalOffset>
		<DecalSize>
			<CX>40</CX>
			<CY>40</CY>
		</DecalSize>
	</Button>

	<Button item = "MW_Buy_Button">
		<ScreenID>MW_Buy_Button</ScreenID>
		<!--<Font>3</Font>-->
		<RelativePosition>true</RelativePosition>
		<AutoStretch>true</AutoStretch>
		<LeftAnchorOffset>5</LeftAnchorOffset>
		<TopAnchorOffset>55</TopAnchorOffset>
		<RightAnchorOffset>110</RightAnchorOffset>
		<BottomAnchorOffset>30</BottomAnchorOffset>
		<TopAnchorToTop>false</TopAnchorToTop>
		<BottomAnchorToTop>false</BottomAnchorToTop>
		<Style_Transparent>false</Style_Transparent>
		<!--<TooltipReference/>-->
		<Style_Checkbox>false</Style_Checkbox>
		<!--<RadioGroup/>-->
		<Text>Buy</Text>
		<TextColor>
				<R>255</R>
				<G>255</G>
				<B>255</B>
		</TextColor>
		<ButtonDrawTemplate>
			<Normal>A_BtnNormal</Normal>
			<Pressed>A_BtnPressed</Pressed>
			<Flyby>A_BtnFlyby</Flyby>
			<Disabled>A_BtnDisabled</Disabled>
			<PressedFlyby>A_BtnPressedFlyby</PressedFlyby>
		</ButtonDrawTemplate>
		<!--<SoundPressed/>-->
		<!--<<SoundUp/>-->
		<!--<SoundFlyby/>-->
	</Button>

	<Button item = "MW_Sell_Button">
		<ScreenID>MW_Sell_Button</ScreenID>
		<!--<Font>3</Font>-->
		<RelativePosition>true</RelativePosition>
		<AutoStretch>true</AutoStretch>
		<LeftAnchorOffset>5</LeftAnchorOffset>
		<TopAnchorOffset>55</TopAnchorOffset>
		<RightAnchorOffset>110</RightAnchorOffset>
		<BottomAnchorOffset>30</BottomAnchorOffset>
		<TopAnchorToTop>false</TopAnchorToTop>
		<BottomAnchorToTop>false</BottomAnchorToTop>
		<Style_Transparent>false</Style_Transparent>
		<!--<TooltipReference/>-->
		<Style_Checkbox>false</Style_Checkbox>
		<!--<RadioGroup/>-->
		<Text>Sell</Text>
		<TextColor>
				<R>255</R>
				<G>255</G>
				<B>255</B>
		</TextColor>
		<ButtonDrawTemplate>
			<Normal>A_BtnNormal</Normal>
			<Pressed>A_BtnPressed</Pressed>
			<Flyby>A_BtnFlyby</Flyby>
			<Disabled>A_BtnDisabled</Disabled>
			<PressedFlyby>A_BtnPressedFlyby</PressedFlyby>
		</ButtonDrawTemplate>
		<!--<SoundPressed/>-->
		<!--<<SoundUp/>-->
		<!--<SoundFlyby/>-->
	</Button>

	<Button item = "MW_DoneButton">
		<ScreenID>DoneButton</ScreenID>
		<!--<Font>3</Font>-->
		<RelativePosition>true</RelativePosition>
		<AutoStretch>true</AutoStretch>
		<LeftAnchorOffset>5</LeftAnchorOffset>
		<TopAnchorOffset>27</TopAnchorOffset>
		<RightAnchorOffset>110</RightAnchorOffset>
		<BottomAnchorOffset>2</BottomAnchorOffset>
		<TopAnchorToTop>false</TopAnchorToTop>
		<BottomAnchorToTop>false</BottomAnchorToTop>
		<Style_Transparent>false</Style_Transparent>
		<!--<TooltipReference/>-->
		<Style_Checkbox>false</Style_Checkbox>
		<!--<RadioGroup/>-->
		<Text>Done</Text>
		<TextColor>
				<R>255</R>
				<G>255</G>
				<B>255</B>
		</TextColor>
		<ButtonDrawTemplate>
			<Normal>A_BtnNormal</Normal>
			<Pressed>A_BtnPressed</Pressed>
			<Flyby>A_BtnFlyby</Flyby>
			<Disabled>A_BtnDisabled</Disabled>
			<PressedFlyby>A_BtnPressedFlyby</PressedFlyby>
		</ButtonDrawTemplate>
		<!--<SoundPressed/>-->
		<!--<<SoundUp/>-->
		<!--<SoundFlyby/>-->
	</Button>


	<Screen item = "MerchantWnd">
		<!--<ScreenID/>-->
		<!--<Font/>-->
		<RelativePosition>false</RelativePosition>
		<Location>
			<X>0</X>
			<Y>25</Y>
		</Location>
		<Size>
			<CX>125</CX>
			<CY>480</CY>
		</Size>
		<Text>Merchant</Text>
		<Style_Transparent>false</Style_Transparent>
		<!--<TooltipReference/>-->
		<DrawTemplate>WDT_RoundedNoTitle</DrawTemplate>
		<Style_Titlebar>true</Style_Titlebar>
		<Style_Closebox>true</Style_Closebox>
		<Style_Minimizebox>false</Style_Minimizebox>
		<Style_Border>true</Style_Border>
		<Style_Sizable>true</Style_Sizable>
		<Pieces>MW_MerchantName</Pieces>
		<Pieces>MW_MerchantSlotsWnd</Pieces>
		<Pieces>MW_SelectedItemLabel</Pieces>
		<Pieces>MW_SelectedItem</Pieces>
		<Pieces>MW_Buy_Button</Pieces>
		<Pieces>MW_Sell_Button</Pieces>
		<Pieces>MW_DoneButton</Pieces>
	</Screen>


</XML>