<?xml version = "1.0"?>
<XML ID = "EQInterfaceDefinitionLanguage">
	<Schema xmlns = "EverQuestData" xmlns:dt = "EverQuestDataTypes"/>

	<Editbox item = "CW_ChatInput">
		<ScreenID>CWChatInput</ScreenID>
		<DrawTemplate>WDT_Inner</DrawTemplate>
		<RelativePosition>true</RelativePosition>
		<AutoStretch>true</AutoStretch>
		<LeftAnchorOffset>6</LeftAnchorOffset>
		<TopAnchorOffset>21</TopAnchorOffset>
		<RightAnchorOffset>1</RightAnchorOffset>
		<BottomAnchorOffset>0</BottomAnchorOffset>
		<TopAnchorToTop>false</TopAnchorToTop>
		<RightAnchorToLeft>false</RightAnchorToLeft>
		<BottomAnchorToTop>false</BottomAnchorToTop>
		<Style_Transparent>true</Style_Transparent>
	</Editbox>

	<STMLbox item = "CW_ChatOutput">
		<ScreenID>CWChatOutput</ScreenID>
		<DrawTemplate>WDT_Inner</DrawTemplate>
		<RelativePosition>true</RelativePosition>
		<Style_VScroll>true</Style_VScroll>
		<AutoStretch>true</AutoStretch>
		<LeftAnchorOffset>10</LeftAnchorOffset>
		<TopAnchorOffset>1</TopAnchorOffset>
		<RightAnchorOffset>1</RightAnchorOffset>
		<BottomAnchorOffset>22</BottomAnchorOffset>
		<RightAnchorToLeft>false</RightAnchorToLeft>
		<BottomAnchorToTop>false</BottomAnchorToTop>
		<Style_Border>false</Style_Border>
		<Style_Transparent>true</Style_Transparent>
	</STMLbox>

	<Screen item = "ChatWindow">
		<RelativePosition>false</RelativePosition>
		<Location>
			<X>95</X>
			<Y>280</Y>
		</Location>
		<Size>
			<CX>421</CX>
			<CY>200</CY>
		</Size>
		<Style_VScroll>false</Style_VScroll>
		<Style_HScroll>false</Style_HScroll>
		<Style_Transparent>false</Style_Transparent>
		<DrawTemplate>WDT_RoundedNoTitle</DrawTemplate>
		<Style_Titlebar>true</Style_Titlebar>
		<Style_Closebox>true</Style_Closebox>
		<Style_Minimizebox>true</Style_Minimizebox>
		<Style_Border>true</Style_Border>
		<Style_Sizable>true</Style_Sizable>
		<Pieces>CW_ChatOutput</Pieces>
		<Pieces>CW_ChatInput</Pieces>
	</Screen>

</XML>
