<?xml version="1.0" encoding="us-ascii"?>
<XML ID="EQInterfaceDefinitionLanguage">
  <Schema xmlns="EverQuestData" xmlns:dt="EverQuestDataTypes" />
  <Ui2DAnimation item="Divider">
    <Cycle>true</Cycle>
    <Frames>
      <Texture>dzbars.png</Texture>
      <Location>
        <X>0</X>
        <Y>244</Y>
      </Location>
      <Size>
        <CX>124</CX>
        <CY>6</CY>
      </Size>
      <Hotspot>
        <X>0</X>
        <Y>0</Y>
      </Hotspot>
      <Duration>1000</Duration>
    </Frames>
  </Ui2DAnimation>
  <Ui2DAnimation item="PW_LineDivider">
    <Cycle>true</Cycle>
    <Frames>
      <Texture>window_pieces01.tga</Texture>
      <Location>
        <X>50</X>
        <Y>80</Y>
      </Location>
      <Size>
        <CX>10</CX>
        <CY>1</CY>
      </Size>
      <Hotspot>
        <X>0</X>
        <Y>0</Y>
      </Hotspot>
      <Duration>1000</Duration>
    </Frames>
  </Ui2DAnimation>
  <StaticAnimation item="GWDummy">
    <ScreenID>GWDummy</ScreenID>
    <Location>
      <X>-1</X>
      <Y>-2</Y>
    </Location>
    <Size>
      <CX>1</CX>
      <CY>1</CY>
    </Size>
    <Animation>A_CornerSquare</Animation>
  </StaticAnimation>
  <Ui2DAnimation item="GW_GaugeFill1">
    <Cycle>true</Cycle>
    <Frames>
      <Texture>dzbars.png</Texture>
      <Location>
        <X>-1998</X>
        <Y>0</Y>
      </Location>
      <Size>
        <CX>10000</CX>
        <CY>20</CY>
      </Size>
      <Hotspot>
        <X>0</X>
        <Y>0</Y>
      </Hotspot>
      <Duration>1000</Duration>
    </Frames>
  </Ui2DAnimation>
  <Ui2DAnimation item="GW_GaugeFill2">
    <Cycle>true</Cycle>
    <Frames>
      <Texture>dzbars.png</Texture>
      <Location>
        <X>-3998</X>
        <Y>0</Y>
      </Location>
      <Size>
        <CX>10000</CX>
        <CY>20</CY>
      </Size>
      <Hotspot>
        <X>0</X>
        <Y>0</Y>
      </Hotspot>
      <Duration>1000</Duration>
    </Frames>
  </Ui2DAnimation>
  <Ui2DAnimation item="GW_GaugeFill3">
    <Cycle>true</Cycle>
    <Frames>
      <Texture>dzbars.png</Texture>
      <Location>
        <X>-5998</X>
        <Y>0</Y>
      </Location>
      <Size>
        <CX>10000</CX>
        <CY>20</CY>
      </Size>
      <Hotspot>
        <X>0</X>
        <Y>0</Y>
      </Hotspot>
      <Duration>1000</Duration>
    </Frames>
  </Ui2DAnimation>
  <Ui2DAnimation item="GW_GaugeFill4">
    <Cycle>true</Cycle>
    <Frames>
      <Texture>dzbars.png</Texture>
      <Location>
        <X>-7998</X>
        <Y>0</Y>
      </Location>
      <Size>
        <CX>10000</CX>
        <CY>20</CY>
      </Size>
      <Hotspot>
        <X>0</X>
        <Y>0</Y>
      </Hotspot>
      <Duration>1000</Duration>
    </Frames>
  </Ui2DAnimation>
  <!-- Party1 -->
  <Gauge item="Party1_HP_BG">
    <ScreenID>Gauge1</ScreenID>
    <TextColor>
      <R>240</R>
      <G>240</G>
      <B>240</B>
    </TextColor>
    <RelativePosition>true</RelativePosition>
    <Location>
      <X>-2</X>
      <Y>1</Y>
    </Location>
    <Size>
      <CX>124</CX>
      <CY>30</CY>
    </Size>
    <TextOffsetX>25</TextOffsetX>
    <TextOffsetY>-3</TextOffsetY>
    <GaugeOffsetX>20</GaugeOffsetX>
    <GaugeOffsetY>10</GaugeOffsetY>
    <Style_VScroll>false</Style_VScroll>
    <Style_HScroll>false</Style_HScroll>
    <Style_Transparent>false</Style_Transparent>
    <FillTint>
      <R>240</R>
      <G>0</G>
      <B>0</B>
    </FillTint>
    <LinesFillTint>
      <R>255</R>
      <G>153</G>
      <B>204</B>
    </LinesFillTint>
    <DrawLinesFill>false</DrawLinesFill>
    <EQType>11</EQType>
    <GaugeDrawTemplate>
      <Background>A_dzBackground</Background>
    </GaugeDrawTemplate>
  </Gauge>
  <Gauge item="Party1_HP_0">
    <RelativePosition>true</RelativePosition>
    <Location>
      <X>20</X>
      <Y>11</Y>
    </Location>
    <Size>
      <CX>100</CX>
      <CY>20</CY>
    </Size>
    <GaugeOffsetX>0</GaugeOffsetX>
    <GaugeOffsetY>0</GaugeOffsetY>
    <Text />
    <TextOffsetX>8000</TextOffsetX>
    <Style_VScroll>false</Style_VScroll>
    <Style_HScroll>false</Style_HScroll>
    <Style_Transparent>false</Style_Transparent>
    <FillTint>
      <R>240</R>
      <G>0</G>
      <B>0</B>
    </FillTint>
    <LinesFillTint>
      <R>0</R>
      <G>0</G>
      <B>0</B>
    </LinesFillTint>
    <DrawLinesFill>false</DrawLinesFill>
    <EQType>11</EQType>
    <GaugeDrawTemplate>
      <Fill>A_dzFill</Fill>
    </GaugeDrawTemplate>
  </Gauge>
  <Gauge item="Party1_HP_1A">
    <RelativePosition>true</RelativePosition>
    <Location>
      <X>0</X>
      <Y>0</Y>
    </Location>
    <Size>
      <CX>8000</CX>
      <CY>20</CY>
    </Size>
    <GaugeOffsetX>-2000</GaugeOffsetX>
    <GaugeOffsetY>0</GaugeOffsetY>
    <TextOffsetX>8000</TextOffsetX>
    <Style_VScroll>false</Style_VScroll>
    <Style_HScroll>false</Style_HScroll>
    <Style_Transparent>false</Style_Transparent>
    <FillTint>
      <R>240</R>
      <G>102</G>
      <B>0</B>
    </FillTint>
    <LinesFillTint>
      <R>0</R>
      <G>0</G>
      <B>0</B>
    </LinesFillTint>
    <DrawLinesFill>false</DrawLinesFill>
    <EQType>11</EQType>
    <GaugeDrawTemplate>
      <Fill>GW_GaugeFill1</Fill>
    </GaugeDrawTemplate>
  </Gauge>
  <Screen item="Party1_HP_1A_X">
    <RelativePosition>true</RelativePosition>
    <Location>
      <X>20</X>
      <Y>11</Y>
    </Location>
    <Size>
      <CX>20</CX>
      <CY>20</CY>
    </Size>
    <Style_Transparent>true</Style_Transparent>
    <Pieces>Party1_HP_1A</Pieces>
  </Screen>
  <Gauge item="Party1_HP_1B">
    <RelativePosition>true</RelativePosition>
    <Location>
      <X>40</X>
      <Y>11</Y>
    </Location>
    <Size>
      <CX>80</CX>
      <CY>20</CY>
    </Size>
    <GaugeOffsetX>-20</GaugeOffsetX>
    <GaugeOffsetY>0</GaugeOffsetY>
    <Text />
    <TextOffsetY>8000</TextOffsetY>
    <Style_VScroll>false</Style_VScroll>
    <Style_HScroll>false</Style_HScroll>
    <Style_Transparent>false</Style_Transparent>
    <FillTint>
      <R>240</R>
      <G>102</G>
      <B>0</B>
    </FillTint>
    <LinesFillTint>
      <R>0</R>
      <G>0</G>
      <B>0</B>
    </LinesFillTint>
    <DrawLinesFill>false</DrawLinesFill>
    <EQType>11</EQType>
    <GaugeDrawTemplate>
      <Fill>A_dzFill</Fill>
    </GaugeDrawTemplate>
  </Gauge>
  <Gauge item="Party1_HP_2A">
    <RelativePosition>true</RelativePosition>
    <Location>
      <X>0</X>
      <Y>0</Y>
    </Location>
    <Size>
      <CX>6000</CX>
      <CY>20</CY>
    </Size>
    <GaugeOffsetX>-4000</GaugeOffsetX>
    <GaugeOffsetY>0</GaugeOffsetY>
    <TextOffsetX>8000</TextOffsetX>
    <Style_VScroll>false</Style_VScroll>
    <Style_HScroll>false</Style_HScroll>
    <Style_Transparent>false</Style_Transparent>
    <FillTint>
      <R>240</R>
      <G>240</G>
      <B>0</B>
    </FillTint>
    <LinesFillTint>
      <R>0</R>
      <G>0</G>
      <B>0</B>
    </LinesFillTint>
    <DrawLinesFill>false</DrawLinesFill>
    <EQType>11</EQType>
    <GaugeDrawTemplate>
      <Fill>GW_GaugeFill2</Fill>
    </GaugeDrawTemplate>
  </Gauge>
  <Screen item="Party1_HP_2A_X">
    <RelativePosition>true</RelativePosition>
    <Location>
      <X>20</X>
      <Y>11</Y>
    </Location>
    <Size>
      <CX>40</CX>
      <CY>20</CY>
    </Size>
    <Style_Transparent>true</Style_Transparent>
    <Pieces>Party1_HP_2A</Pieces>
  </Screen>
  <Gauge item="Party1_HP_2B">
    <RelativePosition>true</RelativePosition>
    <Location>
      <X>60</X>
      <Y>11</Y>
    </Location>
    <Size>
      <CX>60</CX>
      <CY>20</CY>
    </Size>
    <GaugeOffsetX>-40</GaugeOffsetX>
    <GaugeOffsetY>0</GaugeOffsetY>
    <Text />
    <TextOffsetY>8000</TextOffsetY>
    <Style_VScroll>false</Style_VScroll>
    <Style_HScroll>false</Style_HScroll>
    <Style_Transparent>false</Style_Transparent>
    <FillTint>
      <R>240</R>
      <G>240</G>
      <B>0</B>
    </FillTint>
    <LinesFillTint>
      <R>0</R>
      <G>0</G>
      <B>0</B>
    </LinesFillTint>
    <DrawLinesFill>false</DrawLinesFill>
    <EQType>11</EQType>
    <GaugeDrawTemplate>
      <Fill>A_dzFill</Fill>
    </GaugeDrawTemplate>
  </Gauge>
  <Gauge item="Party1_HP_3A">
    <RelativePosition>true</RelativePosition>
    <Location>
      <X>0</X>
      <Y>0</Y>
    </Location>
    <Size>
      <CX>4000</CX>
      <CY>20</CY>
    </Size>
    <GaugeOffsetX>-6000</GaugeOffsetX>
    <GaugeOffsetY>0</GaugeOffsetY>
    <TextOffsetX>8000</TextOffsetX>
    <Style_VScroll>false</Style_VScroll>
    <Style_HScroll>false</Style_HScroll>
    <Style_Transparent>false</Style_Transparent>
    <FillTint>
      <R>173</R>
      <G>255</G>
      <B>47</B>
    </FillTint>
    <LinesFillTint>
      <R>0</R>
      <G>0</G>
      <B>0</B>
    </LinesFillTint>
    <DrawLinesFill>false</DrawLinesFill>
    <EQType>11</EQType>
    <GaugeDrawTemplate>
      <Fill>GW_GaugeFill3</Fill>
    </GaugeDrawTemplate>
  </Gauge>
  <Screen item="Party1_HP_3A_X">
    <RelativePosition>true</RelativePosition>
    <Location>
      <X>20</X>
      <Y>11</Y>
    </Location>
    <Size>
      <CX>60</CX>
      <CY>20</CY>
    </Size>
    <Style_Transparent>true</Style_Transparent>
    <Pieces>Party1_HP_3A</Pieces>
  </Screen>
  <Gauge item="Party1_HP_3B">
    <RelativePosition>true</RelativePosition>
    <Location>
      <X>80</X>
      <Y>11</Y>
    </Location>
    <Size>
      <CX>40</CX>
      <CY>20</CY>
    </Size>
    <GaugeOffsetX>-60</GaugeOffsetX>
    <GaugeOffsetY>0</GaugeOffsetY>
    <Text />
    <TextOffsetY>8000</TextOffsetY>
    <Style_VScroll>false</Style_VScroll>
    <Style_HScroll>false</Style_HScroll>
    <Style_Transparent>false</Style_Transparent>
    <FillTint>
      <R>173</R>
      <G>255</G>
      <B>47</B>
    </FillTint>
    <LinesFillTint>
      <R>0</R>
      <G>0</G>
      <B>0</B>
    </LinesFillTint>
    <DrawLinesFill>false</DrawLinesFill>
    <EQType>11</EQType>
    <GaugeDrawTemplate>
      <Fill>A_dzFill</Fill>
    </GaugeDrawTemplate>
  </Gauge>
  <Gauge item="Party1_HP_4A">
    <RelativePosition>true</RelativePosition>
    <Location>
      <X>0</X>
      <Y>0</Y>
    </Location>
    <Size>
      <CX>2000</CX>
      <CY>20</CY>
    </Size>
    <GaugeOffsetX>-8000</GaugeOffsetX>
    <GaugeOffsetY>0</GaugeOffsetY>
    <TextOffsetX>8000</TextOffsetX>
    <Style_VScroll>false</Style_VScroll>
    <Style_HScroll>false</Style_HScroll>
    <Style_Transparent>false</Style_Transparent>
    <FillTint>
      <R>0</R>
      <G>240</G>
      <B>0</B>
    </FillTint>
    <LinesFillTint>
      <R>0</R>
      <G>0</G>
      <B>0</B>
    </LinesFillTint>
    <DrawLinesFill>false</DrawLinesFill>
    <EQType>11</EQType>
    <GaugeDrawTemplate>
      <Fill>GW_GaugeFill4</Fill>
    </GaugeDrawTemplate>
  </Gauge>
  <Screen item="Party1_HP_4A_X">
    <RelativePosition>true</RelativePosition>
    <Location>
      <X>20</X>
      <Y>11</Y>
    </Location>
    <Size>
      <CX>80</CX>
      <CY>20</CY>
    </Size>
    <Style_Transparent>true</Style_Transparent>
    <Pieces>Party1_HP_4A</Pieces>
  </Screen>
  <Gauge item="Party1_HP_4B">
    <RelativePosition>true</RelativePosition>
    <Location>
      <X>100</X>
      <Y>11</Y>
    </Location>
    <Size>
      <CX>20</CX>
      <CY>20</CY>
    </Size>
    <GaugeOffsetX>-80</GaugeOffsetX>
    <GaugeOffsetY>0</GaugeOffsetY>
    <Text />
    <TextOffsetY>8000</TextOffsetY>
    <Style_VScroll>false</Style_VScroll>
    <Style_HScroll>false</Style_HScroll>
    <Style_Transparent>false</Style_Transparent>
    <FillTint>
      <R>0</R>
      <G>240</G>
      <B>0</B>
    </FillTint>
    <LinesFillTint>
      <R>0</R>
      <G>0</G>
      <B>0</B>
    </LinesFillTint>
    <DrawLinesFill>false</DrawLinesFill>
    <EQType>11</EQType>
    <GaugeDrawTemplate>
      <Fill>A_dzFill</Fill>
    </GaugeDrawTemplate>
  </Gauge>
  <Gauge item="GW_PetGauge1">
    <ScreenID>PetGauge1</ScreenID>
    <!--<Font>3</Font>-->
    <TextColor>
      <R>240</R>
      <G>240</G>
      <B>240</B>
    </TextColor>
    <RelativePosition>true</RelativePosition>
    <Location>
      <X>18</X>
      <Y>28</Y>
    </Location>
    <Size>
      <CX>104</CX>
      <CY>10</CY>
    </Size>
    <TextOffsetY>-50</TextOffsetY>
    <GaugeOffsetY>0</GaugeOffsetY>
    <GaugeOffsetX>0</GaugeOffsetX>
    <Style_VScroll>false</Style_VScroll>
    <Style_HScroll>false</Style_HScroll>
    <Style_Transparent>false</Style_Transparent>
    <!--<TooltipReference/>-->
    <FillTint>
      <R>222</R>
      <G>73</G>
      <B>242</B>
      <Alpha>255</Alpha>
    </FillTint>
    <LinesFillTint>
      <R>220</R>
      <G>220</G>
      <B>0</B>
    </LinesFillTint>
    <DrawLinesFill>false</DrawLinesFill>
    <EQType>17</EQType>
    <GaugeDrawTemplate>
      <Background>A_dzThinBackground</Background>
      <Fill>A_dzThinFill</Fill>
      <!--<Lines>A_GaugeLines</Lines>-->
      <!--<LinesFill>A_GaugeLinesFill</LinesFill>-->
      <!--<EndCapLeft>A_GaugeEndCapLeft</EndCapLeft>-->
      <!--<EndCapRight>A_GaugeEndCapRight</EndCapRight>-->
    </GaugeDrawTemplate>
  </Gauge>
  <StaticAnimation item="PW_LineDivider1">
    <ScreenID>PW_LineDivider1</ScreenID>
    <Location>
      <X>1</X>
      <Y>37</Y>
    </Location>
    <Size>
      <CX>124</CX>
      <CY>6</CY>
    </Size>
    <Animation>Divider</Animation>
  </StaticAnimation>
  <!-- Party2 -->
  <Gauge item="Party2_HP_BG">
    <ScreenID>Gauge1</ScreenID>
    <TextColor>
      <R>240</R>
      <G>240</G>
      <B>240</B>
    </TextColor>
    <RelativePosition>true</RelativePosition>
    <Location>
      <X>-2</X>
      <Y>42</Y>
    </Location>
    <Size>
      <CX>124</CX>
      <CY>30</CY>
    </Size>
    <TextOffsetX>25</TextOffsetX>
    <TextOffsetY>-3</TextOffsetY>
    <GaugeOffsetX>20</GaugeOffsetX>
    <GaugeOffsetY>10</GaugeOffsetY>
    <Style_VScroll>false</Style_VScroll>
    <Style_HScroll>false</Style_HScroll>
    <Style_Transparent>false</Style_Transparent>
    <FillTint>
      <R>240</R>
      <G>0</G>
      <B>0</B>
    </FillTint>
    <LinesFillTint>
      <R>255</R>
      <G>153</G>
      <B>204</B>
    </LinesFillTint>
    <DrawLinesFill>false</DrawLinesFill>
    <EQType>12</EQType>
    <GaugeDrawTemplate>
      <Background>A_dzBackground</Background>
    </GaugeDrawTemplate>
  </Gauge>
  <Gauge item="Party2_HP_0">
    <RelativePosition>true</RelativePosition>
    <Location>
      <X>20</X>
      <Y>52</Y>
    </Location>
    <Size>
      <CX>100</CX>
      <CY>20</CY>
    </Size>
    <GaugeOffsetX>0</GaugeOffsetX>
    <GaugeOffsetY>0</GaugeOffsetY>
    <Text />
    <TextOffsetX>8000</TextOffsetX>
    <Style_VScroll>false</Style_VScroll>
    <Style_HScroll>false</Style_HScroll>
    <Style_Transparent>false</Style_Transparent>
    <FillTint>
      <R>240</R>
      <G>0</G>
      <B>0</B>
    </FillTint>
    <LinesFillTint>
      <R>0</R>
      <G>0</G>
      <B>0</B>
    </LinesFillTint>
    <DrawLinesFill>false</DrawLinesFill>
    <EQType>12</EQType>
    <GaugeDrawTemplate>
      <Fill>A_dzFill</Fill>
    </GaugeDrawTemplate>
  </Gauge>
  <Gauge item="Party2_HP_1A">
    <RelativePosition>true</RelativePosition>
    <Location>
      <X>0</X>
      <Y>0</Y>
    </Location>
    <Size>
      <CX>8000</CX>
      <CY>20</CY>
    </Size>
    <GaugeOffsetX>-2000</GaugeOffsetX>
    <GaugeOffsetY>0</GaugeOffsetY>
    <TextOffsetX>8000</TextOffsetX>
    <Style_VScroll>false</Style_VScroll>
    <Style_HScroll>false</Style_HScroll>
    <Style_Transparent>false</Style_Transparent>
    <FillTint>
      <R>240</R>
      <G>102</G>
      <B>0</B>
    </FillTint>
    <LinesFillTint>
      <R>0</R>
      <G>0</G>
      <B>0</B>
    </LinesFillTint>
    <DrawLinesFill>false</DrawLinesFill>
    <EQType>12</EQType>
    <GaugeDrawTemplate>
      <Fill>GW_GaugeFill1</Fill>
    </GaugeDrawTemplate>
  </Gauge>
  <Screen item="Party2_HP_1A_X">
    <RelativePosition>true</RelativePosition>
    <Location>
      <X>20</X>
      <Y>52</Y>
    </Location>
    <Size>
      <CX>20</CX>
      <CY>20</CY>
    </Size>
    <Style_Transparent>true</Style_Transparent>
    <Pieces>Party2_HP_1A</Pieces>
  </Screen>
  <Gauge item="Party2_HP_1B">
    <RelativePosition>true</RelativePosition>
    <Location>
      <X>40</X>
      <Y>52</Y>
    </Location>
    <Size>
      <CX>80</CX>
      <CY>20</CY>
    </Size>
    <GaugeOffsetX>-20</GaugeOffsetX>
    <GaugeOffsetY>0</GaugeOffsetY>
    <Text />
    <TextOffsetY>8000</TextOffsetY>
    <Style_VScroll>false</Style_VScroll>
    <Style_HScroll>false</Style_HScroll>
    <Style_Transparent>false</Style_Transparent>
    <FillTint>
      <R>240</R>
      <G>102</G>
      <B>0</B>
    </FillTint>
    <LinesFillTint>
      <R>0</R>
      <G>0</G>
      <B>0</B>
    </LinesFillTint>
    <DrawLinesFill>false</DrawLinesFill>
    <EQType>12</EQType>
    <GaugeDrawTemplate>
      <Fill>A_dzFill</Fill>
    </GaugeDrawTemplate>
  </Gauge>
  <Gauge item="Party2_HP_2A">
    <RelativePosition>true</RelativePosition>
    <Location>
      <X>0</X>
      <Y>0</Y>
    </Location>
    <Size>
      <CX>6000</CX>
      <CY>20</CY>
    </Size>
    <GaugeOffsetX>-4000</GaugeOffsetX>
    <GaugeOffsetY>0</GaugeOffsetY>
    <TextOffsetX>8000</TextOffsetX>
    <Style_VScroll>false</Style_VScroll>
    <Style_HScroll>false</Style_HScroll>
    <Style_Transparent>false</Style_Transparent>
    <FillTint>
      <R>240</R>
      <G>240</G>
      <B>0</B>
    </FillTint>
    <LinesFillTint>
      <R>0</R>
      <G>0</G>
      <B>0</B>
    </LinesFillTint>
    <DrawLinesFill>false</DrawLinesFill>
    <EQType>12</EQType>
    <GaugeDrawTemplate>
      <Fill>GW_GaugeFill2</Fill>
    </GaugeDrawTemplate>
  </Gauge>
  <Screen item="Party2_HP_2A_X">
    <RelativePosition>true</RelativePosition>
    <Location>
      <X>20</X>
      <Y>52</Y>
    </Location>
    <Size>
      <CX>40</CX>
      <CY>20</CY>
    </Size>
    <Style_Transparent>true</Style_Transparent>
    <Pieces>Party2_HP_2A</Pieces>
  </Screen>
  <Gauge item="Party2_HP_2B">
    <RelativePosition>true</RelativePosition>
    <Location>
      <X>60</X>
      <Y>52</Y>
    </Location>
    <Size>
      <CX>60</CX>
      <CY>20</CY>
    </Size>
    <GaugeOffsetX>-40</GaugeOffsetX>
    <GaugeOffsetY>0</GaugeOffsetY>
    <Text />
    <TextOffsetY>8000</TextOffsetY>
    <Style_VScroll>false</Style_VScroll>
    <Style_HScroll>false</Style_HScroll>
    <Style_Transparent>false</Style_Transparent>
    <FillTint>
      <R>240</R>
      <G>240</G>
      <B>0</B>
    </FillTint>
    <LinesFillTint>
      <R>0</R>
      <G>0</G>
      <B>0</B>
    </LinesFillTint>
    <DrawLinesFill>false</DrawLinesFill>
    <EQType>12</EQType>
    <GaugeDrawTemplate>
      <Fill>A_dzFill</Fill>
    </GaugeDrawTemplate>
  </Gauge>
  <Gauge item="Party2_HP_3A">
    <RelativePosition>true</RelativePosition>
    <Location>
      <X>0</X>
      <Y>0</Y>
    </Location>
    <Size>
      <CX>4000</CX>
      <CY>20</CY>
    </Size>
    <GaugeOffsetX>-6000</GaugeOffsetX>
    <GaugeOffsetY>0</GaugeOffsetY>
    <TextOffsetX>8000</TextOffsetX>
    <Style_VScroll>false</Style_VScroll>
    <Style_HScroll>false</Style_HScroll>
    <Style_Transparent>false</Style_Transparent>
    <FillTint>
      <R>173</R>
      <G>255</G>
      <B>47</B>
    </FillTint>
    <LinesFillTint>
      <R>0</R>
      <G>0</G>
      <B>0</B>
    </LinesFillTint>
    <DrawLinesFill>false</DrawLinesFill>
    <EQType>12</EQType>
    <GaugeDrawTemplate>
      <Fill>GW_GaugeFill3</Fill>
    </GaugeDrawTemplate>
  </Gauge>
  <Screen item="Party2_HP_3A_X">
    <RelativePosition>true</RelativePosition>
    <Location>
      <X>20</X>
      <Y>52</Y>
    </Location>
    <Size>
      <CX>60</CX>
      <CY>20</CY>
    </Size>
    <Style_Transparent>true</Style_Transparent>
    <Pieces>Party2_HP_3A</Pieces>
  </Screen>
  <Gauge item="Party2_HP_3B">
    <RelativePosition>true</RelativePosition>
    <Location>
      <X>80</X>
      <Y>52</Y>
    </Location>
    <Size>
      <CX>40</CX>
      <CY>20</CY>
    </Size>
    <GaugeOffsetX>-60</GaugeOffsetX>
    <GaugeOffsetY>0</GaugeOffsetY>
    <Text />
    <TextOffsetY>8000</TextOffsetY>
    <Style_VScroll>false</Style_VScroll>
    <Style_HScroll>false</Style_HScroll>
    <Style_Transparent>false</Style_Transparent>
    <FillTint>
      <R>173</R>
      <G>255</G>
      <B>47</B>
    </FillTint>
    <LinesFillTint>
      <R>0</R>
      <G>0</G>
      <B>0</B>
    </LinesFillTint>
    <DrawLinesFill>false</DrawLinesFill>
    <EQType>12</EQType>
    <GaugeDrawTemplate>
      <Fill>A_dzFill</Fill>
    </GaugeDrawTemplate>
  </Gauge>
  <Gauge item="Party2_HP_4A">
    <RelativePosition>true</RelativePosition>
    <Location>
      <X>0</X>
      <Y>0</Y>
    </Location>
    <Size>
      <CX>2000</CX>
      <CY>20</CY>
    </Size>
    <GaugeOffsetX>-8000</GaugeOffsetX>
    <GaugeOffsetY>0</GaugeOffsetY>
    <TextOffsetX>8000</TextOffsetX>
    <Style_VScroll>false</Style_VScroll>
    <Style_HScroll>false</Style_HScroll>
    <Style_Transparent>false</Style_Transparent>
    <FillTint>
      <R>0</R>
      <G>240</G>
      <B>0</B>
    </FillTint>
    <LinesFillTint>
      <R>0</R>
      <G>0</G>
      <B>0</B>
    </LinesFillTint>
    <DrawLinesFill>false</DrawLinesFill>
    <EQType>12</EQType>
    <GaugeDrawTemplate>
      <Fill>GW_GaugeFill4</Fill>
    </GaugeDrawTemplate>
  </Gauge>
  <Screen item="Party2_HP_4A_X">
    <RelativePosition>true</RelativePosition>
    <Location>
      <X>20</X>
      <Y>52</Y>
    </Location>
    <Size>
      <CX>80</CX>
      <CY>20</CY>
    </Size>
    <Style_Transparent>true</Style_Transparent>
    <Pieces>Party2_HP_4A</Pieces>
  </Screen>
  <Gauge item="Party2_HP_4B">
    <RelativePosition>true</RelativePosition>
    <Location>
      <X>100</X>
      <Y>52</Y>
    </Location>
    <Size>
      <CX>20</CX>
      <CY>20</CY>
    </Size>
    <GaugeOffsetX>-80</GaugeOffsetX>
    <GaugeOffsetY>0</GaugeOffsetY>
    <Text />
    <TextOffsetY>8000</TextOffsetY>
    <Style_VScroll>false</Style_VScroll>
    <Style_HScroll>false</Style_HScroll>
    <Style_Transparent>false</Style_Transparent>
    <FillTint>
      <R>0</R>
      <G>240</G>
      <B>0</B>
    </FillTint>
    <LinesFillTint>
      <R>0</R>
      <G>0</G>
      <B>0</B>
    </LinesFillTint>
    <DrawLinesFill>false</DrawLinesFill>
    <EQType>12</EQType>
    <GaugeDrawTemplate>
      <Fill>A_dzFill</Fill>
    </GaugeDrawTemplate>
  </Gauge>
  <Gauge item="GW_PetGauge2">
    <ScreenID>PetGauge2</ScreenID>
    <!--<Font>3</Font>-->
    <TextColor>
      <R>240</R>
      <G>240</G>
      <B>240</B>
    </TextColor>
    <RelativePosition>true</RelativePosition>
    <Location>
      <X>18</X>
      <Y>69</Y>
    </Location>
    <Size>
      <CX>104</CX>
      <CY>10</CY>
    </Size>
    <TextOffsetY>-50</TextOffsetY>
    <GaugeOffsetY>0</GaugeOffsetY>
    <GaugeOffsetX>0</GaugeOffsetX>
    <Style_VScroll>false</Style_VScroll>
    <Style_HScroll>false</Style_HScroll>
    <Style_Transparent>true</Style_Transparent>
    <!--<TooltipReference/>-->
    <FillTint>
      <R>222</R>
      <G>73</G>
      <B>242</B>
      <Alpha>255</Alpha>
    </FillTint>
    <LinesFillTint>
      <R>220</R>
      <G>220</G>
      <B>0</B>
    </LinesFillTint>
    <DrawLinesFill>false</DrawLinesFill>
    <EQType>18</EQType>
    <GaugeDrawTemplate>
      <Background>A_dzThinBackground</Background>
      <Fill>A_dzThinFill</Fill>
      <!--<Lines>A_GaugeLines</Lines>-->
      <!--<LinesFill>A_GaugeLinesFill</LinesFill>-->
      <!--<EndCapLeft>A_GaugeEndCapLeft</EndCapLeft>-->
      <!--<EndCapRight>A_GaugeEndCapRight</EndCapRight>-->
    </GaugeDrawTemplate>
  </Gauge>
  <StaticAnimation item="PW_LineDivider2">
    <ScreenID>PW_LineDivider2</ScreenID>
    <Location>
      <X>1</X>
      <Y>78</Y>
    </Location>
    <Size>
      <CX>124</CX>
      <CY>6</CY>
    </Size>
    <Animation>Divider</Animation>
  </StaticAnimation>
  <!-- Party3 -->
  <Gauge item="Party3_HP_BG">
    <ScreenID>Gauge1</ScreenID>
    <TextColor>
      <R>240</R>
      <G>240</G>
      <B>240</B>
    </TextColor>
    <RelativePosition>true</RelativePosition>
    <Location>
      <X>-2</X>
      <Y>83</Y>
    </Location>
    <Size>
      <CX>124</CX>
      <CY>30</CY>
    </Size>
    <TextOffsetX>25</TextOffsetX>
    <TextOffsetY>-3</TextOffsetY>
    <GaugeOffsetX>20</GaugeOffsetX>
    <GaugeOffsetY>10</GaugeOffsetY>
    <Style_VScroll>false</Style_VScroll>
    <Style_HScroll>false</Style_HScroll>
    <Style_Transparent>false</Style_Transparent>
    <FillTint>
      <R>240</R>
      <G>0</G>
      <B>0</B>
    </FillTint>
    <LinesFillTint>
      <R>255</R>
      <G>153</G>
      <B>204</B>
    </LinesFillTint>
    <DrawLinesFill>false</DrawLinesFill>
    <EQType>13</EQType>
    <GaugeDrawTemplate>
      <Background>A_dzBackground</Background>
    </GaugeDrawTemplate>
  </Gauge>
  <Gauge item="Party3_HP_0">
    <RelativePosition>true</RelativePosition>
    <Location>
      <X>20</X>
      <Y>93</Y>
    </Location>
    <Size>
      <CX>100</CX>
      <CY>20</CY>
    </Size>
    <GaugeOffsetX>0</GaugeOffsetX>
    <GaugeOffsetY>0</GaugeOffsetY>
    <Text />
    <TextOffsetX>8000</TextOffsetX>
    <Style_VScroll>false</Style_VScroll>
    <Style_HScroll>false</Style_HScroll>
    <Style_Transparent>false</Style_Transparent>
    <FillTint>
      <R>240</R>
      <G>0</G>
      <B>0</B>
    </FillTint>
    <LinesFillTint>
      <R>0</R>
      <G>0</G>
      <B>0</B>
    </LinesFillTint>
    <DrawLinesFill>false</DrawLinesFill>
    <EQType>13</EQType>
    <GaugeDrawTemplate>
      <Fill>A_dzFill</Fill>
    </GaugeDrawTemplate>
  </Gauge>
  <Gauge item="Party3_HP_1A">
    <RelativePosition>true</RelativePosition>
    <Location>
      <X>0</X>
      <Y>0</Y>
    </Location>
    <Size>
      <CX>8000</CX>
      <CY>20</CY>
    </Size>
    <GaugeOffsetX>-2000</GaugeOffsetX>
    <GaugeOffsetY>0</GaugeOffsetY>
    <TextOffsetX>8000</TextOffsetX>
    <Style_VScroll>false</Style_VScroll>
    <Style_HScroll>false</Style_HScroll>
    <Style_Transparent>false</Style_Transparent>
    <FillTint>
      <R>240</R>
      <G>102</G>
      <B>0</B>
    </FillTint>
    <LinesFillTint>
      <R>0</R>
      <G>0</G>
      <B>0</B>
    </LinesFillTint>
    <DrawLinesFill>false</DrawLinesFill>
    <EQType>13</EQType>
    <GaugeDrawTemplate>
      <Fill>GW_GaugeFill1</Fill>
    </GaugeDrawTemplate>
  </Gauge>
  <Screen item="Party3_HP_1A_X">
    <RelativePosition>true</RelativePosition>
    <Location>
      <X>20</X>
      <Y>93</Y>
    </Location>
    <Size>
      <CX>20</CX>
      <CY>20</CY>
    </Size>
    <Style_Transparent>true</Style_Transparent>
    <Pieces>Party3_HP_1A</Pieces>
  </Screen>
  <Gauge item="Party3_HP_1B">
    <RelativePosition>true</RelativePosition>
    <Location>
      <X>40</X>
      <Y>93</Y>
    </Location>
    <Size>
      <CX>80</CX>
      <CY>20</CY>
    </Size>
    <GaugeOffsetX>-20</GaugeOffsetX>
    <GaugeOffsetY>0</GaugeOffsetY>
    <Text />
    <TextOffsetY>8000</TextOffsetY>
    <Style_VScroll>false</Style_VScroll>
    <Style_HScroll>false</Style_HScroll>
    <Style_Transparent>false</Style_Transparent>
    <FillTint>
      <R>240</R>
      <G>102</G>
      <B>0</B>
    </FillTint>
    <LinesFillTint>
      <R>0</R>
      <G>0</G>
      <B>0</B>
    </LinesFillTint>
    <DrawLinesFill>false</DrawLinesFill>
    <EQType>13</EQType>
    <GaugeDrawTemplate>
      <Fill>A_dzFill</Fill>
    </GaugeDrawTemplate>
  </Gauge>
  <Gauge item="Party3_HP_2A">
    <RelativePosition>true</RelativePosition>
    <Location>
      <X>0</X>
      <Y>0</Y>
    </Location>
    <Size>
      <CX>6000</CX>
      <CY>20</CY>
    </Size>
    <GaugeOffsetX>-4000</GaugeOffsetX>
    <GaugeOffsetY>0</GaugeOffsetY>
    <TextOffsetX>8000</TextOffsetX>
    <Style_VScroll>false</Style_VScroll>
    <Style_HScroll>false</Style_HScroll>
    <Style_Transparent>false</Style_Transparent>
    <FillTint>
      <R>240</R>
      <G>240</G>
      <B>0</B>
    </FillTint>
    <LinesFillTint>
      <R>0</R>
      <G>0</G>
      <B>0</B>
    </LinesFillTint>
    <DrawLinesFill>false</DrawLinesFill>
    <EQType>13</EQType>
    <GaugeDrawTemplate>
      <Fill>GW_GaugeFill2</Fill>
    </GaugeDrawTemplate>
  </Gauge>
  <Screen item="Party3_HP_2A_X">
    <RelativePosition>true</RelativePosition>
    <Location>
      <X>20</X>
      <Y>93</Y>
    </Location>
    <Size>
      <CX>40</CX>
      <CY>20</CY>
    </Size>
    <Style_Transparent>true</Style_Transparent>
    <Pieces>Party3_HP_2A</Pieces>
  </Screen>
  <Gauge item="Party3_HP_2B">
    <RelativePosition>true</RelativePosition>
    <Location>
      <X>60</X>
      <Y>93</Y>
    </Location>
    <Size>
      <CX>60</CX>
      <CY>20</CY>
    </Size>
    <GaugeOffsetX>-40</GaugeOffsetX>
    <GaugeOffsetY>0</GaugeOffsetY>
    <Text />
    <TextOffsetY>8000</TextOffsetY>
    <Style_VScroll>false</Style_VScroll>
    <Style_HScroll>false</Style_HScroll>
    <Style_Transparent>false</Style_Transparent>
    <FillTint>
      <R>240</R>
      <G>240</G>
      <B>0</B>
    </FillTint>
    <LinesFillTint>
      <R>0</R>
      <G>0</G>
      <B>0</B>
    </LinesFillTint>
    <DrawLinesFill>false</DrawLinesFill>
    <EQType>13</EQType>
    <GaugeDrawTemplate>
      <Fill>A_dzFill</Fill>
    </GaugeDrawTemplate>
  </Gauge>
  <Gauge item="Party3_HP_3A">
    <RelativePosition>true</RelativePosition>
    <Location>
      <X>0</X>
      <Y>0</Y>
    </Location>
    <Size>
      <CX>4000</CX>
      <CY>20</CY>
    </Size>
    <GaugeOffsetX>-6000</GaugeOffsetX>
    <GaugeOffsetY>0</GaugeOffsetY>
    <TextOffsetX>8000</TextOffsetX>
    <Style_VScroll>false</Style_VScroll>
    <Style_HScroll>false</Style_HScroll>
    <Style_Transparent>false</Style_Transparent>
    <FillTint>
      <R>173</R>
      <G>255</G>
      <B>47</B>
    </FillTint>
    <LinesFillTint>
      <R>0</R>
      <G>0</G>
      <B>0</B>
    </LinesFillTint>
    <DrawLinesFill>false</DrawLinesFill>
    <EQType>13</EQType>
    <GaugeDrawTemplate>
      <Fill>GW_GaugeFill3</Fill>
    </GaugeDrawTemplate>
  </Gauge>
  <Screen item="Party3_HP_3A_X">
    <RelativePosition>true</RelativePosition>
    <Location>
      <X>20</X>
      <Y>93</Y>
    </Location>
    <Size>
      <CX>60</CX>
      <CY>20</CY>
    </Size>
    <Style_Transparent>true</Style_Transparent>
    <Pieces>Party3_HP_3A</Pieces>
  </Screen>
  <Gauge item="Party3_HP_3B">
    <RelativePosition>true</RelativePosition>
    <Location>
      <X>80</X>
      <Y>93</Y>
    </Location>
    <Size>
      <CX>40</CX>
      <CY>20</CY>
    </Size>
    <GaugeOffsetX>-60</GaugeOffsetX>
    <GaugeOffsetY>0</GaugeOffsetY>
    <Text />
    <TextOffsetY>8000</TextOffsetY>
    <Style_VScroll>false</Style_VScroll>
    <Style_HScroll>false</Style_HScroll>
    <Style_Transparent>false</Style_Transparent>
    <FillTint>
      <R>173</R>
      <G>255</G>
      <B>47</B>
    </FillTint>
    <LinesFillTint>
      <R>0</R>
      <G>0</G>
      <B>0</B>
    </LinesFillTint>
    <DrawLinesFill>false</DrawLinesFill>
    <EQType>13</EQType>
    <GaugeDrawTemplate>
      <Fill>A_dzFill</Fill>
    </GaugeDrawTemplate>
  </Gauge>
  <Gauge item="Party3_HP_4A">
    <RelativePosition>true</RelativePosition>
    <Location>
      <X>0</X>
      <Y>0</Y>
    </Location>
    <Size>
      <CX>2000</CX>
      <CY>20</CY>
    </Size>
    <GaugeOffsetX>-8000</GaugeOffsetX>
    <GaugeOffsetY>0</GaugeOffsetY>
    <TextOffsetX>8000</TextOffsetX>
    <Style_VScroll>false</Style_VScroll>
    <Style_HScroll>false</Style_HScroll>
    <Style_Transparent>false</Style_Transparent>
    <FillTint>
      <R>0</R>
      <G>240</G>
      <B>0</B>
    </FillTint>
    <LinesFillTint>
      <R>0</R>
      <G>0</G>
      <B>0</B>
    </LinesFillTint>
    <DrawLinesFill>false</DrawLinesFill>
    <EQType>13</EQType>
    <GaugeDrawTemplate>
      <Fill>GW_GaugeFill4</Fill>
    </GaugeDrawTemplate>
  </Gauge>
  <Screen item="Party3_HP_4A_X">
    <RelativePosition>true</RelativePosition>
    <Location>
      <X>20</X>
      <Y>93</Y>
    </Location>
    <Size>
      <CX>80</CX>
      <CY>20</CY>
    </Size>
    <Style_Transparent>true</Style_Transparent>
    <Pieces>Party3_HP_4A</Pieces>
  </Screen>
  <Gauge item="Party3_HP_4B">
    <RelativePosition>true</RelativePosition>
    <Location>
      <X>100</X>
      <Y>93</Y>
    </Location>
    <Size>
      <CX>20</CX>
      <CY>20</CY>
    </Size>
    <GaugeOffsetX>-80</GaugeOffsetX>
    <GaugeOffsetY>0</GaugeOffsetY>
    <Text />
    <TextOffsetY>8000</TextOffsetY>
    <Style_VScroll>false</Style_VScroll>
    <Style_HScroll>false</Style_HScroll>
    <Style_Transparent>false</Style_Transparent>
    <FillTint>
      <R>0</R>
      <G>240</G>
      <B>0</B>
    </FillTint>
    <LinesFillTint>
      <R>0</R>
      <G>0</G>
      <B>0</B>
    </LinesFillTint>
    <DrawLinesFill>false</DrawLinesFill>
    <EQType>13</EQType>
    <GaugeDrawTemplate>
      <Fill>A_dzFill</Fill>
    </GaugeDrawTemplate>
  </Gauge>
  <Gauge item="GW_PetGauge3">
    <ScreenID>PetGauge3</ScreenID>
    <!--<Font>3</Font>-->
    <TextColor>
      <R>240</R>
      <G>240</G>
      <B>240</B>
    </TextColor>
    <RelativePosition>true</RelativePosition>
    <Location>
      <X>18</X>
      <Y>110</Y>
    </Location>
    <Size>
      <CX>104</CX>
      <CY>10</CY>
    </Size>
    <TextOffsetY>-50</TextOffsetY>
    <GaugeOffsetY>0</GaugeOffsetY>
    <GaugeOffsetX>0</GaugeOffsetX>
    <Style_VScroll>false</Style_VScroll>
    <Style_HScroll>false</Style_HScroll>
    <Style_Transparent>true</Style_Transparent>
    <!--<TooltipReference/>-->
    <FillTint>
      <R>222</R>
      <G>73</G>
      <B>242</B>
      <Alpha>255</Alpha>
    </FillTint>
    <LinesFillTint>
      <R>220</R>
      <G>220</G>
      <B>0</B>
    </LinesFillTint>
    <DrawLinesFill>false</DrawLinesFill>
    <EQType>19</EQType>
    <GaugeDrawTemplate>
      <Background>A_dzThinBackground</Background>
      <Fill>A_dzThinFill</Fill>
      <!--<Lines>A_GaugeLines</Lines>-->
      <!--<LinesFill>A_GaugeLinesFill</LinesFill>-->
      <!--<EndCapLeft>A_GaugeEndCapLeft</EndCapLeft>-->
      <!--<EndCapRight>A_GaugeEndCapRight</EndCapRight>-->
    </GaugeDrawTemplate>
  </Gauge>
  <StaticAnimation item="PW_LineDivider3">
    <ScreenID>PW_LineDivider3</ScreenID>
    <Location>
      <X>1</X>
      <Y>119</Y>
    </Location>
    <Size>
      <CX>124</CX>
      <CY>6</CY>
    </Size>
    <Animation>Divider</Animation>
  </StaticAnimation>
  <!-- Party4 -->
  <Gauge item="Party4_HP_BG">
    <ScreenID>Gauge1</ScreenID>
    <TextColor>
      <R>240</R>
      <G>240</G>
      <B>240</B>
    </TextColor>
    <RelativePosition>true</RelativePosition>
    <Location>
      <X>-2</X>
      <Y>125</Y>
    </Location>
    <Size>
      <CX>124</CX>
      <CY>30</CY>
    </Size>
    <TextOffsetX>25</TextOffsetX>
    <TextOffsetY>-3</TextOffsetY>
    <GaugeOffsetX>20</GaugeOffsetX>
    <GaugeOffsetY>10</GaugeOffsetY>
    <Style_VScroll>false</Style_VScroll>
    <Style_HScroll>false</Style_HScroll>
    <Style_Transparent>false</Style_Transparent>
    <FillTint>
      <R>240</R>
      <G>0</G>
      <B>0</B>
    </FillTint>
    <LinesFillTint>
      <R>255</R>
      <G>153</G>
      <B>204</B>
    </LinesFillTint>
    <DrawLinesFill>false</DrawLinesFill>
    <EQType>14</EQType>
    <GaugeDrawTemplate>
      <Background>A_dzBackground</Background>
    </GaugeDrawTemplate>
  </Gauge>
  <Gauge item="Party4_HP_0">
    <RelativePosition>true</RelativePosition>
    <Location>
      <X>20</X>
      <Y>135</Y>
    </Location>
    <Size>
      <CX>100</CX>
      <CY>20</CY>
    </Size>
    <GaugeOffsetX>0</GaugeOffsetX>
    <GaugeOffsetY>0</GaugeOffsetY>
    <Text />
    <TextOffsetX>8000</TextOffsetX>
    <Style_VScroll>false</Style_VScroll>
    <Style_HScroll>false</Style_HScroll>
    <Style_Transparent>false</Style_Transparent>
    <FillTint>
      <R>240</R>
      <G>0</G>
      <B>0</B>
    </FillTint>
    <LinesFillTint>
      <R>0</R>
      <G>0</G>
      <B>0</B>
    </LinesFillTint>
    <DrawLinesFill>false</DrawLinesFill>
    <EQType>14</EQType>
    <GaugeDrawTemplate>
      <Fill>A_dzFill</Fill>
    </GaugeDrawTemplate>
  </Gauge>
  <Gauge item="Party4_HP_1A">
    <RelativePosition>true</RelativePosition>
    <Location>
      <X>0</X>
      <Y>0</Y>
    </Location>
    <Size>
      <CX>8000</CX>
      <CY>20</CY>
    </Size>
    <GaugeOffsetX>-2000</GaugeOffsetX>
    <GaugeOffsetY>0</GaugeOffsetY>
    <TextOffsetX>8000</TextOffsetX>
    <Style_VScroll>false</Style_VScroll>
    <Style_HScroll>false</Style_HScroll>
    <Style_Transparent>false</Style_Transparent>
    <FillTint>
      <R>240</R>
      <G>102</G>
      <B>0</B>
    </FillTint>
    <LinesFillTint>
      <R>0</R>
      <G>0</G>
      <B>0</B>
    </LinesFillTint>
    <DrawLinesFill>false</DrawLinesFill>
    <EQType>14</EQType>
    <GaugeDrawTemplate>
      <Fill>GW_GaugeFill1</Fill>
    </GaugeDrawTemplate>
  </Gauge>
  <Screen item="Party4_HP_1A_X">
    <RelativePosition>true</RelativePosition>
    <Location>
      <X>20</X>
      <Y>135</Y>
    </Location>
    <Size>
      <CX>20</CX>
      <CY>20</CY>
    </Size>
    <Style_Transparent>true</Style_Transparent>
    <Pieces>Party4_HP_1A</Pieces>
  </Screen>
  <Gauge item="Party4_HP_1B">
    <RelativePosition>true</RelativePosition>
    <Location>
      <X>40</X>
      <Y>135</Y>
    </Location>
    <Size>
      <CX>80</CX>
      <CY>20</CY>
    </Size>
    <GaugeOffsetX>-20</GaugeOffsetX>
    <GaugeOffsetY>0</GaugeOffsetY>
    <Text />
    <TextOffsetY>8000</TextOffsetY>
    <Style_VScroll>false</Style_VScroll>
    <Style_HScroll>false</Style_HScroll>
    <Style_Transparent>false</Style_Transparent>
    <FillTint>
      <R>240</R>
      <G>102</G>
      <B>0</B>
    </FillTint>
    <LinesFillTint>
      <R>0</R>
      <G>0</G>
      <B>0</B>
    </LinesFillTint>
    <DrawLinesFill>false</DrawLinesFill>
    <EQType>14</EQType>
    <GaugeDrawTemplate>
      <Fill>A_dzFill</Fill>
    </GaugeDrawTemplate>
  </Gauge>
  <Gauge item="Party4_HP_2A">
    <RelativePosition>true</RelativePosition>
    <Location>
      <X>0</X>
      <Y>0</Y>
    </Location>
    <Size>
      <CX>6000</CX>
      <CY>20</CY>
    </Size>
    <GaugeOffsetX>-4000</GaugeOffsetX>
    <GaugeOffsetY>0</GaugeOffsetY>
    <TextOffsetX>8000</TextOffsetX>
    <Style_VScroll>false</Style_VScroll>
    <Style_HScroll>false</Style_HScroll>
    <Style_Transparent>false</Style_Transparent>
    <FillTint>
      <R>240</R>
      <G>240</G>
      <B>0</B>
    </FillTint>
    <LinesFillTint>
      <R>0</R>
      <G>0</G>
      <B>0</B>
    </LinesFillTint>
    <DrawLinesFill>false</DrawLinesFill>
    <EQType>14</EQType>
    <GaugeDrawTemplate>
      <Fill>GW_GaugeFill2</Fill>
    </GaugeDrawTemplate>
  </Gauge>
  <Screen item="Party4_HP_2A_X">
    <RelativePosition>true</RelativePosition>
    <Location>
      <X>20</X>
      <Y>135</Y>
    </Location>
    <Size>
      <CX>40</CX>
      <CY>20</CY>
    </Size>
    <Style_Transparent>true</Style_Transparent>
    <Pieces>Party4_HP_2A</Pieces>
  </Screen>
  <Gauge item="Party4_HP_2B">
    <RelativePosition>true</RelativePosition>
    <Location>
      <X>60</X>
      <Y>135</Y>
    </Location>
    <Size>
      <CX>60</CX>
      <CY>20</CY>
    </Size>
    <GaugeOffsetX>-40</GaugeOffsetX>
    <GaugeOffsetY>0</GaugeOffsetY>
    <Text />
    <TextOffsetY>8000</TextOffsetY>
    <Style_VScroll>false</Style_VScroll>
    <Style_HScroll>false</Style_HScroll>
    <Style_Transparent>false</Style_Transparent>
    <FillTint>
      <R>240</R>
      <G>240</G>
      <B>0</B>
    </FillTint>
    <LinesFillTint>
      <R>0</R>
      <G>0</G>
      <B>0</B>
    </LinesFillTint>
    <DrawLinesFill>false</DrawLinesFill>
    <EQType>14</EQType>
    <GaugeDrawTemplate>
      <Fill>A_dzFill</Fill>
    </GaugeDrawTemplate>
  </Gauge>
  <Gauge item="Party4_HP_3A">
    <RelativePosition>true</RelativePosition>
    <Location>
      <X>0</X>
      <Y>0</Y>
    </Location>
    <Size>
      <CX>4000</CX>
      <CY>20</CY>
    </Size>
    <GaugeOffsetX>-6000</GaugeOffsetX>
    <GaugeOffsetY>0</GaugeOffsetY>
    <TextOffsetX>8000</TextOffsetX>
    <Style_VScroll>false</Style_VScroll>
    <Style_HScroll>false</Style_HScroll>
    <Style_Transparent>false</Style_Transparent>
    <FillTint>
      <R>173</R>
      <G>255</G>
      <B>47</B>
    </FillTint>
    <LinesFillTint>
      <R>0</R>
      <G>0</G>
      <B>0</B>
    </LinesFillTint>
    <DrawLinesFill>false</DrawLinesFill>
    <EQType>14</EQType>
    <GaugeDrawTemplate>
      <Fill>GW_GaugeFill3</Fill>
    </GaugeDrawTemplate>
  </Gauge>
  <Screen item="Party4_HP_3A_X">
    <RelativePosition>true</RelativePosition>
    <Location>
      <X>20</X>
      <Y>135</Y>
    </Location>
    <Size>
      <CX>60</CX>
      <CY>20</CY>
    </Size>
    <Style_Transparent>true</Style_Transparent>
    <Pieces>Party4_HP_3A</Pieces>
  </Screen>
  <Gauge item="Party4_HP_3B">
    <RelativePosition>true</RelativePosition>
    <Location>
      <X>80</X>
      <Y>135</Y>
    </Location>
    <Size>
      <CX>40</CX>
      <CY>20</CY>
    </Size>
    <GaugeOffsetX>-60</GaugeOffsetX>
    <GaugeOffsetY>0</GaugeOffsetY>
    <Text />
    <TextOffsetY>8000</TextOffsetY>
    <Style_VScroll>false</Style_VScroll>
    <Style_HScroll>false</Style_HScroll>
    <Style_Transparent>false</Style_Transparent>
    <FillTint>
      <R>173</R>
      <G>255</G>
      <B>47</B>
    </FillTint>
    <LinesFillTint>
      <R>0</R>
      <G>0</G>
      <B>0</B>
    </LinesFillTint>
    <DrawLinesFill>false</DrawLinesFill>
    <EQType>14</EQType>
    <GaugeDrawTemplate>
      <Fill>A_dzFill</Fill>
    </GaugeDrawTemplate>
  </Gauge>
  <Gauge item="Party4_HP_4A">
    <RelativePosition>true</RelativePosition>
    <Location>
      <X>0</X>
      <Y>0</Y>
    </Location>
    <Size>
      <CX>2000</CX>
      <CY>20</CY>
    </Size>
    <GaugeOffsetX>-8000</GaugeOffsetX>
    <GaugeOffsetY>0</GaugeOffsetY>
    <TextOffsetX>8000</TextOffsetX>
    <Style_VScroll>false</Style_VScroll>
    <Style_HScroll>false</Style_HScroll>
    <Style_Transparent>false</Style_Transparent>
    <FillTint>
      <R>0</R>
      <G>240</G>
      <B>0</B>
    </FillTint>
    <LinesFillTint>
      <R>0</R>
      <G>0</G>
      <B>0</B>
    </LinesFillTint>
    <DrawLinesFill>false</DrawLinesFill>
    <EQType>14</EQType>
    <GaugeDrawTemplate>
      <Fill>GW_GaugeFill4</Fill>
    </GaugeDrawTemplate>
  </Gauge>
  <Screen item="Party4_HP_4A_X">
    <RelativePosition>true</RelativePosition>
    <Location>
      <X>20</X>
      <Y>135</Y>
    </Location>
    <Size>
      <CX>80</CX>
      <CY>20</CY>
    </Size>
    <Style_Transparent>true</Style_Transparent>
    <Pieces>Party4_HP_4A</Pieces>
  </Screen>
  <Gauge item="Party4_HP_4B">
    <RelativePosition>true</RelativePosition>
    <Location>
      <X>100</X>
      <Y>135</Y>
    </Location>
    <Size>
      <CX>20</CX>
      <CY>20</CY>
    </Size>
    <GaugeOffsetX>-80</GaugeOffsetX>
    <GaugeOffsetY>0</GaugeOffsetY>
    <Text />
    <TextOffsetY>8000</TextOffsetY>
    <Style_VScroll>false</Style_VScroll>
    <Style_HScroll>false</Style_HScroll>
    <Style_Transparent>false</Style_Transparent>
    <FillTint>
      <R>0</R>
      <G>240</G>
      <B>0</B>
    </FillTint>
    <LinesFillTint>
      <R>0</R>
      <G>0</G>
      <B>0</B>
    </LinesFillTint>
    <DrawLinesFill>false</DrawLinesFill>
    <EQType>14</EQType>
    <GaugeDrawTemplate>
      <Fill>A_dzFill</Fill>
    </GaugeDrawTemplate>
  </Gauge>
  <Gauge item="GW_PetGauge4">
    <ScreenID>PetGauge4</ScreenID>
    <!--<Font>3</Font>-->
    <TextColor>
      <R>240</R>
      <G>240</G>
      <B>240</B>
    </TextColor>
    <RelativePosition>true</RelativePosition>
    <Location>
      <X>18</X>
      <Y>152</Y>
    </Location>
    <Size>
      <CX>104</CX>
      <CY>10</CY>
    </Size>
    <TextOffsetY>-50</TextOffsetY>
    <GaugeOffsetY>0</GaugeOffsetY>
    <GaugeOffsetX>0</GaugeOffsetX>
    <Style_VScroll>false</Style_VScroll>
    <Style_HScroll>false</Style_HScroll>
    <Style_Transparent>true</Style_Transparent>
    <!--<TooltipReference/>-->
    <FillTint>
      <R>222</R>
      <G>73</G>
      <B>242</B>
      <Alpha>255</Alpha>
    </FillTint>
    <LinesFillTint>
      <R>220</R>
      <G>220</G>
      <B>0</B>
    </LinesFillTint>
    <DrawLinesFill>false</DrawLinesFill>
    <EQType>20</EQType>
    <GaugeDrawTemplate>
      <Background>A_dzThinBackground</Background>
      <Fill>A_dzThinFill</Fill>
      <!--<Lines>A_GaugeLines</Lines>-->
      <!--<LinesFill>A_GaugeLinesFill</LinesFill>-->
      <!--<EndCapLeft>A_GaugeEndCapLeft</EndCapLeft>-->
      <!--<EndCapRight>A_GaugeEndCapRight</EndCapRight>-->
    </GaugeDrawTemplate>
  </Gauge>
  <StaticAnimation item="PW_LineDivider4">
    <ScreenID>PW_LineDivider4</ScreenID>
    <Location>
      <X>1</X>
      <Y>161</Y>
    </Location>
    <Size>
      <CX>124</CX>
      <CY>6</CY>
    </Size>
    <Animation>Divider</Animation>
  </StaticAnimation>
  <!-- Party5 -->
  <Gauge item="Party5_HP_BG">
    <ScreenID>Gauge1</ScreenID>
    <TextColor>
      <R>240</R>
      <G>240</G>
      <B>240</B>
    </TextColor>
    <RelativePosition>true</RelativePosition>
    <Location>
      <X>-2</X>
      <Y>167</Y>
    </Location>
    <Size>
      <CX>124</CX>
      <CY>30</CY>
    </Size>
    <TextOffsetX>25</TextOffsetX>
    <TextOffsetY>-3</TextOffsetY>
    <GaugeOffsetX>20</GaugeOffsetX>
    <GaugeOffsetY>10</GaugeOffsetY>
    <Style_VScroll>false</Style_VScroll>
    <Style_HScroll>false</Style_HScroll>
    <Style_Transparent>false</Style_Transparent>
    <FillTint>
      <R>240</R>
      <G>0</G>
      <B>0</B>
    </FillTint>
    <LinesFillTint>
      <R>255</R>
      <G>153</G>
      <B>204</B>
    </LinesFillTint>
    <DrawLinesFill>false</DrawLinesFill>
    <EQType>15</EQType>
    <GaugeDrawTemplate>
      <Background>A_dzBackground</Background>
    </GaugeDrawTemplate>
  </Gauge>
  <Gauge item="Party5_HP_0">
    <RelativePosition>true</RelativePosition>
    <Location>
      <X>20</X>
      <Y>177</Y>
    </Location>
    <Size>
      <CX>100</CX>
      <CY>20</CY>
    </Size>
    <GaugeOffsetX>0</GaugeOffsetX>
    <GaugeOffsetY>0</GaugeOffsetY>
    <Text />
    <TextOffsetX>8000</TextOffsetX>
    <Style_VScroll>false</Style_VScroll>
    <Style_HScroll>false</Style_HScroll>
    <Style_Transparent>false</Style_Transparent>
    <FillTint>
      <R>240</R>
      <G>0</G>
      <B>0</B>
    </FillTint>
    <LinesFillTint>
      <R>0</R>
      <G>0</G>
      <B>0</B>
    </LinesFillTint>
    <DrawLinesFill>false</DrawLinesFill>
    <EQType>15</EQType>
    <GaugeDrawTemplate>
      <Fill>A_dzFill</Fill>
    </GaugeDrawTemplate>
  </Gauge>
  <Gauge item="Party5_HP_1A">
    <RelativePosition>true</RelativePosition>
    <Location>
      <X>0</X>
      <Y>0</Y>
    </Location>
    <Size>
      <CX>8000</CX>
      <CY>20</CY>
    </Size>
    <GaugeOffsetX>-2000</GaugeOffsetX>
    <GaugeOffsetY>0</GaugeOffsetY>
    <TextOffsetX>8000</TextOffsetX>
    <Style_VScroll>false</Style_VScroll>
    <Style_HScroll>false</Style_HScroll>
    <Style_Transparent>false</Style_Transparent>
    <FillTint>
      <R>240</R>
      <G>102</G>
      <B>0</B>
    </FillTint>
    <LinesFillTint>
      <R>0</R>
      <G>0</G>
      <B>0</B>
    </LinesFillTint>
    <DrawLinesFill>false</DrawLinesFill>
    <EQType>15</EQType>
    <GaugeDrawTemplate>
      <Fill>GW_GaugeFill1</Fill>
    </GaugeDrawTemplate>
  </Gauge>
  <Screen item="Party5_HP_1A_X">
    <RelativePosition>true</RelativePosition>
    <Location>
      <X>20</X>
      <Y>177</Y>
    </Location>
    <Size>
      <CX>20</CX>
      <CY>20</CY>
    </Size>
    <Style_Transparent>true</Style_Transparent>
    <Pieces>Party5_HP_1A</Pieces>
  </Screen>
  <Gauge item="Party5_HP_1B">
    <RelativePosition>true</RelativePosition>
    <Location>
      <X>40</X>
      <Y>177</Y>
    </Location>
    <Size>
      <CX>80</CX>
      <CY>20</CY>
    </Size>
    <GaugeOffsetX>-20</GaugeOffsetX>
    <GaugeOffsetY>0</GaugeOffsetY>
    <Text />
    <TextOffsetY>8000</TextOffsetY>
    <Style_VScroll>false</Style_VScroll>
    <Style_HScroll>false</Style_HScroll>
    <Style_Transparent>false</Style_Transparent>
    <FillTint>
      <R>240</R>
      <G>102</G>
      <B>0</B>
    </FillTint>
    <LinesFillTint>
      <R>0</R>
      <G>0</G>
      <B>0</B>
    </LinesFillTint>
    <DrawLinesFill>false</DrawLinesFill>
    <EQType>15</EQType>
    <GaugeDrawTemplate>
      <Fill>A_dzFill</Fill>
    </GaugeDrawTemplate>
  </Gauge>
  <Gauge item="Party5_HP_2A">
    <RelativePosition>true</RelativePosition>
    <Location>
      <X>0</X>
      <Y>0</Y>
    </Location>
    <Size>
      <CX>6000</CX>
      <CY>20</CY>
    </Size>
    <GaugeOffsetX>-4000</GaugeOffsetX>
    <GaugeOffsetY>0</GaugeOffsetY>
    <TextOffsetX>8000</TextOffsetX>
    <Style_VScroll>false</Style_VScroll>
    <Style_HScroll>false</Style_HScroll>
    <Style_Transparent>false</Style_Transparent>
    <FillTint>
      <R>240</R>
      <G>240</G>
      <B>0</B>
    </FillTint>
    <LinesFillTint>
      <R>0</R>
      <G>0</G>
      <B>0</B>
    </LinesFillTint>
    <DrawLinesFill>false</DrawLinesFill>
    <EQType>15</EQType>
    <GaugeDrawTemplate>
      <Fill>GW_GaugeFill2</Fill>
    </GaugeDrawTemplate>
  </Gauge>
  <Screen item="Party5_HP_2A_X">
    <RelativePosition>true</RelativePosition>
    <Location>
      <X>20</X>
      <Y>177</Y>
    </Location>
    <Size>
      <CX>40</CX>
      <CY>20</CY>
    </Size>
    <Style_Transparent>true</Style_Transparent>
    <Pieces>Party5_HP_2A</Pieces>
  </Screen>
  <Gauge item="Party5_HP_2B">
    <RelativePosition>true</RelativePosition>
    <Location>
      <X>60</X>
      <Y>177</Y>
    </Location>
    <Size>
      <CX>60</CX>
      <CY>20</CY>
    </Size>
    <GaugeOffsetX>-40</GaugeOffsetX>
    <GaugeOffsetY>0</GaugeOffsetY>
    <Text />
    <TextOffsetY>8000</TextOffsetY>
    <Style_VScroll>false</Style_VScroll>
    <Style_HScroll>false</Style_HScroll>
    <Style_Transparent>false</Style_Transparent>
    <FillTint>
      <R>240</R>
      <G>240</G>
      <B>0</B>
    </FillTint>
    <LinesFillTint>
      <R>0</R>
      <G>0</G>
      <B>0</B>
    </LinesFillTint>
    <DrawLinesFill>false</DrawLinesFill>
    <EQType>15</EQType>
    <GaugeDrawTemplate>
      <Fill>A_dzFill</Fill>
    </GaugeDrawTemplate>
  </Gauge>
  <Gauge item="Party5_HP_3A">
    <RelativePosition>true</RelativePosition>
    <Location>
      <X>0</X>
      <Y>0</Y>
    </Location>
    <Size>
      <CX>4000</CX>
      <CY>20</CY>
    </Size>
    <GaugeOffsetX>-6000</GaugeOffsetX>
    <GaugeOffsetY>0</GaugeOffsetY>
    <TextOffsetX>8000</TextOffsetX>
    <Style_VScroll>false</Style_VScroll>
    <Style_HScroll>false</Style_HScroll>
    <Style_Transparent>false</Style_Transparent>
    <FillTint>
      <R>173</R>
      <G>255</G>
      <B>47</B>
    </FillTint>
    <LinesFillTint>
      <R>0</R>
      <G>0</G>
      <B>0</B>
    </LinesFillTint>
    <DrawLinesFill>false</DrawLinesFill>
    <EQType>15</EQType>
    <GaugeDrawTemplate>
      <Fill>GW_GaugeFill3</Fill>
    </GaugeDrawTemplate>
  </Gauge>
  <Screen item="Party5_HP_3A_X">
    <RelativePosition>true</RelativePosition>
    <Location>
      <X>20</X>
      <Y>177</Y>
    </Location>
    <Size>
      <CX>60</CX>
      <CY>20</CY>
    </Size>
    <Style_Transparent>true</Style_Transparent>
    <Pieces>Party5_HP_3A</Pieces>
  </Screen>
  <Gauge item="Party5_HP_3B">
    <RelativePosition>true</RelativePosition>
    <Location>
      <X>80</X>
      <Y>177</Y>
    </Location>
    <Size>
      <CX>40</CX>
      <CY>20</CY>
    </Size>
    <GaugeOffsetX>-60</GaugeOffsetX>
    <GaugeOffsetY>0</GaugeOffsetY>
    <Text />
    <TextOffsetY>8000</TextOffsetY>
    <Style_VScroll>false</Style_VScroll>
    <Style_HScroll>false</Style_HScroll>
    <Style_Transparent>false</Style_Transparent>
    <FillTint>
      <R>173</R>
      <G>255</G>
      <B>47</B>
    </FillTint>
    <LinesFillTint>
      <R>0</R>
      <G>0</G>
      <B>0</B>
    </LinesFillTint>
    <DrawLinesFill>false</DrawLinesFill>
    <EQType>15</EQType>
    <GaugeDrawTemplate>
      <Fill>A_dzFill</Fill>
    </GaugeDrawTemplate>
  </Gauge>
  <Gauge item="Party5_HP_4A">
    <RelativePosition>true</RelativePosition>
    <Location>
      <X>0</X>
      <Y>0</Y>
    </Location>
    <Size>
      <CX>2000</CX>
      <CY>20</CY>
    </Size>
    <GaugeOffsetX>-8000</GaugeOffsetX>
    <GaugeOffsetY>0</GaugeOffsetY>
    <TextOffsetX>8000</TextOffsetX>
    <Style_VScroll>false</Style_VScroll>
    <Style_HScroll>false</Style_HScroll>
    <Style_Transparent>false</Style_Transparent>
    <FillTint>
      <R>0</R>
      <G>240</G>
      <B>0</B>
    </FillTint>
    <LinesFillTint>
      <R>0</R>
      <G>0</G>
      <B>0</B>
    </LinesFillTint>
    <DrawLinesFill>false</DrawLinesFill>
    <EQType>15</EQType>
    <GaugeDrawTemplate>
      <Fill>GW_GaugeFill4</Fill>
    </GaugeDrawTemplate>
  </Gauge>
  <Screen item="Party5_HP_4A_X">
    <RelativePosition>true</RelativePosition>
    <Location>
      <X>20</X>
      <Y>177</Y>
    </Location>
    <Size>
      <CX>80</CX>
      <CY>20</CY>
    </Size>
    <Style_Transparent>true</Style_Transparent>
    <Pieces>Party5_HP_4A</Pieces>
  </Screen>
  <Gauge item="Party5_HP_4B">
    <RelativePosition>true</RelativePosition>
    <Location>
      <X>100</X>
      <Y>177</Y>
    </Location>
    <Size>
      <CX>20</CX>
      <CY>20</CY>
    </Size>
    <GaugeOffsetX>-80</GaugeOffsetX>
    <GaugeOffsetY>0</GaugeOffsetY>
    <Text />
    <TextOffsetY>8000</TextOffsetY>
    <Style_VScroll>false</Style_VScroll>
    <Style_HScroll>false</Style_HScroll>
    <Style_Transparent>false</Style_Transparent>
    <FillTint>
      <R>0</R>
      <G>240</G>
      <B>0</B>
    </FillTint>
    <LinesFillTint>
      <R>0</R>
      <G>0</G>
      <B>0</B>
    </LinesFillTint>
    <DrawLinesFill>false</DrawLinesFill>
    <EQType>15</EQType>
    <GaugeDrawTemplate>
      <Fill>A_dzFill</Fill>
    </GaugeDrawTemplate>
  </Gauge>
  <Gauge item="GW_PetGauge5">
    <ScreenID>PetGauge5</ScreenID>
    <!--<Font>3</Font>-->
    <TextColor>
      <R>240</R>
      <G>240</G>
      <B>240</B>
    </TextColor>
    <RelativePosition>true</RelativePosition>
    <Location>
      <X>18</X>
      <Y>194</Y>
    </Location>
    <Size>
      <CX>104</CX>
      <CY>10</CY>
    </Size>
    <TextOffsetY>-50</TextOffsetY>
    <GaugeOffsetY>0</GaugeOffsetY>
    <GaugeOffsetX>0</GaugeOffsetX>
    <Style_VScroll>false</Style_VScroll>
    <Style_HScroll>false</Style_HScroll>
    <Style_Transparent>false</Style_Transparent>
    <!--<TooltipReference/>-->
    <FillTint>
      <R>222</R>
      <G>73</G>
      <B>242</B>
      <Alpha>255</Alpha>
    </FillTint>
    <LinesFillTint>
      <R>220</R>
      <G>220</G>
      <B>0</B>
    </LinesFillTint>
    <DrawLinesFill>false</DrawLinesFill>
    <EQType>21</EQType>
    <GaugeDrawTemplate>
      <Background>A_dzThinBackground</Background>
      <Fill>A_dzThinFill</Fill>
      <!--<Lines>A_GaugeLines</Lines>-->
      <!--<LinesFill>A_GaugeLinesFill</LinesFill>-->
      <!--<EndCapLeft>A_GaugeEndCapLeft</EndCapLeft>-->
      <!--<EndCapRight>A_GaugeEndCapRight</EndCapRight>-->
    </GaugeDrawTemplate>
  </Gauge>
  <!-- Party End -->
  <Label item="F2">
    <ScreenID>F2</ScreenID>
    <Font>1</Font>
    <RelativePosition>true</RelativePosition>
    <Location>
      <X>5</X>
      <Y>1</Y>
    </Location>
    <Size>
      <CX>20</CX>
      <CY>14</CY>
    </Size>
    <Text>F2</Text>
    <TextColor>
      <R>255</R>
      <G>255</G>
      <B>255</B>
    </TextColor>
    <NoWrap>true</NoWrap>
    <AlignLeft>true</AlignLeft>
    <Style_Tooltip>false</Style_Tooltip>
  </Label>
  <Label item="F3">
    <ScreenID>F3</ScreenID>
    <Font>1</Font>
    <RelativePosition>true</RelativePosition>
    <Location>
      <X>5</X>
      <Y>42</Y>
    </Location>
    <Size>
      <CX>14</CX>
      <CY>14</CY>
    </Size>
    <Text>F3</Text>
    <TextColor>
      <R>255</R>
      <G>255</G>
      <B>255</B>
    </TextColor>
    <NoWrap>true</NoWrap>
    <AlignLeft>true</AlignLeft>
    <Style_Tooltip>false</Style_Tooltip>
  </Label>
  <Label item="F4">
    <ScreenID>F4</ScreenID>
    <Font>1</Font>
    <RelativePosition>true</RelativePosition>
    <Location>
      <X>5</X>
      <Y>83</Y>
    </Location>
    <Size>
      <CX>14</CX>
      <CY>14</CY>
    </Size>
    <Text>F4</Text>
    <TextColor>
      <R>255</R>
      <G>255</G>
      <B>255</B>
    </TextColor>
    <NoWrap>true</NoWrap>
    <AlignLeft>true</AlignLeft>
    <Style_Tooltip>false</Style_Tooltip>
  </Label>
  <Label item="F5">
    <ScreenID>F5</ScreenID>
    <Font>1</Font>
    <RelativePosition>true</RelativePosition>
    <Location>
      <X>5</X>
      <Y>125</Y>
    </Location>
    <Size>
      <CX>14</CX>
      <CY>14</CY>
    </Size>
    <Text>F5</Text>
    <TextColor>
      <R>255</R>
      <G>255</G>
      <B>255</B>
    </TextColor>
    <NoWrap>true</NoWrap>
    <AlignLeft>true</AlignLeft>
    <Style_Tooltip>false</Style_Tooltip>
  </Label>
  <Label item="F6">
    <ScreenID>F6</ScreenID>
    <Font>1</Font>
    <RelativePosition>true</RelativePosition>
    <Location>
      <X>5</X>
      <Y>167</Y>
    </Location>
    <Size>
      <CX>14</CX>
      <CY>14</CY>
    </Size>
    <Text>F6</Text>
    <TextColor>
      <R>255</R>
      <G>255</G>
      <B>255</B>
    </TextColor>
    <NoWrap>true</NoWrap>
    <AlignLeft>true</AlignLeft>
    <Style_Tooltip>false</Style_Tooltip>
  </Label>
  <Label item="GW_HPLabel1">
    <ScreenID>HPLabel1</ScreenID>
    <Font>1</Font>
    <EQType>35</EQType>
    <RelativePosition>true</RelativePosition>
    <Location>
      <X>-2</X>
      <Y>12</Y>
    </Location>
    <Size>
      <CX>20</CX>
      <CY>12</CY>
    </Size>
    <Text>100</Text>
    <TextColor>
      <R>240</R>
      <G>240</G>
      <B>240</B>
    </TextColor>
    <NoWrap>true</NoWrap>
    <AlignCenter>false</AlignCenter>
    <AlignRight>true</AlignRight>
    <Style_Tooltip>false</Style_Tooltip>
  </Label>
  <Label item="GW_HPPercLabel1">
    <ScreenID>HPPercLabel1</ScreenID>
    <Size>
      <CX>1</CX>
      <CY>1</CY>
    </Size>
    <Location>
      <X>-2</X>
      <Y>8</Y>
    </Location>
  </Label>
  <Label item="GW_HPLabel2">
    <ScreenID>HPLabel2</ScreenID>
    <Font>1</Font>
    <EQType>36</EQType>
    <RelativePosition>true</RelativePosition>
    <Location>
      <X>-2</X>
      <Y>53</Y>
    </Location>
    <Size>
      <CX>20</CX>
      <CY>12</CY>
    </Size>
    <Text>100</Text>
    <TextColor>
      <R>240</R>
      <G>240</G>
      <B>240</B>
    </TextColor>
    <NoWrap>true</NoWrap>
    <AlignCenter>false</AlignCenter>
    <AlignRight>true</AlignRight>
    <Style_Tooltip>false</Style_Tooltip>
  </Label>
  <Label item="GW_HPPercLabel2">
    <ScreenID>HPPercLabel2</ScreenID>
    <Size>
      <CX>1</CX>
      <CY>1</CY>
    </Size>
    <Location>
      <X>-2</X>
      <Y>8</Y>
    </Location>
  </Label>
  <Label item="GW_HPLabel3">
    <ScreenID>HPLabel3</ScreenID>
    <Font>1</Font>
    <EQType>37</EQType>
    <RelativePosition>true</RelativePosition>
    <Location>
      <X>-2</X>
      <Y>94</Y>
    </Location>
    <Size>
      <CX>20</CX>
      <CY>12</CY>
    </Size>
    <Text>100</Text>
    <TextColor>
      <R>240</R>
      <G>240</G>
      <B>240</B>
    </TextColor>
    <NoWrap>true</NoWrap>
    <AlignCenter>false</AlignCenter>
    <AlignRight>true</AlignRight>
    <Style_Tooltip>false</Style_Tooltip>
  </Label>
  <Label item="GW_HPPercLabel3">
    <ScreenID>HPPercLabel3</ScreenID>
    <Size>
      <CX>1</CX>
      <CY>1</CY>
    </Size>
    <Location>
      <X>-2</X>
      <Y>8</Y>
    </Location>
  </Label>
  <Label item="GW_HPLabel4">
    <ScreenID>HPLabel4</ScreenID>
    <Font>1</Font>
    <EQType>38</EQType>
    <RelativePosition>true</RelativePosition>
    <Location>
      <X>-2</X>
      <Y>136</Y>
    </Location>
    <Size>
      <CX>20</CX>
      <CY>12</CY>
    </Size>
    <Text>100</Text>
    <TextColor>
      <R>240</R>
      <G>240</G>
      <B>240</B>
    </TextColor>
    <NoWrap>true</NoWrap>
    <AlignCenter>false</AlignCenter>
    <AlignRight>true</AlignRight>
    <Style_Tooltip>false</Style_Tooltip>
  </Label>
  <Label item="GW_HPPercLabel4">
    <ScreenID>HPPercLabel4</ScreenID>
    <Size>
      <CX>1</CX>
      <CY>1</CY>
    </Size>
    <Location>
      <X>-2</X>
      <Y>8</Y>
    </Location>
  </Label>
  <Label item="GW_HPLabel5">
    <ScreenID>HPLabel5</ScreenID>
    <Font>1</Font>
    <EQType>39</EQType>
    <RelativePosition>true</RelativePosition>
    <Location>
      <X>-2</X>
      <Y>178</Y>
    </Location>
    <Size>
      <CX>20</CX>
      <CY>12</CY>
    </Size>
    <Text>100</Text>
    <TextColor>
      <R>240</R>
      <G>240</G>
      <B>240</B>
    </TextColor>
    <NoWrap>true</NoWrap>
    <AlignCenter>false</AlignCenter>
    <AlignRight>true</AlignRight>
    <Style_Tooltip>false</Style_Tooltip>
  </Label>
  <Label item="GW_HPPercLabel5">
    <ScreenID>HPPercLabel5</ScreenID>
    <Size>
      <CX>1</CX>
      <CY>1</CY>
    </Size>
    <Location>
      <X>-2</X>
      <Y>8</Y>
    </Location>
  </Label>
  <Button item="GW_InviteButton">
    <ScreenID>InviteButton</ScreenID>
    <Font>3</Font>
    <RelativePosition>true</RelativePosition>
    <Location>
      <X>125</X>
      <Y>2</Y>
    </Location>
    <Size>
      <CX>60</CX>
      <CY>14</CY>
    </Size>
    <Style_VScroll>false</Style_VScroll>
    <Style_HScroll>false</Style_HScroll>
    <Style_Transparent>false</Style_Transparent>
    <Style_Checkbox>false</Style_Checkbox>
    <!--<RadioGroup/>-->
    <Text>Invite</Text>
    <TextColor>
      <R>240</R>
      <G>240</G>
      <B>240</B>
    </TextColor>
    <ButtonDrawTemplate>
      <Normal>A_SquareBtnNormal</Normal>
      <PressedFlyby>A_SquareBtnPressedFlyby</PressedFlyby>
      <Pressed>A_SquareBtnPressed</Pressed>
      <Flyby>A_SquareBtnFlyby</Flyby>
      <Disabled>A_SquareBtnDisabled</Disabled>
    </ButtonDrawTemplate>
  </Button>
  <Button item="GW_DisbandButton">
    <ScreenID>DisbandButton</ScreenID>
    <Font>3</Font>
    <RelativePosition>true</RelativePosition>
    <Location>
      <X>185</X>
      <Y>2</Y>
    </Location>
    <Size>
      <CX>60</CX>
      <CY>14</CY>
    </Size>
    <Style_VScroll>false</Style_VScroll>
    <Style_HScroll>false</Style_HScroll>
    <Style_Transparent>false</Style_Transparent>
    <Style_Checkbox>false</Style_Checkbox>
    <!--<RadioGroup/>-->
    <Text>Disband</Text>
    <TextColor>
      <R>240</R>
      <G>240</G>
      <B>240</B>
    </TextColor>
    <ButtonDrawTemplate>
      <Normal>A_SquareBtnNormal</Normal>
      <PressedFlyby>A_SquareBtnPressedFlyby</PressedFlyby>
      <Pressed>A_SquareBtnPressed</Pressed>
      <Flyby>A_SquareBtnFlyby</Flyby>
      <Disabled>A_SquareBtnDisabled</Disabled>
    </ButtonDrawTemplate>
  </Button>
  <Button item="GW_FollowButton">
    <ScreenID>FollowButton</ScreenID>
    <Font>3</Font>
    <RelativePosition>true</RelativePosition>
    <Location>
      <X>125</X>
      <Y>2</Y>
    </Location>
    <Size>
      <CX>60</CX>
      <CY>14</CY>
    </Size>
    <Style_VScroll>false</Style_VScroll>
    <Style_HScroll>false</Style_HScroll>
    <Style_Transparent>false</Style_Transparent>
    <Style_Checkbox>false</Style_Checkbox>
    <!--<RadioGroup/>-->
    <Text>Follow</Text>
    <TextColor>
      <R>240</R>
      <G>240</G>
      <B>240</B>
    </TextColor>
    <ButtonDrawTemplate>
      <Normal>A_SquareBtnNormal</Normal>
      <PressedFlyby>A_SquareBtnPressedFlyby</PressedFlyby>
      <Pressed>A_SquareBtnPressed</Pressed>
      <Flyby>A_SquareBtnFlyby</Flyby>
      <Disabled>A_SquareBtnDisabled</Disabled>
    </ButtonDrawTemplate>
  </Button>
  <Button item="GW_DeclineButton">
    <ScreenID>DeclineButton</ScreenID>
    <Font>3</Font>
    <RelativePosition>true</RelativePosition>
    <Location>
      <X>185</X>
      <Y>2</Y>
    </Location>
    <Size>
      <CX>60</CX>
      <CY>14</CY>
    </Size>
    <Style_VScroll>false</Style_VScroll>
    <Style_HScroll>false</Style_HScroll>
    <Style_Transparent>false</Style_Transparent>
    <Style_Checkbox>false</Style_Checkbox>
    <!--<RadioGroup/>-->
    <Text>Decline</Text>
    <TextColor>
      <R>240</R>
      <G>240</G>
      <B>240</B>
    </TextColor>
    <ButtonDrawTemplate>
      <Normal>A_SquareBtnNormal</Normal>
      <PressedFlyby>A_SquareBtnPressedFlyby</PressedFlyby>
      <Pressed>A_SquareBtnPressed</Pressed>
      <Flyby>A_SquareBtnFlyby</Flyby>
      <Disabled>A_SquareBtnDisabled</Disabled>
    </ButtonDrawTemplate>
  </Button>
  <Button item="GW_LFGButton">
    <ScreenID>LFGButton</ScreenID>
    <RelativePosition>true</RelativePosition>
    <Location>
      <X>-3</X>
      <Y>16</Y>
    </Location>
    <Size>
      <CX>1</CX>
      <CY>1</CY>
    </Size>
    <Style_Checkbox>false</Style_Checkbox>
    <TooltipReference>Open LFG Window</TooltipReference>
    <Text>LFG</Text>
    <TextColor>
      <R>240</R>
      <G>240</G>
      <B>240</B>
    </TextColor>
    <ButtonDrawTemplate>
      <Normal>A_SquareBtnNormal</Normal>
      <PressedFlyby>A_SquareBtnPressedFlyby</PressedFlyby>
      <Pressed>A_SquareBtnPressed</Pressed>
      <Flyby>A_SquareBtnFlyby</Flyby>
      <Disabled>A_SquareBtnDisabled</Disabled>
    </ButtonDrawTemplate>
  </Button>
  <Label item="Level">
    <ScreenID>Level</ScreenID>
    <Font>3</Font>
    <EQType>2</EQType>
    <RelativePosition>true</RelativePosition>
    <Location>
      <X>133</X>
      <Y>18</Y>
    </Location>
    <Size>
      <CX>18</CX>
      <CY>14</CY>
    </Size>
    <Text>60</Text>
    <TextColor>
      <R>255</R>
      <G>255</G>
      <B>255</B>
    </TextColor>
    <NoWrap>true</NoWrap>
    <AlignRight>true</AlignRight>
    <Style_Tooltip>false</Style_Tooltip>
  </Label>
  <Label item="Class">
    <ScreenID>Class</ScreenID>
    <Font>3</Font>
    <EQType>3</EQType>
    <RelativePosition>true</RelativePosition>
    <Location>
      <X>155</X>
      <Y>18</Y>
    </Location>
    <Size>
      <CX>90</CX>
      <CY>14</CY>
    </Size>
    <Text>Shadow Knight</Text>
    <TextColor>
      <R>255</R>
      <G>255</G>
      <B>255</B>
    </TextColor>
    <NoWrap>true</NoWrap>
    <AlignLeft>true</AlignLeft>
    <Style_Tooltip>false</Style_Tooltip>
  </Label>
  <Label item="Of">
    <ScreenID>Of</ScreenID>
    <Font>3</Font>
    <RelativePosition>true</RelativePosition>
    <Location>
      <X>133</X>
      <Y>30</Y>
    </Location>
    <Size>
      <CX>18</CX>
      <CY>14</CY>
    </Size>
    <Text>of</Text>
    <TextColor>
      <R>255</R>
      <G>255</G>
      <B>255</B>
    </TextColor>
    <NoWrap>true</NoWrap>
    <AlignRight>true</AlignRight>
    <Style_Tooltip>false</Style_Tooltip>
  </Label>
  <Label item="Deity">
    <ScreenID>Deity</ScreenID>
    <Font>3</Font>
    <EQType>4</EQType>
    <RelativePosition>true</RelativePosition>
    <Location>
      <X>155</X>
      <Y>30</Y>
    </Location>
    <Size>
      <CX>90</CX>
      <CY>14</CY>
    </Size>
    <Text>Mithaniel Marr</Text>
    <TextColor>
      <R>255</R>
      <G>255</G>
      <B>255</B>
    </TextColor>
    <NoWrap>true</NoWrap>
    <AlignLeft>true</AlignLeft>
    <Style_Tooltip>false</Style_Tooltip>
  </Label>
  <Label item="PlayerHPLabel">
    <ScreenID>PlayerHPLabel</ScreenID>
    <Font>3</Font>
    <RelativePosition>true</RelativePosition>
    <Location>
      <X>131</X>
      <Y>45</Y>
    </Location>
    <Size>
      <CX>46</CX>
      <CY>14</CY>
    </Size>
    <Text>HP:</Text>
    <TextColor>
      <R>255</R>
      <G>255</G>
      <B>255</B>
    </TextColor>
    <NoWrap>true</NoWrap>
    <AlignRight>true</AlignRight>
    <Style_Tooltip>false</Style_Tooltip>
  </Label>
  <Label item="PlayerHP">
    <ScreenID>PlayerHP</ScreenID>
    <EQType>70</EQType>
    <Font>3</Font>
    <RelativePosition>true</RelativePosition>
    <Location>
      <X>179</X>
      <Y>45</Y>
    </Location>
    <Size>
      <CX>75</CX>
      <CY>14</CY>
    </Size>
    <Text>9999/9999</Text>
    <TextColor>
      <R>255</R>
      <G>255</G>
      <B>255</B>
    </TextColor>
    <NoWrap>true</NoWrap>
    <AlignLeft>true</AlignLeft>
  </Label>
 <Label item="PlayerManaLabel">
    <ScreenID>PlayerManaLabel</ScreenID>
    <Font>3</Font>
    <RelativePosition>true</RelativePosition>
    <Location>
      <X>131</X>
      <Y>57</Y>
    </Location>
    <Size>
      <CX>46</CX>
      <CY>14</CY>
    </Size>
    <Text>MANA:</Text>
    <TextColor>
      <R>255</R>
      <G>255</G>
      <B>255</B>
    </TextColor>
    <NoWrap>true</NoWrap>
    <AlignRight>true</AlignRight>
    <Style_Tooltip>false</Style_Tooltip>
  </Label>
   <Label item="PlayerMana">
    <ScreenID>PlayerMana</ScreenID>
    <EQType>80</EQType>
    <Font>3</Font>
    <RelativePosition>true</RelativePosition>
    <Location>
      <X>179</X>
      <Y>57</Y>
    </Location>
    <Size>
      <CX>75</CX>
      <CY>14</CY>
    </Size>
    <Text>9999/9999</Text>
    <TextColor>
      <R>255</R>
      <G>255</G>
      <B>255</B>
    </TextColor>
    <NoWrap>true</NoWrap>
    <AlignLeft>true</AlignLeft>
  </Label>
  <Label item="ATKLabel">
    <ScreenID>ATKLabel</ScreenID>
    <Font>2</Font>
    <RelativePosition>true</RelativePosition>
    <Location>
      <X>137</X>
      <Y>72</Y>
    </Location>
    <Size>
      <CX>25</CX>
      <CY>14</CY>
    </Size>
    <Text>ATK:</Text>
    <TextColor>
      <R>255</R>
      <G>255</G>
      <B>255</B>
    </TextColor>
    <NoWrap>true</NoWrap>
    <AlignLeft>true</AlignLeft>
    <Style_Tooltip>false</Style_Tooltip>
  </Label>
  <Label item="ATK">
    <ScreenID>ATK</ScreenID>
    <EQType>23</EQType>
    <Font>2</Font>
    <RelativePosition>true</RelativePosition>
    <Location>
      <X>164</X>
      <Y>72</Y>
    </Location>
    <Size>
      <CX>28</CX>
      <CY>14</CY>
    </Size>
    <TextColor>
      <R>255</R>
      <G>255</G>
      <B>255</B>
      <Alpha>255</Alpha>
    </TextColor>
    <NoWrap>true</NoWrap>
    <Text>9999</Text>
    <AlignLeft>true</AlignLeft>
  </Label>
  <Label item="ACLabel">
    <ScreenID>ACLabel</ScreenID>
    <Font>2</Font>
    <RelativePosition>true</RelativePosition>
    <Location>
      <X>197</X>
      <Y>72</Y>
    </Location>
    <Size>
      <CX>21</CX>
      <CY>14</CY>
    </Size>
    <Text>AC:</Text>
    <TextColor>
      <R>255</R>
      <G>255</G>
      <B>255</B>
    </TextColor>
    <NoWrap>true</NoWrap>
    <AlignRight>true</AlignRight>
    <Style_Tooltip>false</Style_Tooltip>
  </Label>
  <Label item="AC">
    <ScreenID>AC</ScreenID>
    <EQType>22</EQType>
    <Font>2</Font>
    <RelativePosition>true</RelativePosition>
    <Location>
      <X>220</X>
      <Y>72</Y>
    </Location>
    <Size>
      <CX>28</CX>
      <CY>14</CY>
    </Size>
    <TextColor>
      <R>255</R>
      <G>255</G>
      <B>255</B>
      <Alpha>255</Alpha>
    </TextColor>
    <NoWrap>true</NoWrap>
    <Text>9999</Text>
    <AlignLeft>true</AlignLeft>
  </Label>
<Label item="EXP_PRH">
    <ScreenID>EXP_PRH</ScreenID>
    <EQType>81</EQType>
    <Font>3</Font>
    <RelativePosition>true</RelativePosition>
    <Location>
      <X>157</X>
      <Y>86</Y>
    </Location>
    <Size>
      <CX>75</CX>
      <CY>14</CY>
    </Size>
    <Text>999999</Text>
    <TextColor>
      <R>240</R>
      <G>240</G>
      <B>240</B>
    </TextColor>
    <NoWrap>true</NoWrap>
    <AlignCenter>true</AlignCenter>
  </Label>
  <Gauge item="PlayerXPGauge_BG">
    <ScreenID>PlayerXPGauge_BG</ScreenID>
    <RelativePosition>true</RelativePosition>
    <Location>
      <X>142</X>
      <Y>84</Y>
    </Location>
    <Size>
      <CX>104</CX>
      <CY>20</CY>
    </Size>
    <GaugeOffsetY>0</GaugeOffsetY>
    <GaugeOffsetX>0</GaugeOffsetX>
    <Style_VScroll>false</Style_VScroll>
    <Style_HScroll>false</Style_HScroll>
    <Style_Transparent>false</Style_Transparent>
    <!--<TooltipReference/>-->
    <FillTint>
      <R>220</R>
      <G>150</G>
      <B>0</B>
    </FillTint>
    <LinesFillTint>
      <R>0</R>
      <G>80</G>
      <B>220</B>
    </LinesFillTint>
    <DrawLinesFill>true</DrawLinesFill>
    <EQType>4</EQType>
    <GaugeDrawTemplate>
      <Background>A_dzBackground</Background>
    </GaugeDrawTemplate>
  </Gauge>
  <Gauge item="PlayerXPGauge">
    <ScreenID>PlayerXPGauge</ScreenID>
    <!--<Font>3</Font>-->
    <RelativePosition>true</RelativePosition>
    <Location>
      <X>144</X>
      <Y>84</Y>
    </Location>
    <Size>
      <CX>100</CX>
      <CY>20</CY>
    </Size>
    <GaugeOffsetY>0</GaugeOffsetY>
    <GaugeOffsetX>0</GaugeOffsetX>
    <Style_VScroll>false</Style_VScroll>
    <Style_HScroll>false</Style_HScroll>
    <Style_Transparent>false</Style_Transparent>
    <!--<TooltipReference/>-->
    <FillTint>
      <R>220</R>
      <G>150</G>
      <B>0</B>
    </FillTint>
    <LinesFillTint>
      <R>0</R>
      <G>80</G>
      <B>220</B>
    </LinesFillTint>
    <DrawLinesFill>true</DrawLinesFill>
    <EQType>4</EQType>
    <GaugeDrawTemplate>
      <Fill>A_dzFill</Fill>
    </GaugeDrawTemplate>
  </Gauge>
  <Label item="PlayerXPPerc">
    <Font>1</Font>
    <EQType>26</EQType>
    <RelativePosition>true</RelativePosition>
    <Location>
      <X>122</X>
      <Y>87</Y>
    </Location>
    <Size>
      <CX>20</CX>
      <CY>12</CY>
    </Size>
    <Text>100</Text>
    <TextColor>
      <R>240</R>
      <G>240</G>
      <B>240</B>
    </TextColor>
    <NoWrap>true</NoWrap>
    <AlignCenter>false</AlignCenter>
    <AlignRight>true</AlignRight>
  </Label>
  <Gauge item="P_Fatigue">
    <ScreenID>P_Fatigue</ScreenID>
    <RelativePosition>true</RelativePosition>
    <Location>
      <X>142</X>
      <Y>102</Y>
    </Location>
    <Size>
      <CX>104</CX>
      <CY>11</CY>
    </Size>
    <GaugeOffsetY>0</GaugeOffsetY>
    <Style_VScroll>false</Style_VScroll>
    <Style_HScroll>false</Style_HScroll>
    <Style_Transparent>false</Style_Transparent>
    <FillTint>
      <R>240</R>
      <G>240</G>
      <B>0</B>
    </FillTint>
    <LinesFillTint>
      <R>0</R>
      <G>220</G>
      <B>0</B>
    </LinesFillTint>
    <DrawLinesFill>false</DrawLinesFill>
    <EQType>3</EQType>
    <GaugeDrawTemplate>
      <Background>A_dzThinBackground</Background>
      <Fill>A_dzThinFill</Fill>
      <Lines>A_dzThinLines</Lines>
    </GaugeDrawTemplate>
  </Gauge>
  <Gauge item="P_Breath">
    <ScreenID>P_Breath</ScreenID>
    <RelativePosition>true</RelativePosition>
    <Location>
      <X>142</X>
      <Y>109</Y>
    </Location>
    <Size>
      <CX>104</CX>
      <CY>11</CY>
    </Size>
    <GaugeOffsetY>0</GaugeOffsetY>
    <Style_VScroll>false</Style_VScroll>
    <Style_HScroll>false</Style_HScroll>
    <Style_Transparent>false</Style_Transparent>
    <FillTint>
      <R>0</R>
      <G>240</G>
      <B>240</B>
    </FillTint>
    <LinesFillTint>
      <R>0</R>
      <G>0</G>
      <B>0</B>
    </LinesFillTint>
    <DrawLinesFill>false</DrawLinesFill>
    <EQType>8</EQType>
    <GaugeDrawTemplate>
      <Background>A_dzThinBackground</Background>
      <Fill>A_dzThinFill</Fill>
      <Lines>A_dzThinLines</Lines>
    </GaugeDrawTemplate>
  </Gauge>
  <Gauge item="Player_AAExp">
    <ScreenID>AAExp</ScreenID>
    <RelativePosition>true</RelativePosition>
    <Location>
      <X>142</X>
      <Y>115</Y>
    </Location>
    <Size>
      <CX>105</CX>
      <CY>11</CY>
    </Size>
    <GaugeOffsetY>0</GaugeOffsetY>
    <Style_VScroll>false</Style_VScroll>
    <Style_HScroll>false</Style_HScroll>
    <Style_Transparent>false</Style_Transparent>
    <FillTint>
      <R>220</R>
      <G>150</G>
      <B>0</B>
    </FillTint>
    <LinesFillTint>
      <R>0</R>
      <G>80</G>
      <B>220</B>
    </LinesFillTint>
    <DrawLinesFill>true</DrawLinesFill>
    <EQType>5</EQType>
    <GaugeDrawTemplate>
     <Background>A_dzThinBackground</Background>
      <Fill>A_dzThinFill</Fill>
      <Lines>A_dzThinLines</Lines>
      <Lines>A_GaugeLines</Lines>
      <LinesFill>A_GaugeLinesFill</LinesFill>
    </GaugeDrawTemplate>
  </Gauge>
  <Label item="STRLabel">
    <ScreenID>STRLabel</ScreenID>
    <Font>2</Font>
    <RelativePosition>true</RelativePosition>
    <Location>
      <X>131</X>
      <Y>124</Y>
    </Location>
    <Size>
      <CX>30</CX>
      <CY>14</CY>
    </Size>
    <Text>STR:</Text>
    <TextColor>
      <R>255</R>
      <G>255</G>
      <B>255</B>
    </TextColor>
    <NoWrap>true</NoWrap>
    <AlignCenter>true</AlignCenter>
    <AlignRight>false</AlignRight>
    <AlignLeft>true</AlignLeft>
    <Style_Tooltip>false</Style_Tooltip>
  </Label>
  <Label item="STR">
    <ScreenID>STR</ScreenID>
    <EQType>5</EQType>
    <Font>2</Font>
    <RelativePosition>true</RelativePosition>
    <Location>
      <X>154</X>
      <Y>124</Y>
    </Location>
    <Size>
      <CX>30</CX>
      <CY>14</CY>
    </Size>
    <Text>255</Text>
    <TextColor>
      <R>255</R>
      <G>255</G>
      <B>255</B>
    </TextColor>
    <NoWrap>true</NoWrap>
    <AlignCenter>true</AlignCenter>
    <AlignRight>false</AlignRight>
    <AlignLeft>true</AlignLeft>
    <Style_Tooltip>false</Style_Tooltip>
  </Label>
  <Label item="STALabel">
    <ScreenID>STRLabel</ScreenID>
    <Font>2</Font>
    <RelativePosition>true</RelativePosition>
    <Location>
      <X>130</X>
      <Y>135</Y>
    </Location>
    <Size>
      <CX>30</CX>
      <CY>14</CY>
    </Size>
    <Text>STA:</Text>
    <TextColor>
      <R>255</R>
      <G>255</G>
      <B>255</B>
    </TextColor>
    <NoWrap>true</NoWrap>
    <AlignCenter>true</AlignCenter>
    <AlignRight>false</AlignRight>
    <AlignLeft>true</AlignLeft>
    <Style_Tooltip>false</Style_Tooltip>
  </Label>
  <Label item="STA">
    <ScreenID>STA</ScreenID>
    <EQType>6</EQType>
    <Font>2</Font>
    <RelativePosition>true</RelativePosition>
    <Location>
      <X>154</X>
      <Y>135</Y>
    </Location>
    <Size>
      <CX>30</CX>
      <CY>14</CY>
    </Size>
    <Text>255</Text>
    <TextColor>
      <R>255</R>
      <G>255</G>
      <B>255</B>
    </TextColor>
    <NoWrap>true</NoWrap>
    <AlignCenter>true</AlignCenter>
    <AlignRight>false</AlignRight>
    <AlignLeft>true</AlignLeft>
    <Style_Tooltip>false</Style_Tooltip>
  </Label>
  <Label item="AGILabel">
    <ScreenID>AGILabel</ScreenID>
    <Font>2</Font>
    <RelativePosition>true</RelativePosition>
    <Location>
      <X>132</X>
      <Y>146</Y>
    </Location>
    <Size>
      <CX>30</CX>
      <CY>14</CY>
    </Size>
    <Text>AGI:</Text>
    <TextColor>
      <R>255</R>
      <G>255</G>
      <B>255</B>
    </TextColor>
    <NoWrap>true</NoWrap>
    <AlignCenter>true</AlignCenter>
    <AlignRight>false</AlignRight>
    <AlignLeft>true</AlignLeft>
    <Style_Tooltip>false</Style_Tooltip>
  </Label>
  <Label item="AGI">
    <ScreenID>AGI</ScreenID>
    <EQType>8</EQType>
    <Font>2</Font>
    <RelativePosition>true</RelativePosition>
    <Location>
      <X>154</X>
      <Y>146</Y>
    </Location>
    <Size>
      <CX>30</CX>
      <CY>14</CY>
    </Size>
    <Text>255</Text>
    <TextColor>
      <R>255</R>
      <G>255</G>
      <B>255</B>
    </TextColor>
    <NoWrap>true</NoWrap>
    <AlignCenter>true</AlignCenter>
    <AlignRight>false</AlignRight>
    <AlignLeft>true</AlignLeft>
    <Style_Tooltip>false</Style_Tooltip>
  </Label>
  <Label item="DEXLabel">
    <ScreenID>DEXLabel</ScreenID>
    <Font>2</Font>
    <RelativePosition>true</RelativePosition>
    <Location>
      <X>130</X>
      <Y>157</Y>
    </Location>
    <Size>
      <CX>30</CX>
      <CY>14</CY>
    </Size>
    <Text>DEX:</Text>
    <TextColor>
      <R>255</R>
      <G>255</G>
      <B>255</B>
    </TextColor>
    <NoWrap>true</NoWrap>
    <AlignCenter>true</AlignCenter>
    <AlignRight>false</AlignRight>
    <AlignLeft>true</AlignLeft>
    <Style_Tooltip>false</Style_Tooltip>
  </Label>
  <Label item="DEX">
    <ScreenID>DEX</ScreenID>
    <EQType>7</EQType>
    <Font>2</Font>
    <RelativePosition>true</RelativePosition>
    <Location>
      <X>154</X>
      <Y>157</Y>
    </Location>
    <Size>
      <CX>30</CX>
      <CY>14</CY>
    </Size>
    <Text>255</Text>
    <TextColor>
      <R>255</R>
      <G>255</G>
      <B>255</B>
    </TextColor>
    <NoWrap>true</NoWrap>
    <AlignCenter>true</AlignCenter>
    <AlignRight>false</AlignRight>
    <AlignLeft>true</AlignLeft>
    <Style_Tooltip>false</Style_Tooltip>
  </Label>
  <Label item="WISLabel">
    <ScreenID>WISLabel</ScreenID>
    <Font>2</Font>
    <RelativePosition>true</RelativePosition>
    <Location>
      <X>192</X>
      <Y>124</Y>
    </Location>
    <Size>
      <CX>30</CX>
      <CY>14</CY>
    </Size>
    <Text>WIS:</Text>
    <TextColor>
      <R>255</R>
      <G>255</G>
      <B>255</B>
    </TextColor>
    <NoWrap>true</NoWrap>
    <AlignCenter>true</AlignCenter>
    <AlignRight>false</AlignRight>
    <AlignLeft>true</AlignLeft>
    <Style_Tooltip>false</Style_Tooltip>
  </Label>
  <Label item="WIS">
    <ScreenID>WIS</ScreenID>
    <EQType>9</EQType>
    <Font>2</Font>
    <RelativePosition>true</RelativePosition>
    <Location>
      <X>213</X>
      <Y>124</Y>
    </Location>
    <Size>
      <CX>30</CX>
      <CY>14</CY>
    </Size>
    <Text>255</Text>
    <TextColor>
      <R>255</R>
      <G>255</G>
      <B>255</B>
    </TextColor>
    <NoWrap>true</NoWrap>
    <AlignCenter>true</AlignCenter>
    <AlignRight>false</AlignRight>
    <AlignLeft>true</AlignLeft>
    <Style_Tooltip>false</Style_Tooltip>
  </Label>
  <Label item="INTLabel">
    <ScreenID>INTLabel</ScreenID>
    <Font>2</Font>
    <RelativePosition>true</RelativePosition>
    <Location>
      <X>194</X>
      <Y>135</Y>
    </Location>
    <Size>
      <CX>30</CX>
      <CY>14</CY>
    </Size>
    <Text>INT:</Text>
    <TextColor>
      <R>255</R>
      <G>255</G>
      <B>255</B>
    </TextColor>
    <NoWrap>true</NoWrap>
    <AlignCenter>true</AlignCenter>
    <AlignRight>false</AlignRight>
    <AlignLeft>true</AlignLeft>
    <Style_Tooltip>false</Style_Tooltip>
  </Label>
  <Label item="INT">
    <ScreenID>INT</ScreenID>
    <EQType>10</EQType>
    <Font>2</Font>
    <RelativePosition>true</RelativePosition>
    <Location>
      <X>213</X>
      <Y>135</Y>
    </Location>
    <Size>
      <CX>30</CX>
      <CY>14</CY>
    </Size>
    <Text>255</Text>
    <TextColor>
      <R>255</R>
      <G>255</G>
      <B>255</B>
    </TextColor>
    <NoWrap>true</NoWrap>
    <AlignCenter>true</AlignCenter>
    <AlignRight>false</AlignRight>
    <AlignLeft>true</AlignLeft>
    <Style_Tooltip>false</Style_Tooltip>
  </Label>
  <Label item="CHALabel">
    <ScreenID>CHALabel</ScreenID>
    <Font>2</Font>
    <RelativePosition>true</RelativePosition>
    <Location>
      <X>191</X>
      <Y>146</Y>
    </Location>
    <Size>
      <CX>30</CX>
      <CY>14</CY>
    </Size>
    <Text>CHA:</Text>
    <TextColor>
      <R>255</R>
      <G>255</G>
      <B>255</B>
    </TextColor>
    <NoWrap>true</NoWrap>
    <AlignCenter>true</AlignCenter>
    <AlignRight>false</AlignRight>
    <AlignLeft>true</AlignLeft>
    <Style_Tooltip>false</Style_Tooltip>
  </Label>
  <Label item="CHA">
    <ScreenID>CHA</ScreenID>
    <EQType>11</EQType>
    <Font>2</Font>
    <RelativePosition>true</RelativePosition>
    <Location>
      <X>213</X>
      <Y>146</Y>
    </Location>
    <Size>
      <CX>30</CX>
      <CY>14</CY>
    </Size>
    <Text>255</Text>
    <TextColor>
      <R>255</R>
      <G>255</G>
      <B>255</B>
    </TextColor>
    <NoWrap>true</NoWrap>
    <AlignCenter>true</AlignCenter>
    <AlignRight>false</AlignRight>
    <AlignLeft>true</AlignLeft>
    <Style_Tooltip>false</Style_Tooltip>
  </Label>
  <Label item="WGTLabel">
    <ScreenID>WGTLabel</ScreenID>
    <Font>2</Font>
    <RelativePosition>true</RelativePosition>
    <Location>
      <X>189</X>
      <Y>157</Y>
    </Location>
    <Size>
      <CX>30</CX>
      <CY>14</CY>
    </Size>
    <Text>WGT:</Text>
    <TextColor>
      <R>255</R>
      <G>255</G>
      <B>255</B>
    </TextColor>
    <NoWrap>true</NoWrap>
    <AlignCenter>true</AlignCenter>
    <AlignRight>false</AlignRight>
    <AlignLeft>true</AlignLeft>
    <Style_Tooltip>false</Style_Tooltip>
  </Label>
  <Label item="WGT">
    <ScreenID>WGT</ScreenID>
    <EQType>24</EQType>
    <Font>2</Font>
    <RelativePosition>true</RelativePosition>
    <Location>
      <X>213</X>
      <Y>157</Y>
    </Location>
    <Size>
      <CX>30</CX>
      <CY>14</CY>
    </Size>
    <Text>255</Text>
    <TextColor>
      <R>255</R>
      <G>255</G>
      <B>255</B>
    </TextColor>
    <NoWrap>true</NoWrap>
    <AlignCenter>true</AlignCenter>
    <AlignRight>false</AlignRight>
    <AlignLeft>true</AlignLeft>
    <Style_Tooltip>false</Style_Tooltip>
  </Label>
  <StaticAnimation item="FRIcon">
    <RelativePosition>true</RelativePosition>
    <Location>
      <X>128</X>
      <Y>172</Y>
    </Location>
    <Size>
      <CX>20</CX>
      <CY>20</CY>
    </Size>
    <Animation>FRicon</Animation>
  </StaticAnimation>
  <StaticAnimation item="CRIcon">
    <RelativePosition>true</RelativePosition>
    <Location>
      <X>152</X>
      <Y>172</Y>
    </Location>
    <Size>
      <CX>20</CX>
      <CY>20</CY>
    </Size>
    <Animation>CRicon</Animation>
  </StaticAnimation>
  <StaticAnimation item="MRIcon">
    <RelativePosition>true</RelativePosition>
    <Location>
      <X>176</X>
      <Y>172</Y>
    </Location>
    <Size>
      <CX>20</CX>
      <CY>20</CY>
    </Size>
    <Animation>MRicon</Animation>
  </StaticAnimation>
  <StaticAnimation item="PRIcon">
    <RelativePosition>true</RelativePosition>
    <Location>
      <X>200</X>
      <Y>172</Y>
    </Location>
    <Size>
      <CX>20</CX>
      <CY>20</CY>
    </Size>
    <Animation>PRicon</Animation>
  </StaticAnimation>
  <StaticAnimation item="DRIcon">
    <RelativePosition>true</RelativePosition>
    <Location>
      <X>224</X>
      <Y>172</Y>
    </Location>
    <Size>
      <CX>20</CX>
      <CY>20</CY>
    </Size>
    <Animation>DRicon</Animation>
  </StaticAnimation>
  <Label item="FR">
    <ScreenID>FR</ScreenID>
    <Font>2</Font>
    <RelativePosition>true</RelativePosition>
    <Location>
      <X>125</X>
      <Y>192</Y>
    </Location>
    <Size>
      <CX>26</CX>
      <CY>15</CY>
    </Size>
    <EQType>14</EQType>
    <TextColor>
      <R>255</R>
      <G>255</G>
      <B>255</B>
      <Alpha>255</Alpha>
    </TextColor>
    <NoWrap>true</NoWrap>
    <AlignCenter>true</AlignCenter>
    <AlignRight>false</AlignRight>
    <Text>255</Text>
  </Label>
  <Label item="CR">
    <ScreenID>CR</ScreenID>
    <Font>2</Font>
    <RelativePosition>true</RelativePosition>
    <Location>
      <X>149</X>
      <Y>192</Y>
    </Location>
    <Size>
      <CX>26</CX>
      <CY>15</CY>
    </Size>
    <EQType>15</EQType>
    <TextColor>
      <R>255</R>
      <G>255</G>
      <B>255</B>
      <Alpha>255</Alpha>
    </TextColor>
    <NoWrap>true</NoWrap>
    <AlignCenter>true</AlignCenter>
    <AlignRight>false</AlignRight>
    <Text>255</Text>
  </Label>
  <Label item="MR">
    <ScreenID>MR</ScreenID>
    <Font>2</Font>
    <RelativePosition>true</RelativePosition>
    <Location>
      <X>173</X>
      <Y>192</Y>
    </Location>
    <Size>
      <CX>26</CX>
      <CY>15</CY>
    </Size>
    <EQType>16</EQType>
    <TextColor>
      <R>255</R>
      <G>255</G>
      <B>255</B>
      <Alpha>255</Alpha>
    </TextColor>
    <NoWrap>true</NoWrap>
    <AlignCenter>true</AlignCenter>
    <AlignRight>false</AlignRight>
    <Text>255</Text>
  </Label>
  <Label item="PR">
    <ScreenID>PR</ScreenID>
    <Font>2</Font>
    <RelativePosition>true</RelativePosition>
    <Location>
      <X>197</X>
      <Y>192</Y>
    </Location>
    <Size>
      <CX>26</CX>
      <CY>15</CY>
    </Size>
    <EQType>12</EQType>
    <TextColor>
      <R>255</R>
      <G>255</G>
      <B>255</B>
      <Alpha>255</Alpha>
    </TextColor>
    <NoWrap>true</NoWrap>
    <AlignCenter>true</AlignCenter>
    <AlignRight>false</AlignRight>
    <Text>255</Text>
  </Label>
  <Label item="DR">
    <ScreenID>DR</ScreenID>
    <Font>2</Font>
    <RelativePosition>true</RelativePosition>
    <Location>
      <X>221</X>
      <Y>192</Y>
    </Location>
    <Size>
      <CX>26</CX>
      <CY>15</CY>
    </Size>
    <EQType>13</EQType>
    <TextColor>
      <R>255</R>
      <G>255</G>
      <B>255</B>
      <Alpha>255</Alpha>
    </TextColor>
    <NoWrap>true</NoWrap>
    <AlignCenter>true</AlignCenter>
    <AlignRight>false</AlignRight>
    <Text>255</Text>
  </Label>
  <Screen item="GroupWindow">
    <ScreenID />
    <RelativePosition>false</RelativePosition>
    <Location>
      <X>516</X>
      <Y>78</Y>
    </Location>
    <Size>
      <CX>256</CX>
      <CY>215</CY>
    </Size>
    <Text>Group</Text>
    <Style_VScroll>false</Style_VScroll>
    <Style_HScroll>false</Style_HScroll>
    <Style_Transparent>false</Style_Transparent>
    <TooltipReference>This is the party window.</TooltipReference>
    <DrawTemplate>WDT_RoundedNoTitle</DrawTemplate>
    <Style_Titlebar>false</Style_Titlebar>
    <Style_Closebox>false</Style_Closebox>
    <Style_Minimizebox>false</Style_Minimizebox>
    <Style_Border>true</Style_Border>
    <Style_Sizable>false</Style_Sizable>
    <Pieces>GWDummy</Pieces>
    <Pieces>GW_InviteButton</Pieces>
    <Pieces>GW_DisbandButton</Pieces>
    <Pieces>GW_FollowButton</Pieces>
    <Pieces>GW_DeclineButton</Pieces>
    <!-- Party 1 Gauge -->
    <Pieces>Party1_HP_BG</Pieces>
    <Pieces>Party1_HP_0</Pieces>
    <Pieces>Party1_HP_1A_X</Pieces>
    <Pieces>Party1_HP_1B</Pieces>
    <Pieces>Party1_HP_2A_X</Pieces>
    <Pieces>Party1_HP_2B</Pieces>
    <Pieces>Party1_HP_3A_X</Pieces>
    <Pieces>Party1_HP_3B</Pieces>
    <Pieces>Party1_HP_4A_X</Pieces>
    <Pieces>Party1_HP_4B</Pieces>
    <Pieces>GW_PetGauge1</Pieces>
    <Pieces>PW_LineDivider1</Pieces>
    <!-- Party 2 Gauge -->
    <Pieces>Party2_HP_BG</Pieces>
    <Pieces>Party2_HP_0</Pieces>
    <Pieces>Party2_HP_1A_X</Pieces>
    <Pieces>Party2_HP_1B</Pieces>
    <Pieces>Party2_HP_2A_X</Pieces>
    <Pieces>Party2_HP_2B</Pieces>
    <Pieces>Party2_HP_3A_X</Pieces>
    <Pieces>Party2_HP_3B</Pieces>
    <Pieces>Party2_HP_4A_X</Pieces>
    <Pieces>Party2_HP_4B</Pieces>
    <Pieces>GW_PetGauge2</Pieces>
    <Pieces>PW_LineDivider2</Pieces>
    <!-- Party 3 Gauge -->
    <Pieces>Party3_HP_BG</Pieces>
    <Pieces>Party3_HP_0</Pieces>
    <Pieces>Party3_HP_1A_X</Pieces>
    <Pieces>Party3_HP_1B</Pieces>
    <Pieces>Party3_HP_2A_X</Pieces>
    <Pieces>Party3_HP_2B</Pieces>
    <Pieces>Party3_HP_3A_X</Pieces>
    <Pieces>Party3_HP_3B</Pieces>
    <Pieces>Party3_HP_4A_X</Pieces>
    <Pieces>Party3_HP_4B</Pieces>
    <Pieces>GW_PetGauge3</Pieces>
    <Pieces>PW_LineDivider3</Pieces>
    <!-- Party 4 Gauge -->
    <Pieces>Party4_HP_BG</Pieces>
    <Pieces>Party4_HP_0</Pieces>
    <Pieces>Party4_HP_1A_X</Pieces>
    <Pieces>Party4_HP_1B</Pieces>
    <Pieces>Party4_HP_2A_X</Pieces>
    <Pieces>Party4_HP_2B</Pieces>
    <Pieces>Party4_HP_3A_X</Pieces>
    <Pieces>Party4_HP_3B</Pieces>
    <Pieces>Party4_HP_4A_X</Pieces>
    <Pieces>Party4_HP_4B</Pieces>
    <Pieces>GW_PetGauge4</Pieces>
    <Pieces>PW_LineDivider4</Pieces>
    <!-- Party 5 Gauge -->
    <Pieces>Party5_HP_BG</Pieces>
    <Pieces>Party5_HP_0</Pieces>
    <Pieces>Party5_HP_1A_X</Pieces>
    <Pieces>Party5_HP_1B</Pieces>
    <Pieces>Party5_HP_2A_X</Pieces>
    <Pieces>Party5_HP_2B</Pieces>
    <Pieces>Party5_HP_3A_X</Pieces>
    <Pieces>Party5_HP_3B</Pieces>
    <Pieces>Party5_HP_4A_X</Pieces>
    <Pieces>Party5_HP_4B</Pieces>
    <Pieces>GW_PetGauge5</Pieces>
    <!-- -->
    <Pieces>GW_HPLabel1</Pieces>
    <Pieces>GW_HPPercLabel1</Pieces>
    <Pieces>GW_HPLabel2</Pieces>
    <Pieces>GW_HPPercLabel2</Pieces>
    <Pieces>GW_HPLabel3</Pieces>
    <Pieces>GW_HPPercLabel3</Pieces>
    <Pieces>GW_HPLabel4</Pieces>
    <Pieces>GW_HPPercLabel4</Pieces>
    <Pieces>GW_HPLabel5</Pieces>
    <Pieces>GW_HPPercLabel5</Pieces>
    <Pieces>GW_LFGButton</Pieces>
    <Pieces>Level</Pieces>
    <Pieces>Class</Pieces>
    <Pieces>Of</Pieces>
    <Pieces>Deity</Pieces>
    <Pieces>PlayerHPLabel</Pieces>
    <Pieces>PlayerManaLabel</Pieces>
    <Pieces>PlayerMana</Pieces>
    <Pieces>PlayerHP</Pieces>
    <Pieces>ATKLabel</Pieces>
    <Pieces>ATK</Pieces>
    <Pieces>ACLabel</Pieces>
    <Pieces>AC</Pieces>
    <Pieces>Player_AAExp</Pieces>
    <Pieces>P_Breath</Pieces>
    <Pieces>P_Fatigue</Pieces>
    <Pieces>PlayerXPGauge_BG</Pieces>
    <Pieces>PlayerXPGauge</Pieces>
    <Pieces>PlayerXPPerc</Pieces>
    <Pieces>STRLabel</Pieces>
    <Pieces>STR</Pieces>
    <Pieces>STALabel</Pieces>
    <Pieces>STA</Pieces>
    <Pieces>AGILabel</Pieces>
    <Pieces>AGI</Pieces>
    <Pieces>DEXLabel</Pieces>
    <Pieces>DEX</Pieces>
    <Pieces>WISLabel</Pieces>
    <Pieces>WIS</Pieces>
    <Pieces>INTLabel</Pieces>
    <Pieces>INT</Pieces>
    <Pieces>CHALabel</Pieces>
    <Pieces>CHA</Pieces>
    <Pieces>WGTLabel</Pieces>
    <Pieces>WGT</Pieces>
    <Pieces>FRIcon</Pieces>
    <Pieces>CRIcon</Pieces>
    <Pieces>MRIcon</Pieces>
    <Pieces>PRIcon</Pieces>
    <Pieces>DRIcon</Pieces>
    <Pieces>FR</Pieces>
    <Pieces>CR</Pieces>
    <Pieces>MR</Pieces>
    <Pieces>PR</Pieces>
    <Pieces>DR</Pieces>
    <Pieces>F2</Pieces>
    <Pieces>F3</Pieces>
    <Pieces>F4</Pieces>
    <Pieces>F5</Pieces>
    <Pieces>F6</Pieces>
    <Pieces>EXP_PRH</Pieces>
  </Screen>
</XML>