<?xml version="1.0" encoding="us-ascii"?>
<XML ID="EQInterfaceDefinitionLanguage">
  <Schema xmlns="EverQuestData" xmlns:dt="EverQuestDataTypes" />
  <TextureInfo item="AttackIndicator.tga">
    <Size>
      <CX>226</CX>
      <CY>226</CY>
    </Size>
  </TextureInfo>
  <Ui2DAnimation item="A_AttackIndicator">
    <Cycle>false</Cycle>
    <Frames>
      <Texture>AttackIndicator.tga</Texture>
      <Location>
        <X>0</X>
        <Y>0</Y>
      </Location>
      <Size>
        <CX>226</CX>
        <CY>42</CY>
      </Size>
    </Frames>
  </Ui2DAnimation>
  <StaticAnimation item="A_AttackIndicatorAnim">
    <ScreenID>A_AttackIndicatorAnim</ScreenID>
    <Animation>A_AttackIndicator</Animation>
    <Size>
      <CX>1</CX>
      <CY>1</CY>
    </Size>
    <Location>
      <X>-1</X>
      <Y>-1</Y>
    </Location>
  </StaticAnimation>
  <Ui2DAnimation item="PW_GaugeFill1">
    <Cycle>true</Cycle>
    <Frames>
      <Texture>dzbars.png</Texture>
      <Location>
        <X>-2000</X>
        <Y>120</Y>
      </Location>
      <Size>
        <CX>10000</CX>
        <CY>20</CY>
      </Size>
      <Hotspot>
        <X>0</X>
        <Y>0</Y>
      </Hotspot>
      <Duration>1000</Duration>
    </Frames>
  </Ui2DAnimation>
  <Ui2DAnimation item="PW_GaugeFill2">
    <Cycle>true</Cycle>
    <Frames>
      <Texture>dzbars.png</Texture>
      <Location>
        <X>-4000</X>
        <Y>120</Y>
      </Location>
      <Size>
        <CX>10000</CX>
        <CY>20</CY>
      </Size>
      <Hotspot>
        <X>0</X>
        <Y>0</Y>
      </Hotspot>
      <Duration>1000</Duration>
    </Frames>
  </Ui2DAnimation>
  <Ui2DAnimation item="PW_GaugeFill3">
    <Cycle>true</Cycle>
    <Frames>
      <Texture>dzbars.png</Texture>
      <Location>
        <X>-6000</X>
        <Y>120</Y>
      </Location>
      <Size>
        <CX>10000</CX>
        <CY>20</CY>
      </Size>
      <Hotspot>
        <X>0</X>
        <Y>0</Y>
      </Hotspot>
      <Duration>1000</Duration>
    </Frames>
  </Ui2DAnimation>
  <Ui2DAnimation item="PW_GaugeFill4">
    <Cycle>true</Cycle>
    <Frames>
      <Texture>dzbars.png</Texture>
      <Location>
        <X>-8000</X>
        <Y>120</Y>
      </Location>
      <Size>
        <CX>10000</CX>
        <CY>20</CY>
      </Size>
      <Hotspot>
        <X>0</X>
        <Y>0</Y>
      </Hotspot>
      <Duration>1000</Duration>
    </Frames>
  </Ui2DAnimation>
<Label item="HPValues">
    <ScreenID>HPValues</ScreenID>
    <EQType>70</EQType>
    <Font>4</Font>
    <RelativePosition>true</RelativePosition>
    <Location>
      <X>95</X>
      <Y>20</Y>
    </Location>
    <Size>
      <CX>90</CX>
      <CY>14</CY>
    </Size>
    <Text>9999/9999</Text>
    <TextColor>
      <R>255</R>
      <G>255</G>
      <B>255</B>
    </TextColor>
    <NoWrap>true</NoWrap>
    <AlignCenter>true</AlignCenter>
    <AlignRight>false</AlignRight>
    <AlignLeft>false</AlignLeft>
    <Style_Tooltip>false</Style_Tooltip>
  </Label>
<Label item="ManaValues">
    <ScreenID>ManaValues</ScreenID>
    <EQType>80</EQType>
    <Font>4</Font>
    <RelativePosition>true</RelativePosition>
    <Location>
      <X>95</X>
      <Y>36</Y>
    </Location>
    <Size>
      <CX>90</CX>
      <CY>14</CY>
    </Size>
    <Text>9999/9999</Text>
    <TextColor>
      <R>0</R>
      <G>180</G>
      <B>255</B>
    </TextColor>
    <NoWrap>true</NoWrap>
    <AlignCenter>true</AlignCenter>
    <AlignRight>false</AlignRight>
    <AlignLeft>true</AlignLeft>
    <Style_Tooltip>false</Style_Tooltip>
  </Label>
  <Gauge item="Player_HP_BG">
    <ScreenID>PlayerHP</ScreenID>
    <Font>2</Font>
    <TextColor>
      <R>240</R>
      <G>240</G>
      <B>240</B>
    </TextColor>
    <RelativePosition>true</RelativePosition>
    <Location>
      <X>0</X>
      <Y>0</Y>
    </Location>
    <Size>
      <CX>280</CX>
      <CY>57</CY>
    </Size>
    <GaugeOffsetY>18</GaugeOffsetY>
    <GaugeOffsetX>20</GaugeOffsetX>
    <TextOffsetX>8000</TextOffsetX>
    <TextOffsetY>0</TextOffsetY>
    <Style_VScroll>false</Style_VScroll>
    <Style_HScroll>false</Style_HScroll>
    <Style_Transparent>false</Style_Transparent>
    <!--<TooltipReference/>-->
    <FillTint>
      <R>240</R>
      <G>0</G>
      <B>0</B>
    </FillTint>
    <LinesFillTint>
      <R>255</R>
      <G>153</G>
      <B>204</B>
    </LinesFillTint>
    <DrawLinesFill>false</DrawLinesFill>
    <EQType>1</EQType>
    <GaugeDrawTemplate>
      <Background>A_dzLongBackground</Background>
    </GaugeDrawTemplate>
  </Gauge>
  <Gauge item="Player_HP_0">
    <RelativePosition>true</RelativePosition>
    <Location>
      <X>20</X>
      <Y>18</Y>
    </Location>
    <Size>
      <CX>240</CX>
      <CY>20</CY>
    </Size>
    <GaugeOffsetX>0</GaugeOffsetX>
    <GaugeOffsetY>0</GaugeOffsetY>
    <Text />
    <TextOffsetX>8000</TextOffsetX>
    <Style_VScroll>false</Style_VScroll>
    <Style_HScroll>false</Style_HScroll>
    <Style_Transparent>false</Style_Transparent>
    <FillTint>
      <R>240</R>
      <G>0</G>
      <B>0</B>
    </FillTint>
    <LinesFillTint>
      <R>0</R>
      <G>0</G>
      <B>0</B>
    </LinesFillTint>
    <DrawLinesFill>false</DrawLinesFill>
    <EQType>1</EQType>
    <GaugeDrawTemplate>
      <Fill>A_dzLongFill</Fill>
    </GaugeDrawTemplate>
  </Gauge>
  <Gauge item="Player_HP_1A">
    <RelativePosition>true</RelativePosition>
    <Location>
      <X>0</X>
      <Y>0</Y>
    </Location>
    <Size>
      <CX>8000</CX>
      <CY>20</CY>
    </Size>
    <GaugeOffsetX>-2000</GaugeOffsetX>
    <GaugeOffsetY>0</GaugeOffsetY>
    <TextOffsetX>8000</TextOffsetX>
    <Style_VScroll>false</Style_VScroll>
    <Style_HScroll>false</Style_HScroll>
    <Style_Transparent>false</Style_Transparent>
    <FillTint>
      <R>240</R>
      <G>102</G>
      <B>0</B>
    </FillTint>
    <LinesFillTint>
      <R>0</R>
      <G>0</G>
      <B>0</B>
    </LinesFillTint>
    <DrawLinesFill>false</DrawLinesFill>
    <EQType>1</EQType>
    <GaugeDrawTemplate>
      <Fill>PW_GaugeFill1</Fill>
    </GaugeDrawTemplate>
  </Gauge>
  <Screen item="Player_HP_1A_X">
    <RelativePosition>true</RelativePosition>
    <Location>
      <X>20</X>
      <Y>18</Y>
    </Location>
    <Size>
      <CX>48</CX>
      <CY>20</CY>
    </Size>
    <Style_Transparent>true</Style_Transparent>
    <Pieces>Player_HP_1A</Pieces>
  </Screen>
  <Gauge item="Player_HP_1B">
    <RelativePosition>true</RelativePosition>
    <Location>
      <X>68</X>
      <Y>18</Y>
    </Location>
    <Size>
      <CX>192</CX>
      <CY>20</CY>
    </Size>
    <GaugeOffsetX>-48</GaugeOffsetX>
    <GaugeOffsetY>0</GaugeOffsetY>
    <Text />
    <TextOffsetY>8000</TextOffsetY>
    <Style_VScroll>false</Style_VScroll>
    <Style_HScroll>false</Style_HScroll>
    <Style_Transparent>false</Style_Transparent>
    <!--<TooltipReference/>-->
    <FillTint>
      <R>240</R>
      <G>102</G>
      <B>0</B>
    </FillTint>
    <LinesFillTint>
      <R>0</R>
      <G>0</G>
      <B>0</B>
    </LinesFillTint>
    <DrawLinesFill>false</DrawLinesFill>
    <EQType>1</EQType>
    <GaugeDrawTemplate>
      <Fill>A_dzLongFill</Fill>
    </GaugeDrawTemplate>
  </Gauge>
  <Gauge item="Player_HP_2A">
    <RelativePosition>true</RelativePosition>
    <Location>
      <X>0</X>
      <Y>0</Y>
    </Location>
    <Size>
      <CX>6000</CX>
      <CY>20</CY>
    </Size>
    <GaugeOffsetX>-4000</GaugeOffsetX>
    <GaugeOffsetY>0</GaugeOffsetY>
    <TextOffsetY>8000</TextOffsetY>
    <Style_VScroll>false</Style_VScroll>
    <Style_HScroll>false</Style_HScroll>
    <Style_Transparent>false</Style_Transparent>
    <FillTint>
      <R>240</R>
      <G>240</G>
      <B>0</B>
    </FillTint>
    <LinesFillTint>
      <R>0</R>
      <G>0</G>
      <B>0</B>
    </LinesFillTint>
    <DrawLinesFill>false</DrawLinesFill>
    <EQType>1</EQType>
    <GaugeDrawTemplate>
      <Fill>PW_GaugeFill2</Fill>
    </GaugeDrawTemplate>
  </Gauge>
  <Screen item="Player_HP_2A_X">
    <RelativePosition>true</RelativePosition>
    <Location>
      <X>20</X>
      <Y>18</Y>
    </Location>
    <Size>
      <CX>96</CX>
      <CY>20</CY>
    </Size>
    <Style_Transparent>true</Style_Transparent>
    <Pieces>Player_HP_2A</Pieces>
  </Screen>
  <Gauge item="Player_HP_2B">
    <RelativePosition>true</RelativePosition>
    <Location>
      <X>116</X>
      <Y>18</Y>
    </Location>
    <Size>
      <CX>144</CX>
      <CY>20</CY>
    </Size>
    <GaugeOffsetX>-96</GaugeOffsetX>
    <GaugeOffsetY>0</GaugeOffsetY>
    <Text />
    <TextOffsetY>8000</TextOffsetY>
    <Style_VScroll>false</Style_VScroll>
    <Style_HScroll>false</Style_HScroll>
    <Style_Transparent>false</Style_Transparent>
    <!--<TooltipReference/>-->
    <FillTint>
      <R>240</R>
      <G>240</G>
      <B>0</B>
    </FillTint>
    <LinesFillTint>
      <R>0</R>
      <G>0</G>
      <B>0</B>
    </LinesFillTint>
    <DrawLinesFill>false</DrawLinesFill>
    <EQType>1</EQType>
    <GaugeDrawTemplate>
      <Fill>A_dzLongFill</Fill>
    </GaugeDrawTemplate>
  </Gauge>
  <Gauge item="Player_HP_3A">
    <RelativePosition>true</RelativePosition>
    <Location>
      <X>0</X>
      <Y>0</Y>
    </Location>
    <Size>
      <CX>4000</CX>
      <CY>20</CY>
    </Size>
    <GaugeOffsetX>-6000</GaugeOffsetX>
    <GaugeOffsetY>0</GaugeOffsetY>
    <TextOffsetY>8000</TextOffsetY>
    <Style_VScroll>false</Style_VScroll>
    <Style_HScroll>false</Style_HScroll>
    <Style_Transparent>false</Style_Transparent>
    <FillTint>
      <R>173</R>
      <G>255</G>
      <B>47</B>
    </FillTint>
    <LinesFillTint>
      <R>0</R>
      <G>0</G>
      <B>0</B>
    </LinesFillTint>
    <DrawLinesFill>false</DrawLinesFill>
    <EQType>1</EQType>
    <GaugeDrawTemplate>
      <Fill>PW_GaugeFill3</Fill>
    </GaugeDrawTemplate>
  </Gauge>
  <Screen item="Player_HP_3A_X">
    <RelativePosition>true</RelativePosition>
    <Location>
      <X>20</X>
      <Y>18</Y>
    </Location>
    <Size>
      <CX>144</CX>
      <CY>20</CY>
    </Size>
    <Style_Transparent>true</Style_Transparent>
    <Pieces>Player_HP_3A</Pieces>
  </Screen>
  <Gauge item="Player_HP_3B">
    <RelativePosition>true</RelativePosition>
    <Location>
      <X>164</X>
      <Y>18</Y>
    </Location>
    <Size>
      <CX>96</CX>
      <CY>20</CY>
    </Size>
    <GaugeOffsetX>-144</GaugeOffsetX>
    <GaugeOffsetY>0</GaugeOffsetY>
    <Text />
    <TextOffsetY>8000</TextOffsetY>
    <Style_VScroll>false</Style_VScroll>
    <Style_HScroll>false</Style_HScroll>
    <Style_Transparent>false</Style_Transparent>
    <!--<TooltipReference/>-->
    <FillTint>
      <R>173</R>
      <G>255</G>
      <B>47</B>
    </FillTint>
    <LinesFillTint>
      <R>0</R>
      <G>0</G>
      <B>0</B>
    </LinesFillTint>
    <DrawLinesFill>false</DrawLinesFill>
    <EQType>1</EQType>
    <GaugeDrawTemplate>
      <Fill>A_dzLongFill</Fill>
    </GaugeDrawTemplate>
  </Gauge>
  <Gauge item="Player_HP_4A">
    <RelativePosition>true</RelativePosition>
    <Location>
      <X>0</X>
      <Y>0</Y>
    </Location>
    <Size>
      <CX>2000</CX>
      <CY>20</CY>
    </Size>
    <GaugeOffsetX>-8000</GaugeOffsetX>
    <GaugeOffsetY>0</GaugeOffsetY>
    <TextOffsetY>8000</TextOffsetY>
    <Style_VScroll>false</Style_VScroll>
    <Style_HScroll>false</Style_HScroll>
    <Style_Transparent>false</Style_Transparent>
    <FillTint>
      <R>0</R>
      <G>240</G>
      <B>0</B>
    </FillTint>
    <LinesFillTint>
      <R>0</R>
      <G>0</G>
      <B>0</B>
    </LinesFillTint>
    <DrawLinesFill>false</DrawLinesFill>
    <EQType>1</EQType>
    <GaugeDrawTemplate>
      <Fill>PW_GaugeFill4</Fill>
    </GaugeDrawTemplate>
  </Gauge>
  <Screen item="Player_HP_4A_X">
    <RelativePosition>true</RelativePosition>
    <Location>
      <X>20</X>
      <Y>18</Y>
    </Location>
    <Size>
      <CX>192</CX>
      <CY>20</CY>
    </Size>
    <Style_Transparent>true</Style_Transparent>
    <Pieces>Player_HP_4A</Pieces>
  </Screen>
  <Gauge item="Player_HP_4B">
    <RelativePosition>true</RelativePosition>
    <Location>
      <X>212</X>
      <Y>18</Y>
    </Location>
    <Size>
      <CX>48</CX>
      <CY>20</CY>
    </Size>
    <GaugeOffsetX>-192</GaugeOffsetX>
    <GaugeOffsetY>0</GaugeOffsetY>
    <Text />
    <TextOffsetY>8000</TextOffsetY>
    <Style_VScroll>false</Style_VScroll>
    <Style_HScroll>false</Style_HScroll>
    <Style_Transparent>false</Style_Transparent>
    <!--<TooltipReference/>-->
    <FillTint>
      <R>0</R>
      <G>240</G>
      <B>0</B>
    </FillTint>
    <LinesFillTint>
      <R>0</R>
      <G>0</G>
      <B>0</B>
    </LinesFillTint>
    <DrawLinesFill>false</DrawLinesFill>
    <EQType>1</EQType>
    <GaugeDrawTemplate>
      <Fill>A_dzLongFill</Fill>
    </GaugeDrawTemplate>
  </Gauge>
  <Label item="Player_Name">
    <RelativePosition>true</RelativePosition>
    <Font>5</Font>
    <EQType>1</EQType>
    <Location>
      <X>27</X>
      <Y>0</Y>
    </Location>
    <Size>
      <CX>226</CX>
      <CY>23</CY>
    </Size>
    <Text>Playername</Text>
    <TextColor>
      <R>255</R>
      <G>255</G>
      <B>255</B>
      <Alpha>255</Alpha>
    </TextColor>
    <Style_VScroll>false</Style_VScroll>
    <Style_HScroll>false</Style_HScroll>
    <Style_Transparent>true</Style_Transparent>
    <AlignCenter>true</AlignCenter>
  </Label>
  <Label item="Player_Last_Name">
    <RelativePosition>true</RelativePosition>
    <Font>3</Font>
    <EQType>73</EQType>
    <Location>
      <X>25</X>
      <Y>14</Y>
    </Location>
    <Size>
      <CX>76</CX>
      <CY>16</CY>
    </Size>
    <Text>Dinosaur</Text>
    <TextColor>
      <R>255</R>
      <G>255</G>
      <B>255</B>
      <Alpha>255</Alpha>
    </TextColor>
    <Style_VScroll>false</Style_VScroll>
    <Style_HScroll>false</Style_HScroll>
    <Style_Transparent>true</Style_Transparent>
    <AlignRight>true</AlignRight>
  </Label>
  <Label item="Player_HPLabel">
    <ScreenID>HPLabel</ScreenID>
    <EQType>19</EQType>
    <RelativePosition>true</RelativePosition>
    <Location>
      <X>1</X>
      <Y>20</Y>
    </Location>
    <Size>
      <CX>18</CX>
      <CY>12</CY>
    </Size>
    <Text>100</Text>
    <TextColor>
      <R>0</R>
      <G>240</G>
      <B>0</B>
      <Alpha>255</Alpha>
    </TextColor>
    <NoWrap>true</NoWrap>
    <AlignCenter>false</AlignCenter>
    <AlignRight>true</AlignRight>
    <Font>1</Font>
  </Label>
  <Gauge item="Pet_HP">
    <ScreenID>PetHP</ScreenID>
    <!--<Font>3</Font>-->
    <TextColor>
      <R>0</R>
      <G>0</G>
      <B>0</B>
    </TextColor>
    <RelativePosition>true</RelativePosition>
    <Location>
      <X>25</X>
      <Y>88</Y>
    </Location>
    <Size>
      <CX>108</CX>
      <CY>2</CY>
    </Size>
    <TextOffsetY>-50</TextOffsetY>
    <GaugeOffsetY>-2</GaugeOffsetY>
    <Style_VScroll>false</Style_VScroll>
    <Style_HScroll>false</Style_HScroll>
    <Style_Transparent>false</Style_Transparent>
    <!--<TooltipReference/>-->
    <FillTint>
      <R>51</R>
      <G>192</G>
      <B>51</B>
    </FillTint>
    <LinesFillTint>
      <R>0</R>
      <G>0</G>
      <B>0</B>
    </LinesFillTint>
    <DrawLinesFill>false</DrawLinesFill>
    <EQType>16</EQType>
    <GaugeDrawTemplate>
      <Background>A_GaugeBackground</Background>
      <Fill>A_GaugeFill</Fill>
      <!--<Lines>A_GaugeLines</Lines>-->
      <LinesFill>A_GaugeLinesFill</LinesFill>
      <!--<EndCapLeft>A_GaugeEndCapLeft</EndCapLeft>-->
      <!--<EndCapRight>A_GaugeEndCapRight</EndCapRight>-->
    </GaugeDrawTemplate>
  </Gauge>
  <Gauge item="Player_Mana">
    <ScreenID>PlayerMana</ScreenID>
    <!--<Font>3</Font>-->
    <RelativePosition>true</RelativePosition>
    <Location>
      <X>20</X>
      <Y>32</Y>
    </Location>
    <Size>
      <CX>240</CX>
      <CY>20</CY>
    </Size>
    <GaugeOffsetY>0</GaugeOffsetY>
    <Style_VScroll>false</Style_VScroll>
    <Style_HScroll>false</Style_HScroll>
    <Style_Transparent>false</Style_Transparent>
    <!--<TooltipReference/>-->
    <FillTint>
      <R>26</R>
      <G>159</G>
      <B>255</B>
    </FillTint>
    <LinesFillTint>
      <R>0</R>
      <G>220</G>
      <B>220</B>
    </LinesFillTint>
    <DrawLinesFill>false</DrawLinesFill>
    <EQType>2</EQType>
    <GaugeDrawTemplate>
      <Background>A_dzLongBackground</Background>
      <Fill>A_dzLongFill</Fill>
      <Lines>A_dzLongLines</Lines>
    </GaugeDrawTemplate>
  </Gauge>
  <Label item="Player_ManaLabel">
    <ScreenID>ManaLabel</ScreenID>
    <EQType>20</EQType>
    <Font>1</Font>
    <RelativePosition>true</RelativePosition>
    <Location>
      <X>1</X>
      <Y>37</Y>
    </Location>
    <Size>
      <CX>18</CX>
      <CY>12</CY>
    </Size>
    <Text>100</Text>
    <TextColor>
      <R>26</R>
      <G>159</G>
      <B>255</B>
    </TextColor>
    <NoWrap>true</NoWrap>
    <AlignRight>true</AlignRight>
  </Label>
  <Label item="F1">
    <ScreenID>F1</ScreenID>
    <Font>1</Font>
    <RelativePosition>true</RelativePosition>
    <Location>
      <X>6</X>
      <Y>2</Y>
    </Location>
    <Size>
      <CX>14</CX>
      <CY>14</CY>
    </Size>
    <Text>F1</Text>
    <TextColor>
      <R>255</R>
      <G>255</G>
      <B>255</B>
    </TextColor>
    <NoWrap>true</NoWrap>
    <AlignLeft>true</AlignLeft>
    <Style_Tooltip>false</Style_Tooltip>
  </Label>
  <Gauge item="Player_Fatigue">
    <ScreenID>PlayerFatigue</ScreenID>
    <RelativePosition>true</RelativePosition>
    <Location>
      <X>155</X>
      <Y>50</Y>
    </Location>
    <Size>
      <CX>104</CX>
      <CY>11</CY>
    </Size>
    <GaugeOffsetY>0</GaugeOffsetY>
    <Style_VScroll>false</Style_VScroll>
    <Style_HScroll>false</Style_HScroll>
    <Style_Transparent>false</Style_Transparent>
    <FillTint>
      <R>240</R>
      <G>240</G>
      <B>0</B>
    </FillTint>
    <LinesFillTint>
      <R>0</R>
      <G>220</G>
      <B>0</B>
    </LinesFillTint>
    <DrawLinesFill>false</DrawLinesFill>
    <EQType>3</EQType>
    <GaugeDrawTemplate>
      <Background>A_dzThinBackground</Background>
      <Fill>A_dzThinFill</Fill>
      <Lines>A_dzThinLines</Lines>
    </GaugeDrawTemplate>
  </Gauge>
  <!--  <Label item ="Player_FatiguePercent">
		<ScreenID>StaminaPercentage</ScreenID>
		<EQType>20</EQType>
		<Font>1</Font>
		<RelativePosition>true</RelativePosition>
		<Location>
			<X>1</X>
			<Y>48</Y>
		</Location>
		<Size>
			<CX>18</CX>
			<CY>12</CY>
		</Size>
		<TextColor>
				<R>255</R>
				<G>255</G>
				<B>0</B>
		</TextColor>
		<AlignRight>true</AlignRight>
	</Label>-->
  <!--  <Label item="Player_FatigueLabel">
    <ScreenID>StaminaPercentage</ScreenID>
    <EQType>20</EQType>
    <Font>1</Font>
    <RelativePosition>true</RelativePosition>
    <Location>
      <X>1</X>
      <Y>47</Y>
    </Location>
    <Size>
      <CX>18</CX>
      <CY>12</CY>
    </Size>
    <Text>100</Text>
    <TextColor>
      <R>240</R>
      <G>240</G>
      <B>0</B>
    </TextColor>
    <NoWrap>true</NoWrap>
    <AlignRight>true</AlignRight>
  </Label>-->
  <!--  <Gauge item="Player_Breath">
    <ScreenID>Player_Breath</ScreenID>
    <RelativePosition>true</RelativePosition>
    <Location>
      <X>20</X>
      <Y>34</Y>
    </Location>
    <Size>
      <CX>204</CX>
      <CY>11</CY>
    </Size>
    <GaugeOffsetY>0</GaugeOffsetY>
    <Style_VScroll>false</Style_VScroll>
    <Style_HScroll>false</Style_HScroll>
    <Style_Transparent>false</Style_Transparent>
    <FillTint>
      <R>0</R>
      <G>240</G>
      <B>240</B>
    </FillTint>
    <LinesFillTint>
      <R>0</R>
      <G>0</G>
      <B>0</B>
    </LinesFillTint>
    <DrawLinesFill>false</DrawLinesFill>
    <EQType>8</EQType>
    <GaugeDrawTemplate>
      <Background>A_dzThinLongBackground</Background>
      <Fill>A_dzThinLongFill</Fill>
      <Lines>A_dzThinLongLines</Lines>
    </GaugeDrawTemplate>
  </Gauge>-->
  <Gauge item="Player_XPGauge">
    <ScreenID>Player_XPGauge</ScreenID>
    <!--<Font>3</Font>-->
    <RelativePosition>true</RelativePosition>
    <Location>
      <X>21</X>
      <Y>50</Y>
    </Location>
    <Size>
      <CX>110</CX>
      <CY>20</CY>
    </Size>
    <GaugeOffsetY>0</GaugeOffsetY>
    <GaugeOffsetX>0</GaugeOffsetX>
    <Style_VScroll>false</Style_VScroll>
    <Style_HScroll>false</Style_HScroll>
    <Style_Transparent>false</Style_Transparent>
    <!--<TooltipReference/>-->
    <FillTint>
      <R>220</R>
      <G>150</G>
      <B>0</B>
    </FillTint>
    <LinesFillTint>
      <R>0</R>
      <G>80</G>
      <B>220</B>
    </LinesFillTint>
    <DrawLinesFill>true</DrawLinesFill>
    <EQType>4</EQType>
    <GaugeDrawTemplate>
      <Background>A_dzThinBackground</Background>
      <Fill>A_dzThinFill</Fill>
      <Lines>A_dzThinLines</Lines>
    </GaugeDrawTemplate>
  </Gauge>
  <Label item="Player_XPPerc">
    <Font>1</Font>
    <EQType>26</EQType>
    <RelativePosition>true</RelativePosition>
    <Location>
      <X>1</X>
      <Y>50</Y>
    </Location>
    <Size>
      <CX>20</CX>
      <CY>12</CY>
    </Size>
    <Text>100</Text>
    <TextColor>
      <R>220</R>
      <G>150</G>
      <B>0</B>
    </TextColor>
    <NoWrap>true</NoWrap>
    <AlignCenter>false</AlignCenter>
    <AlignRight>true</AlignRight>
  </Label>
<Label item="Player_XPPercHr">
    <Font>1</Font>
    <EQType>81</EQType>
    <RelativePosition>true</RelativePosition>
    <Location>
      <X>130</X>
      <Y>50</Y>
    </Location>
    <Size>
      <CX>20</CX>
      <CY>12</CY>
    </Size>
    <Text>100</Text>
    <TextColor>
      <R>220</R>
      <G>150</G>
      <B>0</B>
    </TextColor>
    <NoWrap>true</NoWrap>
    <AlignCenter>true</AlignCenter>
    <AlignRight>false</AlignRight>
  </Label>
<Label item="STRLabel">
    <ScreenID>STRLabel</ScreenID>
    <Font>2</Font>
    <RelativePosition>true</RelativePosition>
    <Location>
      <X>260</X>
      <Y>2</Y>
    </Location>
    <Size>
      <CX>30</CX>
      <CY>14</CY>
    </Size>
    <Text>STR:</Text>
    <TextColor>
      <R>255</R>
      <G>255</G>
      <B>255</B>
    </TextColor>
    <NoWrap>true</NoWrap>
    <AlignCenter>true</AlignCenter>
    <AlignRight>false</AlignRight>
    <AlignLeft>true</AlignLeft>
    <Style_Tooltip>false</Style_Tooltip>
  </Label>
  <Label item="STR">
    <ScreenID>STR</ScreenID>
    <EQType>5</EQType>
    <Font>2</Font>
    <RelativePosition>true</RelativePosition>
    <Location>
      <X>285</X>
      <Y>2</Y>
    </Location>
    <Size>
      <CX>30</CX>
      <CY>14</CY>
    </Size>
    <Text>255</Text>
    <TextColor>
      <R>255</R>
      <G>255</G>
      <B>255</B>
    </TextColor>
    <NoWrap>true</NoWrap>
    <AlignCenter>true</AlignCenter>
    <AlignRight>false</AlignRight>
    <AlignLeft>true</AlignLeft>
    <Style_Tooltip>false</Style_Tooltip>
  </Label>
  <Label item="WGTLabel">
    <ScreenID>WGTLabel</ScreenID>
    <Font>2</Font>
    <RelativePosition>true</RelativePosition>
    <Location>
      <X>335</X>
      <Y>2</Y>
    </Location>
    <Size>
      <CX>30</CX>
      <CY>14</CY>
    </Size>
    <Text>:WGT</Text>
    <TextColor>
      <R>255</R>
      <G>255</G>
      <B>255</B>
    </TextColor>
    <NoWrap>true</NoWrap>
    <AlignCenter>true</AlignCenter>
    <AlignRight>false</AlignRight>
    <AlignLeft>true</AlignLeft>
    <Style_Tooltip>false</Style_Tooltip>
  </Label>
  <Label item="WGT">
    <ScreenID>WGT</ScreenID>
    <EQType>24</EQType>
    <Font>2</Font>
    <RelativePosition>true</RelativePosition>
    <Location>
      <X>310</X>
      <Y>2</Y>
    </Location>
    <Size>
      <CX>30</CX>
      <CY>14</CY>
    </Size>
    <Text>255</Text>
    <TextColor>
      <R>255</R>
      <G>255</G>
      <B>255</B>
    </TextColor>
    <NoWrap>true</NoWrap>
    <AlignCenter>true</AlignCenter>
    <AlignRight>false</AlignRight>
    <AlignLeft>true</AlignLeft>
    <Style_Tooltip>false</Style_Tooltip>
  </Label>
<Label item="Divider">
    <ScreenID>Divider</ScreenID>
    <Font>2</Font>
    <RelativePosition>true</RelativePosition>
    <Location>
      <X>297</X>
      <Y>2</Y>
    </Location>
    <Size>
      <CX>30</CX>
      <CY>14</CY>
    </Size>
    <Text>|</Text>
    <TextColor>
      <R>255</R>
      <G>255</G>
      <B>255</B>
    </TextColor>
    <NoWrap>true</NoWrap>
    <AlignCenter>true</AlignCenter>
    <AlignRight>false</AlignRight>
    <AlignLeft>true</AlignLeft>
    <Style_Tooltip>false</Style_Tooltip>
  </Label>
  <Label item="Divider2">
    <ScreenID>Divider2</ScreenID>
    <Font>2</Font>
    <RelativePosition>true</RelativePosition>
    <Location>
      <X>297</X>
      <Y>12</Y>
    </Location>
    <Size>
      <CX>30</CX>
      <CY>14</CY>
    </Size>
    <Text>|</Text>
    <TextColor>
      <R>255</R>
      <G>255</G>
      <B>255</B>
    </TextColor>
    <NoWrap>true</NoWrap>
    <AlignCenter>true</AlignCenter>
    <AlignRight>false</AlignRight>
    <AlignLeft>true</AlignLeft>
    <Style_Tooltip>false</Style_Tooltip>
  </Label>
<Label item="Divider3">
    <ScreenID>Divider3</ScreenID>
    <Font>2</Font>
    <RelativePosition>true</RelativePosition>
    <Location>
      <X>297</X>
      <Y>22</Y>
    </Location>
    <Size>
      <CX>30</CX>
      <CY>14</CY>
    </Size>
    <Text>|</Text>
    <TextColor>
      <R>255</R>
      <G>255</G>
      <B>255</B>
    </TextColor>
    <NoWrap>true</NoWrap>
    <AlignCenter>true</AlignCenter>
    <AlignRight>false</AlignRight>
    <AlignLeft>true</AlignLeft>
    <Style_Tooltip>false</Style_Tooltip>
  </Label>
<Label item="Divider4">
    <ScreenID>Divider4</ScreenID>
    <Font>2</Font>
    <RelativePosition>true</RelativePosition>
    <Location>
      <X>297</X>
      <Y>32</Y>
    </Location>
    <Size>
      <CX>30</CX>
      <CY>14</CY>
    </Size>
    <Text>|</Text>
    <TextColor>
      <R>255</R>
      <G>255</G>
      <B>255</B>
    </TextColor>
    <NoWrap>true</NoWrap>
    <AlignCenter>true</AlignCenter>
    <AlignRight>false</AlignRight>
    <AlignLeft>true</AlignLeft>
    <Style_Tooltip>false</Style_Tooltip>
  </Label>
<Label item="Divider5">
    <ScreenID>Divider5</ScreenID>
    <Font>2</Font>
    <RelativePosition>true</RelativePosition>
    <Location>
      <X>297</X>
      <Y>42</Y>
    </Location>
    <Size>
      <CX>30</CX>
      <CY>14</CY>
    </Size>
    <Text>|</Text>
    <TextColor>
      <R>255</R>
      <G>255</G>
      <B>255</B>
    </TextColor>
    <NoWrap>true</NoWrap>
    <AlignCenter>true</AlignCenter>
    <AlignRight>false</AlignRight>
    <AlignLeft>true</AlignLeft>
    <Style_Tooltip>false</Style_Tooltip>
  </Label>
  <Label item="STALabel">
    <ScreenID>STRLabel</ScreenID>
    <Font>2</Font>
    <RelativePosition>true</RelativePosition>
    <Location>
      <X>260</X>
      <Y>16</Y>
    </Location>
    <Size>
      <CX>30</CX>
      <CY>14</CY>
    </Size>
    <Text>STA:</Text>
    <TextColor>
      <R>255</R>
      <G>255</G>
      <B>255</B>
    </TextColor>
    <NoWrap>true</NoWrap>
    <AlignCenter>true</AlignCenter>
    <AlignRight>false</AlignRight>
    <AlignLeft>true</AlignLeft>
    <Style_Tooltip>false</Style_Tooltip>
  </Label>
  <Label item="STA">
    <ScreenID>STA</ScreenID>
    <EQType>6</EQType>
    <Font>2</Font>
    <RelativePosition>true</RelativePosition>
    <Location>
      <X>285</X>
      <Y>16</Y>
    </Location>
    <Size>
      <CX>30</CX>
      <CY>14</CY>
    </Size>
    <Text>255</Text>
    <TextColor>
      <R>255</R>
      <G>255</G>
      <B>255</B>
    </TextColor>
    <NoWrap>true</NoWrap>
    <AlignCenter>true</AlignCenter>
    <AlignRight>false</AlignRight>
    <AlignLeft>true</AlignLeft>
    <Style_Tooltip>false</Style_Tooltip>
  </Label>
  <Label item="AGILabel">
    <ScreenID>AGILabel</ScreenID>
    <Font>2</Font>
    <RelativePosition>true</RelativePosition>
    <Location>
      <X>260</X>
      <Y>29</Y>
    </Location>
    <Size>
      <CX>30</CX>
      <CY>14</CY>
    </Size>
    <Text>AGI:</Text>
    <TextColor>
      <R>255</R>
      <G>255</G>
      <B>255</B>
    </TextColor>
    <NoWrap>true</NoWrap>
    <AlignCenter>true</AlignCenter>
    <AlignRight>false</AlignRight>
    <AlignLeft>true</AlignLeft>
    <Style_Tooltip>false</Style_Tooltip>
  </Label>
  <Label item="AGI">
    <ScreenID>AGI</ScreenID>
    <EQType>8</EQType>
    <Font>2</Font>
    <RelativePosition>true</RelativePosition>
    <Location>
      <X>285</X>
      <Y>29</Y>
    </Location>
    <Size>
      <CX>30</CX>
      <CY>14</CY>
    </Size>
    <Text>255</Text>
    <TextColor>
      <R>255</R>
      <G>255</G>
      <B>255</B>
    </TextColor>
    <NoWrap>true</NoWrap>
    <AlignCenter>true</AlignCenter>
    <AlignRight>false</AlignRight>
    <AlignLeft>true</AlignLeft>
    <Style_Tooltip>false</Style_Tooltip>
  </Label>
  <Label item="DEXLabel">
    <ScreenID>DEXLabel</ScreenID>
    <Font>2</Font>
    <RelativePosition>true</RelativePosition>
    <Location>
      <X>260</X>
      <Y>43</Y>
    </Location>
    <Size>
      <CX>30</CX>
      <CY>14</CY>
    </Size>
    <Text>DEX:</Text>
    <TextColor>
      <R>255</R>
      <G>255</G>
      <B>255</B>
    </TextColor>
    <NoWrap>true</NoWrap>
    <AlignCenter>true</AlignCenter>
    <AlignRight>false</AlignRight>
    <AlignLeft>true</AlignLeft>
    <Style_Tooltip>false</Style_Tooltip>
  </Label>
  <Label item="DEX">
    <ScreenID>DEX</ScreenID>
    <EQType>7</EQType>
    <Font>2</Font>
    <RelativePosition>true</RelativePosition>
    <Location>
      <X>285</X>
      <Y>43</Y>
    </Location>
    <Size>
      <CX>30</CX>
      <CY>14</CY>
    </Size>
    <Text>255</Text>
    <TextColor>
      <R>255</R>
      <G>255</G>
      <B>255</B>
    </TextColor>
    <NoWrap>true</NoWrap>
    <AlignCenter>true</AlignCenter>
    <AlignRight>false</AlignRight>
    <AlignLeft>true</AlignLeft>
    <Style_Tooltip>false</Style_Tooltip>
  </Label>
  <Label item="WISLabel">
    <ScreenID>WISLabel</ScreenID>
    <Font>2</Font>
    <RelativePosition>true</RelativePosition>
    <Location>
      <X>332</X>
      <Y>15</Y>
    </Location>
    <Size>
      <CX>30</CX>
      <CY>14</CY>
    </Size>
    <Text>:WIS</Text>
    <TextColor>
      <R>255</R>
      <G>255</G>
      <B>255</B>
    </TextColor>
    <NoWrap>true</NoWrap>
    <AlignCenter>true</AlignCenter>
    <AlignRight>false</AlignRight>
    <AlignLeft>true</AlignLeft>
    <Style_Tooltip>false</Style_Tooltip>
  </Label>
  <Label item="WIS">
    <ScreenID>WIS</ScreenID>
    <EQType>9</EQType>
    <Font>2</Font>
    <RelativePosition>true</RelativePosition>
    <Location>
      <X>310</X>
      <Y>15</Y>
    </Location>
    <Size>
      <CX>30</CX>
      <CY>14</CY>
    </Size>
    <Text>255</Text>
    <TextColor>
      <R>255</R>
      <G>255</G>
      <B>255</B>
    </TextColor>
    <NoWrap>true</NoWrap>
    <AlignCenter>true</AlignCenter>
    <AlignRight>true</AlignRight>
    <AlignLeft>false</AlignLeft>
    <Style_Tooltip>false</Style_Tooltip>
  </Label>
  <Label item="INTLabel">
    <ScreenID>INTLabel</ScreenID>
    <Font>2</Font>
    <RelativePosition>true</RelativePosition>
    <Location>
      <X>332</X>
      <Y>29</Y>
    </Location>
    <Size>
      <CX>30</CX>
      <CY>14</CY>
    </Size>
    <Text>:INT</Text>
    <TextColor>
      <R>255</R>
      <G>255</G>
      <B>255</B>
    </TextColor>
    <NoWrap>true</NoWrap>
    <AlignCenter>true</AlignCenter>
    <AlignRight>false</AlignRight>
    <AlignLeft>true</AlignLeft>
    <Style_Tooltip>false</Style_Tooltip>
  </Label>
  <Label item="INT">
    <ScreenID>INT</ScreenID>
    <EQType>10</EQType>
    <Font>2</Font>
    <RelativePosition>true</RelativePosition>
    <Location>
      <X>310</X>
      <Y>29</Y>
    </Location>
    <Size>
      <CX>30</CX>
      <CY>14</CY>
    </Size>
    <Text>255</Text>
    <TextColor>
      <R>255</R>
      <G>255</G>
      <B>255</B>
    </TextColor>
    <NoWrap>true</NoWrap>
    <AlignCenter>true</AlignCenter>
    <AlignRight>false</AlignRight>
    <AlignLeft>true</AlignLeft>
    <Style_Tooltip>false</Style_Tooltip>
  </Label>
  <Label item="CHALabel">
    <ScreenID>CHALabel</ScreenID>
    <Font>2</Font>
    <RelativePosition>true</RelativePosition>
    <Location>
      <X>335</X>
      <Y>43</Y>
    </Location>
    <Size>
      <CX>30</CX>
      <CY>14</CY>
    </Size>
    <Text>:CHA</Text>
    <TextColor>
      <R>255</R>
      <G>255</G>
      <B>255</B>
    </TextColor>
    <NoWrap>true</NoWrap>
    <AlignCenter>true</AlignCenter>
    <AlignRight>false</AlignRight>
    <AlignLeft>true</AlignLeft>
    <Style_Tooltip>false</Style_Tooltip>
  </Label>
  <Label item="CHA">
    <ScreenID>CHA</ScreenID>
    <EQType>11</EQType>
    <Font>2</Font>
    <RelativePosition>true</RelativePosition>
    <Location>
      <X>310</X>
      <Y>43</Y>
    </Location>
    <Size>
      <CX>30</CX>
      <CY>14</CY>
    </Size>
    <Text>255</Text>
    <TextColor>
      <R>255</R>
      <G>255</G>
      <B>255</B>
    </TextColor>
    <NoWrap>true</NoWrap>
    <AlignCenter>true</AlignCenter>
    <AlignRight>false</AlignRight>
    <AlignLeft>true</AlignLeft>
    <Style_Tooltip>false</Style_Tooltip>
  </Label>
  <StaticAnimation item="FRIcon">
    <RelativePosition>true</RelativePosition>
    <Location>
      <X>488</X>
      <Y>25</Y>
    </Location>
    <Size>
      <CX>20</CX>
      <CY>20</CY>
    </Size>
    <Animation>FRicon</Animation>
  </StaticAnimation>
  <StaticAnimation item="CRIcon">
    <RelativePosition>true</RelativePosition>
    <Location>
      <X>437</X>
      <Y>25</Y>
    </Location>
    <Size>
      <CX>20</CX>
      <CY>20</CY>
    </Size>
    <Animation>CRicon</Animation>
  </StaticAnimation>
  <StaticAnimation item="MRIcon">
    <RelativePosition>true</RelativePosition>
    <Location>
      <X>460</X>
      <Y>25</Y>
    </Location>
    <Size>
      <CX>20</CX>
      <CY>20</CY>
    </Size>
    <Animation>MRicon</Animation>
  </StaticAnimation>
  <StaticAnimation item="PRIcon">
    <RelativePosition>true</RelativePosition>
    <Location>
      <X>412</X>
      <Y>25</Y>
    </Location>
    <Size>
      <CX>20</CX>
      <CY>20</CY>
    </Size>
    <Animation>PRicon</Animation>
  </StaticAnimation>
  <StaticAnimation item="DRIcon">
    <RelativePosition>true</RelativePosition>
    <Location>
      <X>510</X>
      <Y>25</Y>
    </Location>
    <Size>
      <CX>20</CX>
      <CY>20</CY>
    </Size>
    <Animation>DRicon</Animation>
  </StaticAnimation>
  <Label item="FR">
    <ScreenID>FR</ScreenID>
    <Font>2</Font>
    <RelativePosition>true</RelativePosition>
    <Location>
      <X>485</X>
      <Y>45</Y>
    </Location>
    <Size>
      <CX>26</CX>
      <CY>15</CY>
    </Size>
    <EQType>14</EQType>
    <TextColor>
      <R>255</R>
      <G>255</G>
      <B>255</B>
      <Alpha>255</Alpha>
    </TextColor>
    <NoWrap>true</NoWrap>
    <AlignCenter>true</AlignCenter>
    <AlignRight>false</AlignRight>
    <Text>255</Text>
  </Label>
  <Label item="CR">
    <ScreenID>CR</ScreenID>
    <Font>2</Font>
    <RelativePosition>true</RelativePosition>
    <Location>
      <X>435</X>
      <Y>45</Y>
    </Location>
    <Size>
      <CX>26</CX>
      <CY>15</CY>
    </Size>
    <EQType>15</EQType>
    <TextColor>
      <R>255</R>
      <G>255</G>
      <B>255</B>
      <Alpha>255</Alpha>
    </TextColor>
    <NoWrap>true</NoWrap>
    <AlignCenter>true</AlignCenter>
    <AlignRight>false</AlignRight>
    <Text>255</Text>
  </Label>
  <Label item="MR">
    <ScreenID>MR</ScreenID>
    <Font>2</Font>
    <RelativePosition>true</RelativePosition>
    <Location>
      <X>460</X>
      <Y>45</Y>
    </Location>
    <Size>
      <CX>26</CX>
      <CY>15</CY>
    </Size>
    <EQType>16</EQType>
    <TextColor>
      <R>255</R>
      <G>255</G>
      <B>255</B>
      <Alpha>255</Alpha>
    </TextColor>
    <NoWrap>true</NoWrap>
    <AlignCenter>true</AlignCenter>
    <AlignRight>false</AlignRight>
    <Text>255</Text>
  </Label>
  <Label item="PR">
    <ScreenID>PR</ScreenID>
    <Font>2</Font>
    <RelativePosition>true</RelativePosition>
    <Location>
      <X>410</X>
      <Y>45</Y>
    </Location>
    <Size>
      <CX>26</CX>
      <CY>15</CY>
    </Size>
    <EQType>12</EQType>
    <TextColor>
      <R>255</R>
      <G>255</G>
      <B>255</B>
      <Alpha>255</Alpha>
    </TextColor>
    <NoWrap>true</NoWrap>
    <AlignCenter>true</AlignCenter>
    <AlignRight>false</AlignRight>
    <Text>255</Text>
  </Label>
  <Label item="DR">
    <ScreenID>DR</ScreenID>
    <Font>2</Font>
    <RelativePosition>true</RelativePosition>
    <Location>
      <X>507</X>
      <Y>45</Y>
    </Location>
    <Size>
      <CX>26</CX>
      <CY>15</CY>
    </Size>
    <EQType>13</EQType>
    <TextColor>
      <R>255</R>
      <G>255</G>
      <B>255</B>
      <Alpha>255</Alpha>
    </TextColor>
    <NoWrap>true</NoWrap>
    <AlignCenter>true</AlignCenter>
    <AlignRight>false</AlignRight>
    <Text>255</Text>
  </Label>
  <Label item="ACLabel">
    <ScreenID>ACLabel</ScreenID>
    <Font>2</Font>
    <RelativePosition>true</RelativePosition>
    <Location>
      <X>368</X>
      <Y>2</Y>
    </Location>
    <Size>
      <CX>21</CX>
      <CY>14</CY>
    </Size>
    <Text>AC:</Text>
    <TextColor>
      <R>255</R>
      <G>255</G>
      <B>255</B>
    </TextColor>
    <NoWrap>true</NoWrap>
    <AlignRight>true</AlignRight>
    <Style_Tooltip>false</Style_Tooltip>
  </Label>
  <Label item="AC">
    <ScreenID>AC</ScreenID>
    <EQType>22</EQType>
    <Font>2</Font>
    <RelativePosition>true</RelativePosition>
    <Location>
      <X>395</X>
      <Y>2</Y>
    </Location>
    <Size>
      <CX>28</CX>
      <CY>14</CY>
    </Size>
    <TextColor>
      <R>255</R>
      <G>255</G>
      <B>255</B>
      <Alpha>255</Alpha>
    </TextColor>
    <NoWrap>true</NoWrap>
    <Text>9999</Text>
    <AlignLeft>true</AlignLeft>
  </Label>
  <Label item="ATKLabel">
    <ScreenID>ATKLabel</ScreenID>
    <Font>2</Font>
    <RelativePosition>true</RelativePosition>
    <Location>
      <X>366</X>
      <Y>15</Y>
    </Location>
    <Size>
      <CX>25</CX>
      <CY>14</CY>
    </Size>
    <Text>ATK:</Text>
    <TextColor>
      <R>255</R>
      <G>255</G>
      <B>255</B>
    </TextColor>
    <NoWrap>true</NoWrap>
    <AlignLeft>true</AlignLeft>
    <Style_Tooltip>false</Style_Tooltip>
  </Label>
  <Label item="ATK">
    <ScreenID>ATK</ScreenID>
    <EQType>23</EQType>
    <Font>2</Font>
    <RelativePosition>true</RelativePosition>
    <Location>
      <X>396</X>
      <Y>15</Y>
    </Location>
    <Size>
      <CX>28</CX>
      <CY>14</CY>
    </Size>
    <TextColor>
      <R>255</R>
      <G>255</G>
      <B>255</B>
      <Alpha>255</Alpha>
    </TextColor>
    <NoWrap>true</NoWrap>
    <Text>9999</Text>
    <AlignLeft>true</AlignLeft>
  </Label>
<Gauge item="Player_AAExp">
    <ScreenID>AAExp</ScreenID>
    <RelativePosition>true</RelativePosition>
    <Location>
      <X>425</X>
      <Y>5</Y>
    </Location>
    <Size>
      <CX>105</CX>
      <CY>10</CY>
    </Size>
    <GaugeOffsetY>0</GaugeOffsetY>
    <Style_VScroll>false</Style_VScroll>
    <Style_HScroll>false</Style_HScroll>
    <Style_Transparent>false</Style_Transparent>
    <FillTint>
      <R>220</R>
      <G>150</G>
      <B>0</B>
    </FillTint>
    <LinesFillTint>
      <R>0</R>
      <G>80</G>
      <B>220</B>
    </LinesFillTint>
    <DrawLinesFill>true</DrawLinesFill>
    <EQType>5</EQType>
    <GaugeDrawTemplate>
      <Background>A_dzThinBackground</Background>
      <Fill>A_dzThinFill</Fill>
      <Lines>A_dzThinLines</Lines>
    </GaugeDrawTemplate>
  </Gauge>
  <Label item="LEVELLabel">
    <ScreenID>LEVELLabel</ScreenID>
    <Font>2</Font>
    <RelativePosition>true</RelativePosition>
    <Location>
      <X>367</X>
      <Y>29</Y>
    </Location>
    <Size>
      <CX>40</CX>
      <CY>14</CY>
    </Size>
    <Text>LEVEL</Text>
    <TextColor>
      <R>255</R>
      <G>255</G>
      <B>255</B>
    </TextColor>
    <NoWrap>true</NoWrap>
    <AlignLeft>true</AlignLeft>
    <Style_Tooltip>false</Style_Tooltip>
  </Label>
  <Label item="LEVEL">
    <ScreenID>LEVEL</ScreenID>
    <Font>3</Font>
    <EQType>2</EQType>
    <RelativePosition>true</RelativePosition>
    <Location>
      <X>372</X>
      <Y>43</Y>
    </Location>
    <Size>
      <CX>18</CX>
      <CY>14</CY>
    </Size>
    <Text>60</Text>
    <TextColor>
      <R>255</R>
      <G>0</G>
      <B>255</B>
    </TextColor>
    <NoWrap>true</NoWrap>
    <AlignRight>true</AlignRight>
    <Style_Tooltip>false</Style_Tooltip>
  </Label>
  <Screen item="PlayerWindow">
    <!--<ScreenID/>-->
    <RelativePosition>false</RelativePosition>
    <Location>
      <X>516</X>
      <Y>0</Y>
    </Location>
    <Size>
      <CX>540</CX>
      <CY>70</CY>
    </Size>
    <Style_VScroll>false</Style_VScroll>
    <Style_HScroll>false</Style_HScroll>
    <Style_Transparent>false</Style_Transparent>
    <DrawTemplate>WDT_RoundedNoTitle</DrawTemplate>
    <Style_Titlebar>false</Style_Titlebar>
    <Style_Closebox>false</Style_Closebox>
    <Style_Minimizebox>false</Style_Minimizebox>
    <Style_Border>true</Style_Border>
    <Style_Sizable>false</Style_Sizable>
    <Pieces>STRLabel</Pieces>
    <Pieces>STR</Pieces>
    <Pieces>WGTLabel</Pieces>
    <Pieces>WGT</Pieces>
    <Pieces>Divider</Pieces>
    <Pieces>Divider2</Pieces>
    <Pieces>Divider3</Pieces>
    <Pieces>Divider4</Pieces>
    <Pieces>Divider5</Pieces>
    <Pieces>STALabel</Pieces>
    <Pieces>STA</Pieces>
    <Pieces>AGILabel</Pieces>
    <Pieces>AGI</Pieces>
    <Pieces>DEXLabel</Pieces>
    <Pieces>DEX</Pieces>
    <Pieces>WISLabel</Pieces>
    <Pieces>WIS</Pieces>
    <Pieces>Player_AAExp</Pieces>
    <Pieces>INTLabel</Pieces>
    <Pieces>INT</Pieces>
    <Pieces>CHALabel</Pieces>
    <Pieces>CHA</Pieces>
    <Pieces>FRIcon</Pieces>
    <Pieces>CRIcon</Pieces>
    <Pieces>MRIcon</Pieces>
    <Pieces>PRIcon</Pieces>
    <Pieces>DRIcon</Pieces>
    <Pieces>FR</Pieces>
    <Pieces>CR</Pieces>
    <Pieces>MR</Pieces>
    <Pieces>PR</Pieces>
    <Pieces>DR</Pieces>
    <Pieces>ACLabel</Pieces>
    <Pieces>AC</Pieces>
    <Pieces>ATKLabel</Pieces>
    <Pieces>ATK</Pieces>
    <Pieces>LEVELLabel</Pieces>
    <Pieces>LEVEL</Pieces>
    <Pieces>Player_Fatigue</Pieces>
    <Pieces>Player_XPGauge</Pieces>
    <Pieces>Player_Mana</Pieces>
    <Pieces>Player_HP_BG</Pieces>
    <Pieces>Player_HP_0</Pieces>
    <Pieces>Player_HP_1A_X</Pieces>
    <Pieces>Player_HP_1B</Pieces>
    <Pieces>Player_HP_2A_X</Pieces>
    <Pieces>Player_HP_2B</Pieces>
    <Pieces>Player_HP_3A_X</Pieces>
    <Pieces>Player_HP_3B</Pieces>
    <Pieces>Player_HP_4A_X</Pieces>
    <Pieces>Player_HP_4B</Pieces>
    <Pieces>Player_Name</Pieces>
    <Pieces>Player_XPPerc</Pieces>
    <Pieces>Player_XPPercHr</Pieces>
    <Pieces>Pet_HP</Pieces>
    <Pieces>Player_HPLabel</Pieces>
    <Pieces>Player_ManaLabel</Pieces>
    <Pieces>F1</Pieces>
    <Pieces>ManaValues</Pieces>
    <Pieces>HPValues</Pieces>
  </Screen>
</XML>