<?xml version="1.0" encoding="us-ascii"?>
<XML ID="EQInterfaceDefinitionLanguage">
  <Schema xmlns="EverQuestData" xmlns:dt="EverQuestDataTypes" />
  <Label item="BW_BankerName">
    <ScreenID>BW_BankerName</ScreenID>
    <!--<Font>3</Font>-->
    <RelativePosition>true</RelativePosition>
    <Location>
      <X>0</X>
      <Y>1</Y>
    </Location>
    <Size>
      <CX>0</CX>
      <CY>0</CY>
    </Size>
    <Text>Banker Name</Text>
    <TextColor>
      <R>255</R>
      <G>255</G>
      <B>255</B>
    </TextColor>
    <NoWrap>false</NoWrap>
    <AlignCenter>true</AlignCenter>
    <AlignRight>false</AlignRight>
  </Label>
  <InvSlot item="BW_BankSlot0">
    <ScreenID>BW_BankSlot0</ScreenID>
    <!--<Font>3</Font>-->
    <RelativePosition>true</RelativePosition>
    <Location>
      <X>2</X>
      <Y>2</Y>
    </Location>
    <Size>
      <CX>40</CX>
      <CY>40</CY>
    </Size>
    <Background>A_RecessedBox</Background>
    <EQType>2000</EQType>
    <ItemOffsetX>2</ItemOffsetX>
    <ItemOffsetY>2</ItemOffsetY>
  </InvSlot>
  <InvSlot item="BW_BankSlot1">
    <ScreenID>BW_BankSlot1</ScreenID>
    <!--<Font>3</Font>-->
    <RelativePosition>true</RelativePosition>
    <Location>
      <X>2</X>
      <Y>41</Y>
    </Location>
    <Size>
      <CX>40</CX>
      <CY>40</CY>
    </Size>
    <Background>A_RecessedBox</Background>
    <EQType>2001</EQType>
    <ItemOffsetX>2</ItemOffsetX>
    <ItemOffsetY>2</ItemOffsetY>
  </InvSlot>
  <InvSlot item="BW_BankSlot2">
    <ScreenID>BW_BankSlot2</ScreenID>
    <!--<Font>3</Font>-->
    <RelativePosition>true</RelativePosition>
    <Location>
      <X>2</X>
      <Y>80</Y>
    </Location>
    <Size>
      <CX>40</CX>
      <CY>40</CY>
    </Size>
    <Background>A_RecessedBox</Background>
    <EQType>2002</EQType>
    <ItemOffsetX>2</ItemOffsetX>
    <ItemOffsetY>2</ItemOffsetY>
  </InvSlot>
  <InvSlot item="BW_BankSlot3">
    <ScreenID>BW_BankSlot3</ScreenID>
    <!--<Font>3</Font>-->
    <RelativePosition>true</RelativePosition>
    <Location>
      <X>2</X>
      <Y>119</Y>
    </Location>
    <Size>
      <CX>40</CX>
      <CY>40</CY>
    </Size>
    <Background>A_RecessedBox</Background>
    <EQType>2003</EQType>
    <ItemOffsetX>2</ItemOffsetX>
    <ItemOffsetY>2</ItemOffsetY>
  </InvSlot>
  <InvSlot item="BW_BankSlot4">
    <ScreenID>BW_BankSlot4</ScreenID>
    <!--<Font>3</Font>-->
    <RelativePosition>true</RelativePosition>
    <Location>
      <X>41</X>
      <Y>2</Y>
    </Location>
    <Size>
      <CX>40</CX>
      <CY>40</CY>
    </Size>
    <Background>A_RecessedBox</Background>
    <EQType>2004</EQType>
    <ItemOffsetX>2</ItemOffsetX>
    <ItemOffsetY>2</ItemOffsetY>
  </InvSlot>
  <InvSlot item="BW_BankSlot5">
    <ScreenID>BW_BankSlot5</ScreenID>
    <!--<Font>3</Font>-->
    <RelativePosition>true</RelativePosition>
    <Location>
      <X>41</X>
      <Y>41</Y>
    </Location>
    <Size>
      <CX>40</CX>
      <CY>40</CY>
    </Size>
    <Background>A_RecessedBox</Background>
    <EQType>2005</EQType>
    <ItemOffsetX>2</ItemOffsetX>
    <ItemOffsetY>2</ItemOffsetY>
  </InvSlot>
  <InvSlot item="BW_BankSlot6">
    <ScreenID>BW_BankSlot6</ScreenID>
    <!--<Font>3</Font>-->
    <RelativePosition>true</RelativePosition>
    <Location>
      <X>41</X>
      <Y>80</Y>
    </Location>
    <Size>
      <CX>40</CX>
      <CY>40</CY>
    </Size>
    <Background>A_RecessedBox</Background>
    <EQType>2006</EQType>
    <ItemOffsetX>2</ItemOffsetX>
    <ItemOffsetY>2</ItemOffsetY>
  </InvSlot>
  <InvSlot item="BW_BankSlot7">
    <ScreenID>BW_BankSlot7</ScreenID>
    <!--<Font>3</Font>-->
    <RelativePosition>true</RelativePosition>
    <Location>
      <X>41</X>
      <Y>119</Y>
    </Location>
    <Size>
      <CX>40</CX>
      <CY>40</CY>
    </Size>
    <Background>A_RecessedBox</Background>
    <EQType>2007</EQType>
    <ItemOffsetX>2</ItemOffsetX>
    <ItemOffsetY>2</ItemOffsetY>
  </InvSlot>
  <InvSlot item="BW_SharedBankSlot0">
    <ScreenID>BW_SharedBankSlot0</ScreenID>
  </InvSlot>
  <InvSlot item="BW_SharedBankSlot1">
    <ScreenID>BW_SharedBankSlot1</ScreenID>
  </InvSlot>
  <Button item="BW_SharedMoney0">
    <ScreenID>BW_SharedMoney0</ScreenID>
  </Button>
  <Button item="BW_Money0">
    <ScreenID>BW_Money0</ScreenID>
    <RelativePosition>true</RelativePosition>
    <Location>
      <X>2</X>
      <Y>171</Y>
    </Location>
    <Size>
      <CX>85</CX>
      <CY>24</CY>
    </Size>
    <Style_Transparent>false</Style_Transparent>
    <TooltipReference>Drop coins here or click to pick up Platinum</TooltipReference>
    <Style_Checkbox>false</Style_Checkbox>
    <Text>60000</Text>
    <TextColor>
      <R>255</R>
      <G>255</G>
      <B>255</B>
    </TextColor>
    <ButtonDrawTemplate>
      <!-- <Normal>A_RecessedCoinBox</Normal> -->
      <NormalDecal>A_PlatinumCoin</NormalDecal>
    </ButtonDrawTemplate>
    <DecalOffset>
      <X>2</X>
      <Y>2</Y>
    </DecalOffset>
    <DecalSize>
      <CX>18</CX>
      <CY>18</CY>
    </DecalSize>
  </Button>
  <Button item="BW_Money1">
    <ScreenID>BW_Money1</ScreenID>
    <RelativePosition>true</RelativePosition>
    <Location>
      <X>2</X>
      <Y>196</Y>
    </Location>
    <Size>
      <CX>85</CX>
      <CY>24</CY>
    </Size>
    <Style_Transparent>false</Style_Transparent>
    <TooltipReference>Drop coins here or click to pick up Gold</TooltipReference>
    <Style_Checkbox>false</Style_Checkbox>
    <Text>60000</Text>
    <TextColor>
      <R>255</R>
      <G>255</G>
      <B>255</B>
    </TextColor>
    <ButtonDrawTemplate>
      <!-- <Normal>A_RecessedCoinBox</Normal> -->
      <NormalDecal>A_GoldCoin</NormalDecal>
    </ButtonDrawTemplate>
    <DecalOffset>
      <X>2</X>
      <Y>2</Y>
    </DecalOffset>
    <DecalSize>
      <CX>18</CX>
      <CY>18</CY>
    </DecalSize>
  </Button>
  <Button item="BW_Money2">
    <ScreenID>BW_Money2</ScreenID>
    <RelativePosition>true</RelativePosition>
    <Location>
      <X>2</X>
      <Y>221</Y>
    </Location>
    <Size>
      <CX>85</CX>
      <CY>24</CY>
    </Size>
    <Style_Transparent>false</Style_Transparent>
    <TooltipReference>Drop coins here or click to pick up Silver</TooltipReference>
    <Style_Checkbox>false</Style_Checkbox>
    <Text>60000</Text>
    <TextColor>
      <R>255</R>
      <G>255</G>
      <B>255</B>
    </TextColor>
    <ButtonDrawTemplate>
      <!-- <Normal>A_RecessedCoinBox</Normal> -->
      <NormalDecal>A_SilverCoin</NormalDecal>
    </ButtonDrawTemplate>
    <DecalOffset>
      <X>2</X>
      <Y>2</Y>
    </DecalOffset>
    <DecalSize>
      <CX>18</CX>
      <CY>18</CY>
    </DecalSize>
  </Button>
  <Button item="BW_Money3">
    <ScreenID>BW_Money3</ScreenID>
    <RelativePosition>true</RelativePosition>
    <Location>
      <X>2</X>
      <Y>246</Y>
    </Location>
    <Size>
      <CX>85</CX>
      <CY>24</CY>
    </Size>
    <Style_Transparent>false</Style_Transparent>
    <TooltipReference>Drop coins here or click to pick up Copper</TooltipReference>
    <Style_Checkbox>false</Style_Checkbox>
    <Text>60000</Text>
    <TextColor>
      <R>255</R>
      <G>255</G>
      <B>255</B>
    </TextColor>
    <ButtonDrawTemplate>
      <!-- <Normal>A_RecessedCoinBox</Normal> -->
      <NormalDecal>A_CopperCoin</NormalDecal>
    </ButtonDrawTemplate>
    <DecalOffset>
      <X>2</X>
      <Y>2</Y>
    </DecalOffset>
    <DecalSize>
      <CX>18</CX>
      <CY>18</CY>
    </DecalSize>
  </Button>
  <Button item="BW_ChangeButton">
    <ScreenID>ChangeButton</ScreenID>
    <RelativePosition>true</RelativePosition>
    <Location>
      <X>1</X>
      <Y>276</Y>
    </Location>
    <Size>
      <CX>81</CX>
      <CY>20</CY>
    </Size>
    <Style_Transparent>false</Style_Transparent>
    <Style_Checkbox>false</Style_Checkbox>
    <Text>Change</Text>
    <TextColor>
      <R>255</R>
      <G>255</G>
      <B>255</B>
    </TextColor>
    <ButtonDrawTemplate>
      <Normal>A_BtnNormal</Normal>
      <Pressed>A_BtnPressed</Pressed>
      <Flyby>A_BtnFlyby</Flyby>
      <Disabled>A_BtnDisabled</Disabled>
      <PressedFlyby>A_BtnPressedFlyby</PressedFlyby>
    </ButtonDrawTemplate>
  </Button>
  <Button item="BW_DoneButton">
    <ScreenID>DoneButton</ScreenID>
    <RelativePosition>true</RelativePosition>
    <Location>
      <X>1</X>
      <Y>296</Y>
    </Location>
    <Size>
      <CX>81</CX>
      <CY>20</CY>
    </Size>
    <Style_Transparent>false</Style_Transparent>
    <Style_Checkbox>false</Style_Checkbox>
    <Text>Done</Text>
    <TextColor>
      <R>255</R>
      <G>255</G>
      <B>255</B>
    </TextColor>
    <ButtonDrawTemplate>
      <Normal>A_BtnNormal</Normal>
      <Pressed>A_BtnPressed</Pressed>
      <Flyby>A_BtnFlyby</Flyby>
      <Disabled>A_BtnDisabled</Disabled>
      <PressedFlyby>A_BtnPressedFlyby</PressedFlyby>
    </ButtonDrawTemplate>
  </Button>
  <Button item="BW_AltStorageButton">
    <ScreenID>AltStorageButton</ScreenID>
  </Button>
  <Screen item="BankWnd">
    <RelativePosition>false</RelativePosition>
    <Location>
      <X>0</X>
      <Y>25</Y>
    </Location>
    <Size>
      <CX>91</CX>
      <CY>325</CY>
    </Size>
    <Text>Bank</Text>
    <Style_Transparent>false</Style_Transparent>
    <!--<TooltipReference/>-->
    <DrawTemplate>WDT_RoundedNoTitle</DrawTemplate>
    <Style_Titlebar>false</Style_Titlebar>
    <Style_Closebox>false</Style_Closebox>
    <Style_Minimizebox>false</Style_Minimizebox>
    <Style_Border>true</Style_Border>
    <Style_Sizable>false</Style_Sizable>
    <Pieces>BW_BankerName</Pieces>
    <Pieces>BW_BankSlot0</Pieces>
    <Pieces>BW_BankSlot1</Pieces>
    <Pieces>BW_BankSlot2</Pieces>
    <Pieces>BW_BankSlot3</Pieces>
    <Pieces>BW_BankSlot4</Pieces>
    <Pieces>BW_BankSlot5</Pieces>
    <Pieces>BW_BankSlot6</Pieces>
    <Pieces>BW_BankSlot7</Pieces>
    <Pieces>BW_SharedBankSlot0</Pieces>
    <Pieces>BW_SharedBankSlot1</Pieces>
    <Pieces>BW_SharedMoney0</Pieces>
    <Pieces>BW_Money0</Pieces>
    <Pieces>BW_Money1</Pieces>
    <Pieces>BW_Money2</Pieces>
    <Pieces>BW_Money3</Pieces>
    <Pieces>BW_DoneButton</Pieces>
    <Pieces>BW_ChangeButton</Pieces>
    <Pieces>BW_AltStorageButton</Pieces>
  </Screen>
</XML>