<?xml version="1.0" encoding="us-ascii"?>
<XML ID="EQInterfaceDefinitionLanguage">
  <Schema xmlns="EverQuestData" xmlns:dt="EverQuestDataTypes" />
  <!-- Actions Socials Page -->
  <Button item="ASP_SocialPageLeftButton">
    <ScreenID>ASP_SocialPageLeftButton</ScreenID>
    <!--<Font>3</Font>-->
    <RelativePosition>true</RelativePosition>
    <Location>
      <X>16</X>
      <Y>3</Y>
    </Location>
    <Size>
      <CX>22</CX>
      <CY>12</CY>
    </Size>
    <Text />
    <TextColor>
      <R>255</R>
      <G>255</G>
      <B>255</B>
    </TextColor>
    <ButtonDrawTemplate>
      <Normal>A_HSBLeftNormal</Normal>
      <Pressed>A_HSBLeftPressed</Pressed>
      <Flyby>A_HSBLeftFlyby</Flyby>
      <Disabled>A_HSBLeftDisabled</Disabled>
      <PressedFlyby>A_HSBLeftPressedFlyby</PressedFlyby>
    </ButtonDrawTemplate>
  </Button>
  <Label item="ASP_CurrentSocialPageLabel">
    <ScreenID>ASP_CurrentSocialPageLabel</ScreenID>
    <Font>2</Font>
    <RelativePosition>true</RelativePosition>
    <Location>
      <X>50</X>
      <Y>1</Y>
    </Location>
    <Size>
      <CX>36</CX>
      <CY>22</CY>
    </Size>
    <Text>1</Text>
    <TextColor>
      <R>255</R>
      <G>255</G>
      <B>255</B>
    </TextColor>
    <NoWrap>false</NoWrap>
    <AlignCenter>true</AlignCenter>
    <AlignRight>false</AlignRight>
  </Label>
  <Button item="ASP_SocialPageRightButton">
    <ScreenID>ASP_SocialPageRightButton</ScreenID>
    <!--<Font>3</Font>-->
    <RelativePosition>true</RelativePosition>
    <Location>
      <X>97</X>
      <Y>3</Y>
    </Location>
    <Size>
      <CX>22</CX>
      <CY>12</CY>
    </Size>
    <Text />
    <TextColor>
      <R>255</R>
      <G>255</G>
      <B>255</B>
    </TextColor>
    <ButtonDrawTemplate>
      <Normal>A_HSBRightNormal</Normal>
      <Pressed>A_HSBRightPressed</Pressed>
      <Flyby>A_HSBRightFlyby</Flyby>
      <Disabled>A_HSBRightDisabled</Disabled>
      <PressedFlyby>A_HSBRightPressedFlyby</PressedFlyby>
    </ButtonDrawTemplate>
  </Button>
  <Button item="ASP_SocialButton1">
    <ScreenID>ASP_SocialButton1</ScreenID>
    <Font>2</Font>
    <RelativePosition>true</RelativePosition>
    <Location>
      <X>15</X>
      <Y>20</Y>
    </Location>
    <Size>
      <CX>50</CX>
      <CY>20</CY>
    </Size>
    <Text />
    <TextColor>
      <R>255</R>
      <G>255</G>
      <B>255</B>
    </TextColor>
    <ButtonDrawTemplate>
      <Normal>A_SmallBtnNormal</Normal>
      <Pressed>A_SmallBtnPressed</Pressed>
      <Flyby>A_SmallBtnFlyby</Flyby>
      <Disabled>A_SmallBtnDisabled</Disabled>
      <PressedFlyby>A_SmallBtnPressedFlyby</PressedFlyby>
    </ButtonDrawTemplate>
  </Button>
  <Button item="ASP_SocialButton7">
    <ScreenID>ASP_SocialButton7</ScreenID>
    <Font>2</Font>
    <RelativePosition>true</RelativePosition>
    <Location>
      <X>71</X>
      <Y>20</Y>
    </Location>
    <Size>
      <CX>50</CX>
      <CY>20</CY>
    </Size>
    <Text />
    <TextColor>
      <R>255</R>
      <G>255</G>
      <B>255</B>
    </TextColor>
    <ButtonDrawTemplate>
      <Normal>A_SmallBtnNormal</Normal>
      <Pressed>A_SmallBtnPressed</Pressed>
      <Flyby>A_SmallBtnFlyby</Flyby>
      <Disabled>A_SmallBtnDisabled</Disabled>
      <PressedFlyby>A_SmallBtnPressedFlyby</PressedFlyby>
    </ButtonDrawTemplate>
  </Button>
  <Button item="ASP_SocialButton2">
    <ScreenID>ASP_SocialButton2</ScreenID>
    <Font>2</Font>
    <RelativePosition>true</RelativePosition>
    <Location>
      <X>15</X>
      <Y>40</Y>
    </Location>
    <Size>
      <CX>50</CX>
      <CY>20</CY>
    </Size>
    <Text />
    <TextColor>
      <R>255</R>
      <G>255</G>
      <B>255</B>
    </TextColor>
    <ButtonDrawTemplate>
      <Normal>A_SmallBtnNormal</Normal>
      <Pressed>A_SmallBtnPressed</Pressed>
      <Flyby>A_SmallBtnFlyby</Flyby>
      <Disabled>A_SmallBtnDisabled</Disabled>
      <PressedFlyby>A_SmallBtnPressedFlyby</PressedFlyby>
    </ButtonDrawTemplate>
  </Button>
  <Button item="ASP_SocialButton8">
    <ScreenID>ASP_SocialButton8</ScreenID>
    <Font>2</Font>
    <RelativePosition>true</RelativePosition>
    <Location>
      <X>71</X>
      <Y>40</Y>
    </Location>
    <Size>
      <CX>50</CX>
      <CY>20</CY>
    </Size>
    <Text />
    <TextColor>
      <R>255</R>
      <G>255</G>
      <B>255</B>
    </TextColor>
    <ButtonDrawTemplate>
      <Normal>A_SmallBtnNormal</Normal>
      <Pressed>A_SmallBtnPressed</Pressed>
      <Flyby>A_SmallBtnFlyby</Flyby>
      <Disabled>A_SmallBtnDisabled</Disabled>
      <PressedFlyby>A_SmallBtnPressedFlyby</PressedFlyby>
    </ButtonDrawTemplate>
  </Button>
  <Button item="ASP_SocialButton3">
    <ScreenID>ASP_SocialButton3</ScreenID>
    <Font>2</Font>
    <RelativePosition>true</RelativePosition>
    <Location>
      <X>15</X>
      <Y>60</Y>
    </Location>
    <Size>
      <CX>50</CX>
      <CY>20</CY>
    </Size>
    <Text />
    <TextColor>
      <R>255</R>
      <G>255</G>
      <B>255</B>
    </TextColor>
    <ButtonDrawTemplate>
      <Normal>A_SmallBtnNormal</Normal>
      <Pressed>A_SmallBtnPressed</Pressed>
      <Flyby>A_SmallBtnFlyby</Flyby>
      <Disabled>A_SmallBtnDisabled</Disabled>
      <PressedFlyby>A_SmallBtnPressedFlyby</PressedFlyby>
    </ButtonDrawTemplate>
  </Button>
  <Button item="ASP_SocialButton9">
    <ScreenID>ASP_SocialButton9</ScreenID>
    <Font>2</Font>
    <RelativePosition>true</RelativePosition>
    <Location>
      <X>71</X>
      <Y>60</Y>
    </Location>
    <Size>
      <CX>50</CX>
      <CY>20</CY>
    </Size>
    <Text />
    <TextColor>
      <R>255</R>
      <G>255</G>
      <B>255</B>
    </TextColor>
    <ButtonDrawTemplate>
      <Normal>A_SmallBtnNormal</Normal>
      <Pressed>A_SmallBtnPressed</Pressed>
      <Flyby>A_SmallBtnFlyby</Flyby>
      <Disabled>A_SmallBtnDisabled</Disabled>
      <PressedFlyby>A_SmallBtnPressedFlyby</PressedFlyby>
    </ButtonDrawTemplate>
  </Button>
  <Button item="ASP_SocialButton4">
    <ScreenID>ASP_SocialButton4</ScreenID>
    <Font>2</Font>
    <RelativePosition>true</RelativePosition>
    <Location>
      <X>15</X>
      <Y>80</Y>
    </Location>
    <Size>
      <CX>50</CX>
      <CY>20</CY>
    </Size>
    <Text />
    <TextColor>
      <R>255</R>
      <G>255</G>
      <B>255</B>
    </TextColor>
    <ButtonDrawTemplate>
      <Normal>A_SmallBtnNormal</Normal>
      <Pressed>A_SmallBtnPressed</Pressed>
      <Flyby>A_SmallBtnFlyby</Flyby>
      <Disabled>A_SmallBtnDisabled</Disabled>
      <PressedFlyby>A_SmallBtnPressedFlyby</PressedFlyby>
    </ButtonDrawTemplate>
  </Button>
  <Button item="ASP_SocialButton10">
    <ScreenID>ASP_SocialButton10</ScreenID>
    <Font>2</Font>
    <RelativePosition>true</RelativePosition>
    <Location>
      <X>71</X>
      <Y>80</Y>
    </Location>
    <Size>
      <CX>50</CX>
      <CY>20</CY>
    </Size>
    <Text />
    <TextColor>
      <R>255</R>
      <G>255</G>
      <B>255</B>
    </TextColor>
    <ButtonDrawTemplate>
      <Normal>A_SmallBtnNormal</Normal>
      <Pressed>A_SmallBtnPressed</Pressed>
      <Flyby>A_SmallBtnFlyby</Flyby>
      <Disabled>A_SmallBtnDisabled</Disabled>
      <PressedFlyby>A_SmallBtnPressedFlyby</PressedFlyby>
    </ButtonDrawTemplate>
  </Button>
  <Button item="ASP_SocialButton5">
    <ScreenID>ASP_SocialButton5</ScreenID>
    <Font>2</Font>
    <RelativePosition>true</RelativePosition>
    <Location>
      <X>15</X>
      <Y>100</Y>
    </Location>
    <Size>
      <CX>50</CX>
      <CY>20</CY>
    </Size>
    <Text />
    <TextColor>
      <R>255</R>
      <G>255</G>
      <B>255</B>
    </TextColor>
    <ButtonDrawTemplate>
      <Normal>A_SmallBtnNormal</Normal>
      <Pressed>A_SmallBtnPressed</Pressed>
      <Flyby>A_SmallBtnFlyby</Flyby>
      <Disabled>A_SmallBtnDisabled</Disabled>
      <PressedFlyby>A_SmallBtnPressedFlyby</PressedFlyby>
    </ButtonDrawTemplate>
  </Button>
  <Button item="ASP_SocialButton11">
    <ScreenID>ASP_SocialButton11</ScreenID>
    <Font>2</Font>
    <RelativePosition>true</RelativePosition>
    <Location>
      <X>71</X>
      <Y>100</Y>
    </Location>
    <Size>
      <CX>50</CX>
      <CY>20</CY>
    </Size>
    <Text />
    <TextColor>
      <R>255</R>
      <G>255</G>
      <B>255</B>
    </TextColor>
    <ButtonDrawTemplate>
      <Normal>A_SmallBtnNormal</Normal>
      <Pressed>A_SmallBtnPressed</Pressed>
      <Flyby>A_SmallBtnFlyby</Flyby>
      <Disabled>A_SmallBtnDisabled</Disabled>
      <PressedFlyby>A_SmallBtnPressedFlyby</PressedFlyby>
    </ButtonDrawTemplate>
  </Button>
  <Button item="ASP_SocialButton6">
    <ScreenID>ASP_SocialButton6</ScreenID>
    <Font>2</Font>
    <RelativePosition>true</RelativePosition>
    <Location>
      <X>15</X>
      <Y>120</Y>
    </Location>
    <Size>
      <CX>50</CX>
      <CY>20</CY>
    </Size>
    <Text />
    <TextColor>
      <R>255</R>
      <G>255</G>
      <B>255</B>
    </TextColor>
    <ButtonDrawTemplate>
      <Normal>A_SmallBtnNormal</Normal>
      <Pressed>A_SmallBtnPressed</Pressed>
      <Flyby>A_SmallBtnFlyby</Flyby>
      <Disabled>A_SmallBtnDisabled</Disabled>
      <PressedFlyby>A_SmallBtnPressedFlyby</PressedFlyby>
    </ButtonDrawTemplate>
  </Button>
  <Button item="ASP_SocialButton12">
    <ScreenID>ASP_SocialButton12</ScreenID>
    <Font>2</Font>
    <RelativePosition>true</RelativePosition>
    <Location>
      <X>71</X>
      <Y>120</Y>
    </Location>
    <Size>
      <CX>50</CX>
      <CY>20</CY>
    </Size>
    <Text />
    <TextColor>
      <R>255</R>
      <G>255</G>
      <B>255</B>
    </TextColor>
    <ButtonDrawTemplate>
      <Normal>A_SmallBtnNormal</Normal>
      <Pressed>A_SmallBtnPressed</Pressed>
      <Flyby>A_SmallBtnFlyby</Flyby>
      <Disabled>A_SmallBtnDisabled</Disabled>
      <PressedFlyby>A_SmallBtnPressedFlyby</PressedFlyby>
    </ButtonDrawTemplate>
  </Button>
  <Page item="ActionsSocialsPage">
    <ScreenID>ActionsSocialsPage</ScreenID>
    <!--<Font>3</Font>-->
    <RelativePosition>true</RelativePosition>
    <Style_VScroll>false</Style_VScroll>
    <Style_HScroll>false</Style_HScroll>
    <Style_Transparent>false</Style_Transparent>
    <TooltipReference>Socials Page</TooltipReference>
    <DrawTemplate>WDT_Def</DrawTemplate>
    <TabIcon>A_SocialsTabIcon</TabIcon>
    <TabIconActive>A_SocialsTabActiveIcon</TabIconActive>
    <Pieces>ASP_SocialPageLeftButton</Pieces>
    <Pieces>ASP_CurrentSocialPageLabel</Pieces>
    <Pieces>ASP_SocialPageRightButton</Pieces>
    <Pieces>ASP_SocialButton1</Pieces>
    <Pieces>ASP_SocialButton2</Pieces>
    <Pieces>ASP_SocialButton3</Pieces>
    <Pieces>ASP_SocialButton4</Pieces>
    <Pieces>ASP_SocialButton5</Pieces>
    <Pieces>ASP_SocialButton6</Pieces>
    <Pieces>ASP_SocialButton7</Pieces>
    <Pieces>ASP_SocialButton8</Pieces>
    <Pieces>ASP_SocialButton9</Pieces>
    <Pieces>ASP_SocialButton10</Pieces>
    <Pieces>ASP_SocialButton11</Pieces>
    <Pieces>ASP_SocialButton12</Pieces>
  </Page>
  <!-- Actions Main Page -->
  <Button item="AMP_WhoButton">
    <ScreenID>AMP_WhoButton</ScreenID>
    <!--<Font>3</Font>-->
    <RelativePosition>true</RelativePosition>
    <Location>
      <X>2</X>
      <Y>10</Y>
    </Location>
    <Size>
      <CX>0</CX>
      <CY>0</CY>
    </Size>
    <Text>Who</Text>
    <TextColor>
      <R>255</R>
      <G>255</G>
      <B>255</B>
    </TextColor>
    <ButtonDrawTemplate>
      <Normal>A_BtnNormal</Normal>
      <Pressed>A_BtnPressed</Pressed>
      <Flyby>A_BtnFlyby</Flyby>
      <Disabled>A_BtnDisabled</Disabled>
      <PressedFlyby>A_BtnPressedFlyby</PressedFlyby>
    </ButtonDrawTemplate>
  </Button>
  <Button item="AMP_InviteButton">
    <ScreenID>AMP_InviteButton</ScreenID>
    <RelativePosition>true</RelativePosition>
    <Location>
      <X>2</X>
      <Y>30</Y>
    </Location>
    <Size>
      <CX>0</CX>
      <CY>0</CY>
    </Size>
    <Text>Invite</Text>
    <TextColor>
      <R>255</R>
      <G>255</G>
      <B>255</B>
    </TextColor>
    <ButtonDrawTemplate>
      <Normal>A_BtnNormal</Normal>
      <Pressed>A_BtnPressed</Pressed>
      <Flyby>A_BtnFlyby</Flyby>
      <Disabled>A_BtnDisabled</Disabled>
      <PressedFlyby>A_BtnPressedFlyby</PressedFlyby>
    </ButtonDrawTemplate>
  </Button>
  <Button item="AMP_FollowButton">
    <ScreenID>AMP_FollowButton</ScreenID>
    <RelativePosition>true</RelativePosition>
    <Location>
      <X>2</X>
      <Y>30</Y>
    </Location>
    <Size>
      <CX>0</CX>
      <CY>0</CY>
    </Size>
    <Text>Follow</Text>
    <TextColor>
      <R>255</R>
      <G>255</G>
      <B>255</B>
    </TextColor>
    <ButtonDrawTemplate>
      <Normal>A_BtnNormal</Normal>
      <Pressed>A_BtnPressed</Pressed>
      <Flyby>A_BtnFlyby</Flyby>
      <Disabled>A_BtnDisabled</Disabled>
      <PressedFlyby>A_BtnPressedFlyby</PressedFlyby>
    </ButtonDrawTemplate>
  </Button>
  <Button item="AMP_DisbandButton">
    <ScreenID>AMP_DisbandButton</ScreenID>
    <RelativePosition>true</RelativePosition>
    <Location>
      <X>2</X>
      <Y>50</Y>
    </Location>
    <Size>
      <CX>0</CX>
      <CY>0</CY>
    </Size>
    <Text>Disband</Text>
    <TextColor>
      <R>255</R>
      <G>255</G>
      <B>255</B>
    </TextColor>
    <ButtonDrawTemplate>
      <Normal>A_BtnNormal</Normal>
      <Pressed>A_BtnPressed</Pressed>
      <Flyby>A_BtnFlyby</Flyby>
      <Disabled>A_BtnDisabled</Disabled>
      <PressedFlyby>A_BtnPressedFlyby</PressedFlyby>
    </ButtonDrawTemplate>
  </Button>
  <Button item="AMP_CampButton">
    <ScreenID>AMP_CampButton</ScreenID>
    <!--<Font>3</Font>-->
    <RelativePosition>true</RelativePosition>
    <Location>
      <X>1</X>
      <Y>86</Y>
    </Location>
    <Size>
      <CX>134</CX>
      <CY>20</CY>
    </Size>
    <Text>Camp</Text>
    <TextColor>
      <R>255</R>
      <G>255</G>
      <B>255</B>
    </TextColor>
    <ButtonDrawTemplate>
      <Normal>A_BtnNormal</Normal>
      <Pressed>A_BtnPressed</Pressed>
      <Flyby>A_BtnFlyby</Flyby>
      <Disabled>A_BtnDisabled</Disabled>
      <PressedFlyby>A_BtnPressedFlyby</PressedFlyby>
    </ButtonDrawTemplate>
  </Button>
  <Button item="AMP_SitButton">
    <ScreenID>AMP_SitButton</ScreenID>
    <!--<Font>3</Font>-->
    <RelativePosition>true</RelativePosition>
    <Location>
      <X>1</X>
      <Y>105</Y>
    </Location>
    <Size>
      <CX>134</CX>
      <CY>20</CY>
    </Size>
    <Text>Sit</Text>
    <TextColor>
      <R>255</R>
      <G>255</G>
      <B>255</B>
    </TextColor>
    <ButtonDrawTemplate>
      <Normal>A_BtnNormal</Normal>
      <Pressed>A_BtnPressed</Pressed>
      <Flyby>A_BtnFlyby</Flyby>
      <Disabled>A_BtnDisabled</Disabled>
      <PressedFlyby>A_BtnPressedFlyby</PressedFlyby>
    </ButtonDrawTemplate>
  </Button>
  <Button item="AMP_StandButton">
    <ScreenID>AMP_StandButton</ScreenID>
    <!--<Font>3</Font>-->
    <RelativePosition>true</RelativePosition>
    <Location>
      <X>1</X>
      <Y>105</Y>
    </Location>
    <Size>
      <CX>134</CX>
      <CY>20</CY>
    </Size>
    <Text>Stand</Text>
    <TextColor>
      <R>255</R>
      <G>255</G>
      <B>255</B>
    </TextColor>
    <ButtonDrawTemplate>
      <Normal>A_BtnNormal</Normal>
      <Pressed>A_BtnPressed</Pressed>
      <Flyby>A_BtnFlyby</Flyby>
      <Disabled>A_BtnDisabled</Disabled>
      <PressedFlyby>A_BtnPressedFlyby</PressedFlyby>
    </ButtonDrawTemplate>
  </Button>
  <Button item="AMP_RunButton">
    <ScreenID>AMP_RunButton</ScreenID>
    <!--<Font>3</Font>-->
    <RelativePosition>true</RelativePosition>
    <Location>
      <X>1</X>
      <Y>123</Y>
    </Location>
    <Size>
      <CX>134</CX>
      <CY>20</CY>
    </Size>
    <Text>Run</Text>
    <TextColor>
      <R>255</R>
      <G>255</G>
      <B>255</B>
    </TextColor>
    <ButtonDrawTemplate>
      <Normal>A_BtnNormal</Normal>
      <Pressed>A_BtnPressed</Pressed>
      <Flyby>A_BtnFlyby</Flyby>
      <Disabled>A_BtnDisabled</Disabled>
      <PressedFlyby>A_BtnPressedFlyby</PressedFlyby>
    </ButtonDrawTemplate>
  </Button>
  <Button item="AMP_WalkButton">
    <ScreenID>AMP_WalkButton</ScreenID>
    <!--<Font>3</Font>-->
    <RelativePosition>true</RelativePosition>
    <Location>
      <X>1</X>
      <Y>124</Y>
    </Location>
    <Size>
      <CX>134</CX>
      <CY>20</CY>
    </Size>
    <Text>Walk</Text>
    <TextColor>
      <R>255</R>
      <G>255</G>
      <B>255</B>
    </TextColor>
    <ButtonDrawTemplate>
      <Normal>A_BtnNormal</Normal>
      <Pressed>A_BtnPressed</Pressed>
      <Flyby>A_BtnFlyby</Flyby>
      <Disabled>A_BtnDisabled</Disabled>
      <PressedFlyby>A_BtnPressedFlyby</PressedFlyby>
    </ButtonDrawTemplate>
  </Button>
  <Label item="STRtxt">
    <ScreenID>STRLabel</ScreenID>
    <Font>2</Font>
    <RelativePosition>true</RelativePosition>
    <Location>
      <X>2</X>
      <Y>0</Y>
    </Location>
    <Size>
      <CX>40</CX>
      <CY>14</CY>
    </Size>
    <Text>STR</Text>
    <TextColor>
      <R>50</R>
      <G>160</G>
      <B>250</B>
    </TextColor>
    <NoWrap>true</NoWrap>
    <AlignLeft>true</AlignLeft>
    <AlignRight>false</AlignRight>
  </Label>
  <Label item="STRnum">
    <ScreenID>STRNumberLabel</ScreenID>
    <EQType>5</EQType>
    <Font>2</Font>
    <RelativePosition>true</RelativePosition>
    <Location>
      <X>25</X>
      <Y>0</Y>
    </Location>
    <Size>
      <CX>30</CX>
      <CY>14</CY>
    </Size>
    <Text>255</Text>
    <TextColor>
      <R>255</R>
      <G>255</G>
      <B>255</B>
    </TextColor>
    <NoWrap>true</NoWrap>
    <AlignRight>true</AlignRight>
    <AlignRight>false</AlignRight>
  </Label>
  <Label item="STAtxt">
    <ScreenID>STALabel</ScreenID>
    <Font>2</Font>
    <RelativePosition>true</RelativePosition>
    <Location>
      <X>2</X>
      <Y>11</Y>
    </Location>
    <Size>
      <CX>40</CX>
      <CY>14</CY>
    </Size>
    <Text>STA</Text>
    <TextColor>
      <R>50</R>
      <G>160</G>
      <B>250</B>
    </TextColor>
    <NoWrap>true</NoWrap>
    <AlignLeft>true</AlignLeft>
    <AlignRight>false</AlignRight>
  </Label>
  <Label item="STAnum">
    <ScreenID>STANumberLabel</ScreenID>
    <EQType>6</EQType>
    <Font>2</Font>
    <RelativePosition>true</RelativePosition>
    <Location>
      <X>25</X>
      <Y>11</Y>
    </Location>
    <Size>
      <CX>30</CX>
      <CY>14</CY>
    </Size>
    <Text>255</Text>
    <TextColor>
      <R>255</R>
      <G>255</G>
      <B>255</B>
    </TextColor>
    <NoWrap>true</NoWrap>
    <AlignRight>true</AlignRight>
    <AlignRight>false</AlignRight>
  </Label>
  <Label item="AGItxt">
    <ScreenID>AGILabel</ScreenID>
    <Font>2</Font>
    <RelativePosition>true</RelativePosition>
    <Location>
      <X>2</X>
      <Y>22</Y>
    </Location>
    <Size>
      <CX>40</CX>
      <CY>14</CY>
    </Size>
    <Text>AGI</Text>
    <TextColor>
      <R>50</R>
      <G>160</G>
      <B>250</B>
    </TextColor>
    <NoWrap>true</NoWrap>
    <AlignLeft>true</AlignLeft>
    <AlignRight>false</AlignRight>
  </Label>
  <Label item="AGInum">
    <ScreenID>AGINumberLabel</ScreenID>
    <EQType>8</EQType>
    <Font>2</Font>
    <RelativePosition>true</RelativePosition>
    <Location>
      <X>25</X>
      <Y>22</Y>
    </Location>
    <Size>
      <CX>30</CX>
      <CY>14</CY>
    </Size>
    <Text>255</Text>
    <TextColor>
      <R>255</R>
      <G>255</G>
      <B>255</B>
    </TextColor>
    <NoWrap>true</NoWrap>
    <AlignRight>true</AlignRight>
    <AlignRight>false</AlignRight>
  </Label>
  <Label item="DEXtxt">
    <ScreenID>DEXLabel</ScreenID>
    <Font>2</Font>
    <RelativePosition>true</RelativePosition>
    <Location>
      <X>2</X>
      <Y>33</Y>
    </Location>
    <Size>
      <CX>40</CX>
      <CY>14</CY>
    </Size>
    <Text>DEX</Text>
    <TextColor>
      <R>50</R>
      <G>160</G>
      <B>250</B>
    </TextColor>
    <NoWrap>true</NoWrap>
    <AlignLeft>true</AlignLeft>
    <AlignRight>false</AlignRight>
  </Label>
  <Label item="DEXnum">
    <ScreenID>DEXNumberLabel</ScreenID>
    <EQType>7</EQType>
    <Font>2</Font>
    <RelativePosition>true</RelativePosition>
    <Location>
      <X>25</X>
      <Y>33</Y>
    </Location>
    <Size>
      <CX>30</CX>
      <CY>14</CY>
    </Size>
    <Text>255</Text>
    <TextColor>
      <R>255</R>
      <G>255</G>
      <B>255</B>
    </TextColor>
    <NoWrap>true</NoWrap>
    <AlignRight>true</AlignRight>
    <AlignRight>false</AlignRight>
  </Label>
  <Label item="WIStxt">
    <ScreenID>WISLabel</ScreenID>
    <Font>2</Font>
    <RelativePosition>true</RelativePosition>
    <Location>
      <X>2</X>
      <Y>44</Y>
    </Location>
    <Size>
      <CX>40</CX>
      <CY>14</CY>
    </Size>
    <Text>WIS</Text>
    <TextColor>
      <R>50</R>
      <G>160</G>
      <B>250</B>
    </TextColor>
    <NoWrap>true</NoWrap>
    <AlignLeft>true</AlignLeft>
    <AlignRight>false</AlignRight>
  </Label>
  <Label item="WISnum">
    <ScreenID>WISNumberLabel</ScreenID>
    <EQType>9</EQType>
    <Font>2</Font>
    <RelativePosition>true</RelativePosition>
    <Location>
      <X>25</X>
      <Y>44</Y>
    </Location>
    <Size>
      <CX>30</CX>
      <CY>14</CY>
    </Size>
    <Text>255</Text>
    <TextColor>
      <R>255</R>
      <G>255</G>
      <B>255</B>
    </TextColor>
    <NoWrap>true</NoWrap>
    <AlignRight>true</AlignRight>
    <AlignRight>false</AlignRight>
  </Label>
  <Label item="CHAtxt">
    <ScreenID>CHALabel</ScreenID>
    <Font>2</Font>
    <RelativePosition>true</RelativePosition>
    <Location>
      <X>2</X>
      <Y>66</Y>
    </Location>
    <Size>
      <CX>40</CX>
      <CY>14</CY>
    </Size>
    <Text>CHA</Text>
    <TextColor>
      <R>50</R>
      <G>160</G>
      <B>250</B>
    </TextColor>
    <NoWrap>true</NoWrap>
    <AlignLeft>true</AlignLeft>
    <AlignRight>false</AlignRight>
  </Label>
  <Label item="CHAnum">
    <ScreenID>CHANumberLabel</ScreenID>
    <EQType>11</EQType>
    <Font>2</Font>
    <RelativePosition>true</RelativePosition>
    <Location>
      <X>25</X>
      <Y>66</Y>
    </Location>
    <Size>
      <CX>30</CX>
      <CY>14</CY>
    </Size>
    <Text>255</Text>
    <TextColor>
      <R>255</R>
      <G>255</G>
      <B>255</B>
    </TextColor>
    <NoWrap>true</NoWrap>
    <AlignRight>true</AlignRight>
    <AlignRight>false</AlignRight>
  </Label>
  <Label item="INTtxt">
    <ScreenID>INTLabel</ScreenID>
    <Font>2</Font>
    <RelativePosition>true</RelativePosition>
    <Location>
      <X>2</X>
      <Y>55</Y>
    </Location>
    <Size>
      <CX>40</CX>
      <CY>14</CY>
    </Size>
    <Text>INT</Text>
    <TextColor>
      <R>50</R>
      <G>160</G>
      <B>250</B>
    </TextColor>
    <NoWrap>true</NoWrap>
    <AlignLeft>true</AlignLeft>
    <AlignRight>false</AlignRight>
  </Label>
  <Label item="INTnum">
    <ScreenID>INTNumberLabel</ScreenID>
    <EQType>10</EQType>
    <Font>2</Font>
    <RelativePosition>true</RelativePosition>
    <Location>
      <X>25</X>
      <Y>55</Y>
    </Location>
    <Size>
      <CX>30</CX>
      <CY>14</CY>
    </Size>
    <Text>255</Text>
    <TextColor>
      <R>255</R>
      <G>255</G>
      <B>255</B>
    </TextColor>
    <NoWrap>true</NoWrap>
    <AlignRight>true</AlignRight>
    <AlignRight>false</AlignRight>
  </Label>
  <Label item="SvPnum">
    <ScreenID>PR_Numb</ScreenID>
    <Font>2</Font>
    <RelativePosition>true</RelativePosition>
    <Location>
      <X>105</X>
      <Y>66</Y>
    </Location>
    <Size>
      <CX>30</CX>
      <CY>15</CY>
    </Size>
    <EQType>12</EQType>
    <TextColor>
      <R>200</R>
      <G>200</G>
      <B>200</B>
    </TextColor>
    <NoWrap>true</NoWrap>
    <AlignRight>true</AlignRight>
  </Label>
  <Label item="SvPtxt">
    <Font>2</Font>
    <RelativePosition>true</RelativePosition>
    <Location>
      <X>65</X>
      <Y>66</Y>
    </Location>
    <Size>
      <CX>65</CX>
      <CY>15</CY>
    </Size>
    <Text>POISON</Text>
    <TextColor>
      <R>0</R>
      <G>130</G>
      <B>100</B>
    </TextColor>
    <NoWrap>true</NoWrap>
    <AlignLeft>true</AlignLeft>
  </Label>
  <Label item="SvMnum">
    <ScreenID>MR_Numb</ScreenID>
    <Font>2</Font>
    <RelativePosition>true</RelativePosition>
    <Location>
      <X>105</X>
      <Y>22</Y>
    </Location>
    <Size>
      <CX>30</CX>
      <CY>15</CY>
    </Size>
    <EQType>16</EQType>
    <TextColor>
      <R>200</R>
      <G>200</G>
      <B>200</B>
    </TextColor>
    <NoWrap>true</NoWrap>
    <AlignRight>true</AlignRight>
  </Label>
  <Label item="SvMtxt">
    <Font>2</Font>
    <RelativePosition>true</RelativePosition>
    <Location>
      <X>65</X>
      <Y>22</Y>
    </Location>
    <Size>
      <CX>65</CX>
      <CY>15</CY>
    </Size>
    <Text>MAGIC</Text>
    <TextColor>
      <R>195</R>
      <G>0</G>
      <B>185</B>
    </TextColor>
    <NoWrap>true</NoWrap>
    <AlignLeft>true</AlignLeft>
  </Label>
  <Label item="SvDnum">
    <ScreenID>DR_Numb</ScreenID>
    <Font>2</Font>
    <RelativePosition>true</RelativePosition>
    <Location>
      <X>105</X>
      <Y>55</Y>
    </Location>
    <Size>
      <CX>30</CX>
      <CY>15</CY>
    </Size>
    <EQType>13</EQType>
    <TextColor>
      <R>200</R>
      <G>200</G>
      <B>200</B>
    </TextColor>
    <NoWrap>true</NoWrap>
    <AlignRight>true</AlignRight>
  </Label>
  <Label item="SvDtxt">
    <Font>2</Font>
    <RelativePosition>true</RelativePosition>
    <Location>
      <X>65</X>
      <Y>55</Y>
    </Location>
    <Size>
      <CX>65</CX>
      <CY>15</CY>
    </Size>
    <Text>DISEASE</Text>
    <TextColor>
      <R>205</R>
      <G>205</G>
      <B>0</B>
    </TextColor>
    <NoWrap>true</NoWrap>
    <AlignLeft>true</AlignLeft>
  </Label>
  <Label item="SvFnum">
    <ScreenID>FR_Numb</ScreenID>
    <Font>2</Font>
    <RelativePosition>true</RelativePosition>
    <Location>
      <X>105</X>
      <Y>33</Y>
    </Location>
    <Size>
      <CX>30</CX>
      <CY>15</CY>
    </Size>
    <EQType>14</EQType>
    <TextColor>
      <R>200</R>
      <G>200</G>
      <B>200</B>
    </TextColor>
    <NoWrap>true</NoWrap>
    <AlignRight>true</AlignRight>
  </Label>
  <Label item="SvFtxt">
    <Font>2</Font>
    <RelativePosition>true</RelativePosition>
    <Location>
      <X>65</X>
      <Y>33</Y>
    </Location>
    <Size>
      <CX>65</CX>
      <CY>15</CY>
    </Size>
    <Text>FIRE</Text>
    <TextColor>
      <R>195</R>
      <G>20</G>
      <B>20</B>
    </TextColor>
    <NoWrap>true</NoWrap>
    <AlignLeft>true</AlignLeft>
  </Label>
  <Label item="SvCnum">
    <ScreenID>CR_Numb</ScreenID>
    <Font>2</Font>
    <RelativePosition>true</RelativePosition>
    <Location>
      <X>105</X>
      <Y>44</Y>
    </Location>
    <Size>
      <CX>30</CX>
      <CY>15</CY>
    </Size>
    <EQType>15</EQType>
    <TextColor>
      <R>200</R>
      <G>200</G>
      <B>200</B>
    </TextColor>
    <NoWrap>true</NoWrap>
    <AlignRight>true</AlignRight>
  </Label>
  <Label item="SvCtxt">
    <Font>2</Font>
    <RelativePosition>true</RelativePosition>
    <Location>
      <X>65</X>
      <Y>44</Y>
    </Location>
    <Size>
      <CX>95</CX>
      <CY>15</CY>
    </Size>
    <Text>COLD</Text>
    <TextColor>
      <R>0</R>
      <G>120</G>
      <B>255</B>
    </TextColor>
    <NoWrap>true</NoWrap>
    <AlignLeft>true</AlignLeft>
  </Label>
  <Label item="ATKtxt">
    <ScreenID>ATKLabel</ScreenID>
    <Font>2</Font>
    <RelativePosition>true</RelativePosition>
    <Location>
      <X>65</X>
      <Y>11</Y>
    </Location>
    <Size>
      <CX>40</CX>
      <CY>14</CY>
    </Size>
    <Text>ATK</Text>
    <TextColor>
      <R>200</R>
      <G>120</G>
      <B>145</B>
    </TextColor>
    <NoWrap>true</NoWrap>
    <AlignLeft>true</AlignLeft>
  </Label>
  <Label item="ATKnum">
    <ScreenID>ATKNumberLabel</ScreenID>
    <EQType>23</EQType>
    <Font>2</Font>
    <RelativePosition>true</RelativePosition>
    <Location>
      <X>105</X>
      <Y>11</Y>
    </Location>
    <Size>
      <CX>30</CX>
      <CY>14</CY>
    </Size>
    <Text>255</Text>
    <TextColor>
      <R>255</R>
      <G>255</G>
      <B>255</B>
    </TextColor>
    <NoWrap>true</NoWrap>
    <AlignRight>true</AlignRight>
    <AlignRight>false</AlignRight>
  </Label>
  <Label item="ACtxt">
    <ScreenID>ACLabel</ScreenID>
    <Font>2</Font>
    <RelativePosition>true</RelativePosition>
    <Location>
      <X>65</X>
      <Y>0</Y>
    </Location>
    <Size>
      <CX>40</CX>
      <CY>14</CY>
    </Size>
    <Text>AC</Text>
    <TextColor>
      <R>200</R>
      <G>120</G>
      <B>145</B>
    </TextColor>
    <NoWrap>true</NoWrap>
    <AlignLeft>true</AlignLeft>
    <AlignRight>false</AlignRight>
  </Label>
  <Label item="ACnum">
    <ScreenID>ACNumberLabel</ScreenID>
    <EQType>22</EQType>
    <Font>2</Font>
    <RelativePosition>true</RelativePosition>
    <Location>
      <X>105</X>
      <Y>0</Y>
    </Location>
    <Size>
      <CX>30</CX>
      <CY>14</CY>
    </Size>
    <Text>255</Text>
    <TextColor>
      <R>255</R>
      <G>255</G>
      <B>255</B>
    </TextColor>
    <NoWrap>true</NoWrap>
    <AlignRight>true</AlignRight>
    <AlignRight>false</AlignRight>
  </Label>
  <Page item="ActionsMainPage">
    <ScreenID>ActionsMainPage</ScreenID>
    <!--<Font>3</Font>-->
    <RelativePosition>true</RelativePosition>
    <Style_VScroll>false</Style_VScroll>
    <Style_HScroll>false</Style_HScroll>
    <Style_Transparent>false</Style_Transparent>
    <TooltipReference>Main Page</TooltipReference>
    <DrawTemplate>WDT_Def</DrawTemplate>
    <TabIcon>A_MainTabIcon</TabIcon>
    <TabIconActive>A_MainTabActiveIcon</TabIconActive>
    <Pieces>AMP_WhoButton</Pieces>
    <Pieces>AMP_InviteButton</Pieces>
    <Pieces>AMP_FollowButton</Pieces>
    <Pieces>AMP_DisbandButton</Pieces>
    <Pieces>AMP_CampButton</Pieces>
    <Pieces>AMP_SitButton</Pieces>
    <Pieces>AMP_StandButton</Pieces>
    <Pieces>AMP_RunButton</Pieces>
    <Pieces>AMP_WalkButton</Pieces>
    <Pieces>STRtxt</Pieces>
    <Pieces>STRnum</Pieces>
    <Pieces>STAtxt</Pieces>
    <Pieces>STAnum</Pieces>
    <Pieces>AGItxt</Pieces>
    <Pieces>AGInum</Pieces>
    <Pieces>DEXtxt</Pieces>
    <Pieces>DEXnum</Pieces>
    <Pieces>WIStxt</Pieces>
    <Pieces>WISnum</Pieces>
    <Pieces>INTtxt</Pieces>
    <Pieces>INTnum</Pieces>
    <Pieces>CHAtxt</Pieces>
    <Pieces>CHAnum</Pieces>
    <Pieces>SvMtxt</Pieces>
    <Pieces>SvMnum</Pieces>
    <Pieces>SvCtxt</Pieces>
    <Pieces>SvCnum</Pieces>
    <Pieces>SvFtxt</Pieces>
    <Pieces>SvFnum</Pieces>
    <Pieces>SvPtxt</Pieces>
    <Pieces>SvPnum</Pieces>
    <Pieces>SvDtxt</Pieces>
    <Pieces>SvDnum</Pieces>
    <Pieces>ACtxt</Pieces>
    <Pieces>ACnum</Pieces>
    <Pieces>ATKnum</Pieces>
    <Pieces>ATKtxt</Pieces>
  </Page>
  <!-- Actions Combat Page -->
  <Button item="ACP_MeleeAttackButton">
    <ScreenID>ACP_MeleeAttackButton</ScreenID>
    <Font>1</Font>
    <RelativePosition>true</RelativePosition>
    <Location>
      <X>25</X>
      <Y>10</Y>
    </Location>
    <Size>
      <CX>40</CX>
      <CY>40</CY>
    </Size>
    <Text>Melee Attack</Text>
    <TextColor>
      <R>255</R>
      <G>255</G>
      <B>255</B>
    </TextColor>
    <DecalSize>
      <CX>40</CX>
      <CY>40</CY>
    </DecalSize>
    <ButtonDrawTemplate>
      <Normal>A_SquareBtnNormal</Normal>
      <Pressed>A_SquareBtnPressed</Pressed>
      <Flyby>A_SquareBtnFlyby</Flyby>
      <Disabled>A_SquareBtnDisabled</Disabled>
      <PressedFlyby>A_SquareBtnPressedFlyby</PressedFlyby>
    </ButtonDrawTemplate>
  </Button>
  <Button item="ACP_RangeAttackButton">
    <ScreenID>ACP_RangeAttackButton</ScreenID>
    <Font>1</Font>
    <RelativePosition>true</RelativePosition>
    <Location>
      <X>71</X>
      <Y>10</Y>
    </Location>
    <Size>
      <CX>40</CX>
      <CY>40</CY>
    </Size>
    <Text>Range Attack</Text>
    <TextColor>
      <R>255</R>
      <G>255</G>
      <B>255</B>
    </TextColor>
    <DecalSize>
      <CX>40</CX>
      <CY>40</CY>
    </DecalSize>
    <ButtonDrawTemplate>
      <Normal>A_SquareBtnNormal</Normal>
      <Pressed>A_SquareBtnPressed</Pressed>
      <Flyby>A_SquareBtnFlyby</Flyby>
      <Disabled>A_SquareBtnDisabled</Disabled>
      <PressedFlyby>A_SquareBtnPressedFlyby</PressedFlyby>
    </ButtonDrawTemplate>
  </Button>
  <Button item="ACP_FirstAbilityButton">
    <ScreenID>ACP_FirstAbilityButton</ScreenID>
    <Font>1</Font>
    <RelativePosition>true</RelativePosition>
    <Location>
      <X>25</X>
      <Y>50</Y>
    </Location>
    <Size>
      <CX>40</CX>
      <CY>40</CY>
    </Size>
    <Text>1</Text>
    <TextColor>
      <R>255</R>
      <G>255</G>
      <B>255</B>
    </TextColor>
    <ButtonDrawTemplate>
      <Normal>A_SquareBtnNormal</Normal>
      <Pressed>A_SquareBtnPressed</Pressed>
      <Flyby>A_SquareBtnFlyby</Flyby>
      <Disabled>A_SquareBtnDisabled</Disabled>
      <PressedFlyby>A_SquareBtnPressedFlyby</PressedFlyby>
    </ButtonDrawTemplate>
  </Button>
  <Button item="ACP_SecondAbilityButton">
    <ScreenID>ACP_SecondAbilityButton</ScreenID>
    <Font>1</Font>
    <RelativePosition>true</RelativePosition>
    <Location>
      <X>71</X>
      <Y>50</Y>
    </Location>
    <Size>
      <CX>40</CX>
      <CY>40</CY>
    </Size>
    <Text>2</Text>
    <TextColor>
      <R>255</R>
      <G>255</G>
      <B>255</B>
    </TextColor>
    <ButtonDrawTemplate>
      <Normal>A_SquareBtnNormal</Normal>
      <Pressed>A_SquareBtnPressed</Pressed>
      <Flyby>A_SquareBtnFlyby</Flyby>
      <Disabled>A_SquareBtnDisabled</Disabled>
      <PressedFlyby>A_SquareBtnPressedFlyby</PressedFlyby>
    </ButtonDrawTemplate>
  </Button>
  <Button item="ACP_ThirdAbilityButton">
    <ScreenID>ACP_ThirdAbilityButton</ScreenID>
    <Font>1</Font>
    <RelativePosition>true</RelativePosition>
    <Location>
      <X>25</X>
      <Y>90</Y>
    </Location>
    <Size>
      <CX>40</CX>
      <CY>40</CY>
    </Size>
    <Text>3</Text>
    <TextColor>
      <R>255</R>
      <G>255</G>
      <B>255</B>
    </TextColor>
    <ButtonDrawTemplate>
      <Normal>A_SquareBtnNormal</Normal>
      <Pressed>A_SquareBtnPressed</Pressed>
      <Flyby>A_SquareBtnFlyby</Flyby>
      <Disabled>A_SquareBtnDisabled</Disabled>
      <PressedFlyby>A_SquareBtnPressedFlyby</PressedFlyby>
    </ButtonDrawTemplate>
  </Button>
  <Button item="ACP_FourthAbilityButton">
    <ScreenID>ACP_FourthAbilityButton</ScreenID>
    <Font>1</Font>
    <RelativePosition>true</RelativePosition>
    <Location>
      <X>71</X>
      <Y>90</Y>
    </Location>
    <Size>
      <CX>40</CX>
      <CY>40</CY>
    </Size>
    <Text>4</Text>
    <TextColor>
      <R>255</R>
      <G>255</G>
      <B>255</B>
    </TextColor>
    <ButtonDrawTemplate>
      <Normal>A_SquareBtnNormal</Normal>
      <Pressed>A_SquareBtnPressed</Pressed>
      <Flyby>A_SquareBtnFlyby</Flyby>
      <Disabled>A_SquareBtnDisabled</Disabled>
      <PressedFlyby>A_SquareBtnPressedFlyby</PressedFlyby>
    </ButtonDrawTemplate>
  </Button>
  <Page item="ActionsCombatPage">
    <ScreenID>ActionsCombatPage</ScreenID>
    <RelativePosition>true</RelativePosition>
    <Style_VScroll>false</Style_VScroll>
    <Style_HScroll>false</Style_HScroll>
    <Style_Transparent>false</Style_Transparent>
    <TooltipReference>Combat Page</TooltipReference>
    <DrawTemplate>WDT_Def</DrawTemplate>
    <TabIcon>A_CombatTabIcon</TabIcon>
    <TabIconActive>A_CombatTabActiveIcon</TabIconActive>
    <Pieces>ACP_MeleeAttackButton</Pieces>
    <Pieces>ACP_RangeAttackButton</Pieces>
    <Pieces>ACP_FirstAbilityButton</Pieces>
    <Pieces>ACP_SecondAbilityButton</Pieces>
    <Pieces>ACP_ThirdAbilityButton</Pieces>
    <Pieces>ACP_FourthAbilityButton</Pieces>
  </Page>
  <!-- Actions Abilities Page -->
  <Button item="AAP_FirstAbilityButton">
    <ScreenID>AAP_FirstAbilityButton</ScreenID>
    <Font>1</Font>
    <RelativePosition>true</RelativePosition>
    <Location>
      <X>25</X>
      <Y>10</Y>
    </Location>
    <Size>
      <CX>40</CX>
      <CY>40</CY>
    </Size>
    <Text>1</Text>
    <TextColor>
      <R>255</R>
      <G>255</G>
      <B>255</B>
    </TextColor>
    <ButtonDrawTemplate>
      <Normal>A_SquareBtnNormal</Normal>
      <Pressed>A_SquareBtnPressed</Pressed>
      <Flyby>A_SquareBtnFlyby</Flyby>
      <Disabled>A_SquareBtnDisabled</Disabled>
      <PressedFlyby>A_SquareBtnPressedFlyby</PressedFlyby>
    </ButtonDrawTemplate>
  </Button>
  <Button item="AAP_SecondAbilityButton">
    <ScreenID>AAP_SecondAbilityButton</ScreenID>
    <Font>1</Font>
    <RelativePosition>true</RelativePosition>
    <Location>
      <X>71</X>
      <Y>10</Y>
    </Location>
    <Size>
      <CX>40</CX>
      <CY>40</CY>
    </Size>
    <Text>2</Text>
    <TextColor>
      <R>255</R>
      <G>255</G>
      <B>255</B>
    </TextColor>
    <ButtonDrawTemplate>
      <Normal>A_SquareBtnNormal</Normal>
      <Pressed>A_SquareBtnPressed</Pressed>
      <Flyby>A_SquareBtnFlyby</Flyby>
      <Disabled>A_SquareBtnDisabled</Disabled>
      <PressedFlyby>A_SquareBtnPressedFlyby</PressedFlyby>
    </ButtonDrawTemplate>
  </Button>
  <Button item="AAP_ThirdAbilityButton">
    <ScreenID>AAP_ThirdAbilityButton</ScreenID>
    <Font>1</Font>
    <RelativePosition>true</RelativePosition>
    <Location>
      <X>25</X>
      <Y>50</Y>
    </Location>
    <Size>
      <CX>40</CX>
      <CY>40</CY>
    </Size>
    <Text>3</Text>
    <TextColor>
      <R>255</R>
      <G>255</G>
      <B>255</B>
    </TextColor>
    <ButtonDrawTemplate>
      <Normal>A_SquareBtnNormal</Normal>
      <Pressed>A_SquareBtnPressed</Pressed>
      <Flyby>A_SquareBtnFlyby</Flyby>
      <Disabled>A_SquareBtnDisabled</Disabled>
      <PressedFlyby>A_SquareBtnPressedFlyby</PressedFlyby>
    </ButtonDrawTemplate>
  </Button>
  <Button item="AAP_FourthAbilityButton">
    <ScreenID>AAP_FourthAbilityButton</ScreenID>
    <Font>1</Font>
    <RelativePosition>true</RelativePosition>
    <Location>
      <X>71</X>
      <Y>50</Y>
    </Location>
    <Size>
      <CX>40</CX>
      <CY>40</CY>
    </Size>
    <Text>4</Text>
    <TextColor>
      <R>255</R>
      <G>255</G>
      <B>255</B>
    </TextColor>
    <ButtonDrawTemplate>
      <Normal>A_SquareBtnNormal</Normal>
      <Pressed>A_SquareBtnPressed</Pressed>
      <Flyby>A_SquareBtnFlyby</Flyby>
      <Disabled>A_SquareBtnDisabled</Disabled>
      <PressedFlyby>A_SquareBtnPressedFlyby</PressedFlyby>
    </ButtonDrawTemplate>
  </Button>
  <Button item="AAP_FifthAbilityButton">
    <ScreenID>AAP_FifthAbilityButton</ScreenID>
    <Font>1</Font>
    <RelativePosition>true</RelativePosition>
    <Location>
      <X>25</X>
      <Y>90</Y>
    </Location>
    <Size>
      <CX>40</CX>
      <CY>40</CY>
    </Size>
    <Text>5</Text>
    <TextColor>
      <R>255</R>
      <G>255</G>
      <B>255</B>
    </TextColor>
    <ButtonDrawTemplate>
      <Normal>A_SquareBtnNormal</Normal>
      <Pressed>A_SquareBtnPressed</Pressed>
      <Flyby>A_SquareBtnFlyby</Flyby>
      <Disabled>A_SquareBtnDisabled</Disabled>
      <PressedFlyby>A_SquareBtnPressedFlyby</PressedFlyby>
    </ButtonDrawTemplate>
  </Button>
  <Button item="AAP_SixthAbilityButton">
    <ScreenID>AAP_SixthAbilityButton</ScreenID>
    <Font>1</Font>
    <RelativePosition>true</RelativePosition>
    <Location>
      <X>71</X>
      <Y>90</Y>
    </Location>
    <Size>
      <CX>40</CX>
      <CY>40</CY>
    </Size>
    <Text>6</Text>
    <TextColor>
      <R>255</R>
      <G>255</G>
      <B>255</B>
    </TextColor>
    <ButtonDrawTemplate>
      <Normal>A_SquareBtnNormal</Normal>
      <Pressed>A_SquareBtnPressed</Pressed>
      <Flyby>A_SquareBtnFlyby</Flyby>
      <Disabled>A_SquareBtnDisabled</Disabled>
      <PressedFlyby>A_SquareBtnPressedFlyby</PressedFlyby>
    </ButtonDrawTemplate>
  </Button>
  <Page item="ActionsAbilitiesPage">
    <ScreenID>ActionsAbilitiesPage</ScreenID>
    <!--<Font>3</Font>-->
    <RelativePosition>true</RelativePosition>
    <Style_VScroll>false</Style_VScroll>
    <Style_HScroll>false</Style_HScroll>
    <Style_Transparent>false</Style_Transparent>
    <TooltipReference>Abilities Page</TooltipReference>
    <DrawTemplate>WDT_Def</DrawTemplate>
    <TabIcon>A_AbilitiesTabIcon</TabIcon>
    <TabIconActive>A_AbilitiesTabActiveIcon</TabIconActive>
    <Pieces>AAP_FirstAbilityButton</Pieces>
    <Pieces>AAP_SecondAbilityButton</Pieces>
    <Pieces>AAP_ThirdAbilityButton</Pieces>
    <Pieces>AAP_FourthAbilityButton</Pieces>
    <Pieces>AAP_FifthAbilityButton</Pieces>
    <Pieces>AAP_SixthAbilityButton</Pieces>
  </Page>
  <!-- TabBox Brings all the Actions Pages Together -->
  <TabBox item="ACTW_ActionsSubwindows">
    <ScreenID>ACTW_ActionsSubwindows</ScreenID>
    <!--<Font>3</Font>-->
    <RelativePosition>true</RelativePosition>
    <AutoStretch>true</AutoStretch>
    <TopAnchorToTop>true</TopAnchorToTop>
    <BottomAnchorToTop>false</BottomAnchorToTop>
    <LeftAnchorToLeft>true</LeftAnchorToLeft>
    <RightAnchorToLeft>false</RightAnchorToLeft>
    <TabBorderTemplate>FT_DefTabBorder</TabBorderTemplate>
    <PageBorderTemplate>FT_DefPageBorder</PageBorderTemplate>
    <Pages>ActionsMainPage</Pages>
    <Pages>ActionsAbilitiesPage</Pages>
    <Pages>ActionsCombatPage</Pages>
    <Pages>ActionsSocialsPage</Pages>
  </TabBox>
  <Screen item="ActionsWindow">
    <!--<ScreenID/>-->
    <!--<Font>3</Font>-->
    <RelativePosition>false</RelativePosition>
    <Location>
      <X>516</X>
      <Y>292</Y>
    </Location>
    <Size>
      <CX>144</CX>
      <CY>175</CY>
    </Size>
    <Text>Actions</Text>
    <Style_VScroll>false</Style_VScroll>
    <Style_HScroll>false</Style_HScroll>
    <Style_Transparent>false</Style_Transparent>
    <!--<TooltipReference/>-->
    <DrawTemplate>WDT_RoundedNoTitle</DrawTemplate>
    <Style_Titlebar>false</Style_Titlebar>
    <Style_Closebox>true</Style_Closebox>
    <Style_Minimizebox>false</Style_Minimizebox>
    <Style_Border>true</Style_Border>
    <Style_Sizable>false</Style_Sizable>
    <Pieces>ACTW_ActionsSubwindows</Pieces>
  </Screen>
</XML>