<?xml version="1.0" encoding="us-ascii"?>
<XML ID="EQInterfaceDefinitionLanguage">
  <Schema xmlns="EverQuestData" xmlns:dt="EverQuestDataTypes" />
  <Ui2DAnimation item="HB_SpellGemHolder">
    <Frames>
      <Texture>classic_pieces01.tga</Texture>
      <Location>
        <X>40</X>
        <Y>117</Y>
      </Location>
      <Size>
        <CX>40</CX>
        <CY>40</CY>
      </Size>
    </Frames>
  </Ui2DAnimation>
  <Button item="HB_PageLeftButton">
    <ScreenID>HB_PageLeftButton</ScreenID>
    <Font>1</Font>
    <RelativePosition>true</RelativePosition>
    <Location>
      <X>-1</X>
      <Y>-1</Y>
    </Location>
    <Size>
      <CX>1</CX>
      <CY>1</CY>
    </Size>
    <Text />
    <TextColor>
      <R>255</R>
      <G>255</G>
      <B>255</B>
    </TextColor>
    <ButtonDrawTemplate>
      <Normal>A_HSBLeftNormal</Normal>
      <Pressed>A_HSBLeftPressed</Pressed>
      <Flyby>A_HSBLeftFlyby</Flyby>
      <Disabled>A_HSBLeftDisabled</Disabled>
      <PressedFlyby>A_HSBLeftPressedFlyby</PressedFlyby>
    </ButtonDrawTemplate>
  </Button>
  <Label item="HB_CurrentPageLabel">
    <ScreenID>HB_CurrentPageLabel</ScreenID>
    <Font>1</Font>
    <RelativePosition>true</RelativePosition>
    <Location>
      <X>-1</X>
      <Y>-1</Y>
    </Location>
    <Size>
      <CX>1</CX>
      <CY>1</CY>
    </Size>
    <Text>1</Text>
    <TextColor>
      <R>255</R>
      <G>255</G>
      <B>255</B>
    </TextColor>
    <NoWrap>false</NoWrap>
    <AlignCenter>true</AlignCenter>
    <AlignRight>false</AlignRight>
  </Label>
  <Button item="HB_PageRightButton">
    <ScreenID>HB_PageRightButton</ScreenID>
    <Font>1</Font>
    <RelativePosition>true</RelativePosition>
    <Location>
      <X>-1</X>
      <Y>-1</Y>
    </Location>
    <Size>
      <CX>1</CX>
      <CY>1</CY>
    </Size>
    <Text />
    <TextColor>
      <R>255</R>
      <G>255</G>
      <B>255</B>
    </TextColor>
    <ButtonDrawTemplate>
      <Normal>A_HSBRightNormal</Normal>
      <Pressed>A_HSBRightPressed</Pressed>
      <Flyby>A_HSBRightFlyby</Flyby>
      <Disabled>A_HSBRightDisabled</Disabled>
      <PressedFlyby>A_HSBRightPressedFlyby</PressedFlyby>
    </ButtonDrawTemplate>
  </Button>
  <Button item="HB_Button1">
    <ScreenID>HB_Button1</ScreenID>
    <Font>1</Font>
    <RelativePosition>true</RelativePosition>
    <Location>
      <X>1</X>
      <Y>1</Y>
    </Location>
    <Size>
      <CX>40</CX>
      <CY>40</CY>
    </Size>
    <Text>1</Text>
    <TextColor>
      <R>255</R>
      <G>255</G>
      <B>255</B>
      <Alpha>255</Alpha>
    </TextColor>
    <DecalSize>
      <CX>40</CX>
      <CY>40</CY>
    </DecalSize>
    <ButtonDrawTemplate>
      <Normal>A_SquareBtnNormal</Normal>
      <PressedFlyby>dz41</PressedFlyby>
      <Pressed>dz40</Pressed>
      <Flyby>A_SquareBtnFlyby</Flyby>
      <Disabled>A_SquareBtnDisabled</Disabled>
    </ButtonDrawTemplate>
  </Button>
  <Button item="HB_Button2">
    <ScreenID>HB_Button2</ScreenID>
    <Font>1</Font>
    <RelativePosition>true</RelativePosition>
    <Location>
      <X>42</X>
      <Y>1</Y>
    </Location>
    <Size>
      <CX>40</CX>
      <CY>40</CY>
    </Size>
    <Text>2</Text>
    <TextColor>
      <R>255</R>
      <G>255</G>
      <B>255</B>
      <Alpha>255</Alpha>
    </TextColor>
    <DecalSize>
      <CX>40</CX>
      <CY>40</CY>
    </DecalSize>
    <ButtonDrawTemplate>
      <Normal>A_SquareBtnNormal</Normal>
      <PressedFlyby>dz41</PressedFlyby>
      <Pressed>dz40</Pressed>
      <Flyby>A_SquareBtnFlyby</Flyby>
      <Disabled>A_SquareBtnDisabled</Disabled>
    </ButtonDrawTemplate>
  </Button>
  <Button item="HB_Button3">
    <ScreenID>HB_Button3</ScreenID>
    <Font>1</Font>
    <RelativePosition>true</RelativePosition>
    <Location>
      <X>1</X>
      <Y>42</Y>
    </Location>
    <Size>
      <CX>40</CX>
      <CY>40</CY>
    </Size>
    <Text>3</Text>
    <TextColor>
      <R>255</R>
      <G>255</G>
      <B>255</B>
      <Alpha>255</Alpha>
    </TextColor>
    <DecalSize>
      <CX>40</CX>
      <CY>40</CY>
    </DecalSize>
    <ButtonDrawTemplate>
      <Normal>A_SquareBtnNormal</Normal>
      <PressedFlyby>dz41</PressedFlyby>
      <Pressed>dz40</Pressed>
      <Flyby>A_SquareBtnFlyby</Flyby>
      <Disabled>A_SquareBtnDisabled</Disabled>
    </ButtonDrawTemplate>
  </Button>
  <Button item="HB_Button4">
    <ScreenID>HB_Button4</ScreenID>
    <Font>1</Font>
    <RelativePosition>true</RelativePosition>
    <Location>
      <X>42</X>
      <Y>42</Y>
    </Location>
    <Size>
      <CX>40</CX>
      <CY>40</CY>
    </Size>
    <Text>4</Text>
    <TextColor>
      <R>255</R>
      <G>255</G>
      <B>255</B>
      <Alpha>255</Alpha>
    </TextColor>
    <DecalSize>
      <CX>40</CX>
      <CY>40</CY>
    </DecalSize>
    <ButtonDrawTemplate>
      <Normal>A_SquareBtnNormal</Normal>
      <PressedFlyby>dz41</PressedFlyby>
      <Pressed>dz40</Pressed>
      <Flyby>A_SquareBtnFlyby</Flyby>
      <Disabled>A_SquareBtnDisabled</Disabled>
    </ButtonDrawTemplate>
  </Button>
  <Button item="HB_Button5">
    <ScreenID>HB_Button5</ScreenID>
    <Font>1</Font>
    <RelativePosition>true</RelativePosition>
    <Location>
      <X>1</X>
      <Y>83</Y>
    </Location>
    <Size>
      <CX>40</CX>
      <CY>40</CY>
    </Size>
    <Text>5</Text>
    <TextColor>
      <R>255</R>
      <G>255</G>
      <B>255</B>
      <Alpha>255</Alpha>
    </TextColor>
    <DecalSize>
      <CX>40</CX>
      <CY>40</CY>
    </DecalSize>
    <ButtonDrawTemplate>
      <Normal>A_SquareBtnNormal</Normal>
      <PressedFlyby>dz41</PressedFlyby>
      <Pressed>dz40</Pressed>
      <Flyby>A_SquareBtnFlyby</Flyby>
      <Disabled>A_SquareBtnDisabled</Disabled>
    </ButtonDrawTemplate>
  </Button>
  <Button item="HB_Button6">
    <ScreenID>HB_Button6</ScreenID>
    <Font>1</Font>
    <RelativePosition>true</RelativePosition>
    <Location>
      <X>42</X>
      <Y>83</Y>
    </Location>
    <Size>
      <CX>40</CX>
      <CY>40</CY>
    </Size>
    <Text>6</Text>
    <TextColor>
      <R>255</R>
      <G>255</G>
      <B>255</B>
      <Alpha>255</Alpha>
    </TextColor>
    <DecalSize>
      <CX>40</CX>
      <CY>40</CY>
    </DecalSize>
    <ButtonDrawTemplate>
      <Normal>A_SquareBtnNormal</Normal>
      <PressedFlyby>dz41</PressedFlyby>
      <Pressed>dz40</Pressed>
      <Flyby>A_SquareBtnFlyby</Flyby>
      <Disabled>A_SquareBtnDisabled</Disabled>
    </ButtonDrawTemplate>
  </Button>
  <Button item="HB_Button7">
    <ScreenID>HB_Button7</ScreenID>
    <Font>1</Font>
    <RelativePosition>true</RelativePosition>
    <Location>
      <X>1</X>
      <Y>124</Y>
    </Location>
    <Size>
      <CX>40</CX>
      <CY>40</CY>
    </Size>
    <Text>7</Text>
    <TextColor>
      <R>255</R>
      <G>255</G>
      <B>255</B>
      <Alpha>255</Alpha>
    </TextColor>
    <DecalSize>
      <CX>40</CX>
      <CY>40</CY>
    </DecalSize>
    <ButtonDrawTemplate>
      <Normal>A_SquareBtnNormal</Normal>
      <PressedFlyby>dz41</PressedFlyby>
      <Pressed>dz40</Pressed>
      <Flyby>A_SquareBtnFlyby</Flyby>
      <Disabled>A_SquareBtnDisabled</Disabled>
    </ButtonDrawTemplate>
  </Button>
  <Button item="HB_Button8">
    <ScreenID>HB_Button8</ScreenID>
    <Font>1</Font>
    <RelativePosition>true</RelativePosition>
    <Location>
      <X>42</X>
      <Y>124</Y>
    </Location>
    <Size>
      <CX>40</CX>
      <CY>40</CY>
    </Size>
    <Text>8</Text>
    <TextColor>
      <R>255</R>
      <G>255</G>
      <B>255</B>
      <Alpha>255</Alpha>
    </TextColor>
    <DecalSize>
      <CX>40</CX>
      <CY>40</CY>
    </DecalSize>
    <ButtonDrawTemplate>
      <Normal>A_SquareBtnNormal</Normal>
      <PressedFlyby>dz41</PressedFlyby>
      <Pressed>dz40</Pressed>
      <Flyby>A_SquareBtnFlyby</Flyby>
      <Disabled>A_SquareBtnDisabled</Disabled>
    </ButtonDrawTemplate>
  </Button>
  <Button item="HB_Button9">
    <ScreenID>HB_Button9</ScreenID>
    <Font>1</Font>
    <RelativePosition>true</RelativePosition>
    <Location>
      <X>1</X>
      <Y>165</Y>
    </Location>
    <Size>
      <CX>40</CX>
      <CY>40</CY>
    </Size>
    <Text>9</Text>
    <TextColor>
      <R>255</R>
      <G>255</G>
      <B>255</B>
      <Alpha>255</Alpha>
    </TextColor>
    <DecalSize>
      <CX>40</CX>
      <CY>40</CY>
    </DecalSize>
    <ButtonDrawTemplate>
      <Normal>A_SquareBtnNormal</Normal>
      <PressedFlyby>dz41</PressedFlyby>
      <Pressed>dz40</Pressed>
      <Flyby>A_SquareBtnFlyby</Flyby>
      <Disabled>A_SquareBtnDisabled</Disabled>
    </ButtonDrawTemplate>
  </Button>
  <Button item="HB_Button10">
    <ScreenID>HB_Button10</ScreenID>
    <Font>1</Font>
    <RelativePosition>true</RelativePosition>
    <Location>
      <X>42</X>
      <Y>165</Y>
    </Location>
    <Size>
      <CX>40</CX>
      <CY>40</CY>
    </Size>
    <Text>10</Text>
    <TextColor>
      <R>255</R>
      <G>255</G>
      <B>255</B>
      <Alpha>255</Alpha>
    </TextColor>
    <DecalSize>
      <CX>40</CX>
      <CY>40</CY>
    </DecalSize>
    <ButtonDrawTemplate>
      <Normal>A_SquareBtnNormal</Normal>
      <PressedFlyby>dz41</PressedFlyby>
      <Pressed>dz40</Pressed>
      <Flyby>A_SquareBtnFlyby</Flyby>
      <Disabled>A_SquareBtnDisabled</Disabled>
    </ButtonDrawTemplate>
  </Button>
  <InvSlot item="HB_InvSlot1">
    <ScreenID>HB_InvSlot1</ScreenID>
    <RelativePosition>true</RelativePosition>
    <Location>
      <X>1</X>
      <Y>1</Y>
    </Location>
    <Size>
      <CX>40</CX>
      <CY>40</CY>
    </Size>
    <TextColor>
      <R>255</R>
      <G>255</G>
      <B>255</B>
      <Alpha>255</Alpha>
    </TextColor>
    <Background>dz40</Background>
    <EQType>-1</EQType>
    <Style_VScroll>false</Style_VScroll>
    <Style_HScroll>false</Style_HScroll>
    <Style_Transparent>false</Style_Transparent>
  </InvSlot>
  <InvSlot item="HB_InvSlot2">
    <ScreenID>HB_InvSlot2</ScreenID>
    <RelativePosition>true</RelativePosition>
    <Location>
      <X>42</X>
      <Y>1</Y>
    </Location>
    <Size>
      <CX>40</CX>
      <CY>40</CY>
    </Size>
    <TextColor>
      <R>255</R>
      <G>255</G>
      <B>255</B>
      <Alpha>255</Alpha>
    </TextColor>
    <Background>dz40</Background>
    <EQType>-1</EQType>
    <Style_VScroll>false</Style_VScroll>
    <Style_HScroll>false</Style_HScroll>
    <Style_Transparent>false</Style_Transparent>
  </InvSlot>
  <InvSlot item="HB_InvSlot3">
    <ScreenID>HB_InvSlot3</ScreenID>
    <RelativePosition>true</RelativePosition>
    <Location>
      <X>1</X>
      <Y>42</Y>
    </Location>
    <Size>
      <CX>40</CX>
      <CY>40</CY>
    </Size>
    <TextColor>
      <R>255</R>
      <G>255</G>
      <B>255</B>
      <Alpha>255</Alpha>
    </TextColor>
    <Background>dz40</Background>
    <EQType>-1</EQType>
    <Style_VScroll>false</Style_VScroll>
    <Style_HScroll>false</Style_HScroll>
    <Style_Transparent>false</Style_Transparent>
  </InvSlot>
  <InvSlot item="HB_InvSlot4">
    <ScreenID>HB_InvSlot4</ScreenID>
    <RelativePosition>true</RelativePosition>
    <Location>
      <X>42</X>
      <Y>42</Y>
    </Location>
    <Size>
      <CX>40</CX>
      <CY>40</CY>
    </Size>
    <TextColor>
      <R>255</R>
      <G>255</G>
      <B>255</B>
      <Alpha>255</Alpha>
    </TextColor>
    <Background>dz40</Background>
    <EQType>-1</EQType>
    <Style_VScroll>false</Style_VScroll>
    <Style_HScroll>false</Style_HScroll>
    <Style_Transparent>false</Style_Transparent>
  </InvSlot>
  <InvSlot item="HB_InvSlot5">
    <ScreenID>HB_InvSlot5</ScreenID>
    <RelativePosition>true</RelativePosition>
    <Location>
      <X>1</X>
      <Y>83</Y>
    </Location>
    <Size>
      <CX>40</CX>
      <CY>40</CY>
    </Size>
    <TextColor>
      <R>255</R>
      <G>255</G>
      <B>255</B>
      <Alpha>255</Alpha>
    </TextColor>
    <Background>dz40</Background>
    <EQType>-1</EQType>
    <Style_VScroll>false</Style_VScroll>
    <Style_HScroll>false</Style_HScroll>
    <Style_Transparent>false</Style_Transparent>
  </InvSlot>
  <InvSlot item="HB_InvSlot6">
    <ScreenID>HB_InvSlot6</ScreenID>
    <RelativePosition>true</RelativePosition>
    <Location>
      <X>42</X>
      <Y>83</Y>
    </Location>
    <Size>
      <CX>40</CX>
      <CY>40</CY>
    </Size>
    <TextColor>
      <R>255</R>
      <G>255</G>
      <B>255</B>
      <Alpha>255</Alpha>
    </TextColor>
    <Background>dz40</Background>
    <EQType>-1</EQType>
    <Style_VScroll>false</Style_VScroll>
    <Style_HScroll>false</Style_HScroll>
    <Style_Transparent>false</Style_Transparent>
  </InvSlot>
  <InvSlot item="HB_InvSlot7">
    <ScreenID>HB_InvSlot7</ScreenID>
    <RelativePosition>true</RelativePosition>
    <Location>
      <X>1</X>
      <Y>124</Y>
    </Location>
    <Size>
      <CX>40</CX>
      <CY>40</CY>
    </Size>
    <TextColor>
      <R>255</R>
      <G>255</G>
      <B>255</B>
      <Alpha>255</Alpha>
    </TextColor>
    <Background>dz40</Background>
    <EQType>-1</EQType>
    <Style_VScroll>false</Style_VScroll>
    <Style_HScroll>false</Style_HScroll>
    <Style_Transparent>false</Style_Transparent>
  </InvSlot>
  <InvSlot item="HB_InvSlot8">
    <ScreenID>HB_InvSlot8</ScreenID>
    <RelativePosition>true</RelativePosition>
    <Location>
      <X>42</X>
      <Y>124</Y>
    </Location>
    <Size>
      <CX>40</CX>
      <CY>40</CY>
    </Size>
    <TextColor>
      <R>255</R>
      <G>255</G>
      <B>255</B>
      <Alpha>255</Alpha>
    </TextColor>
    <Background>dz40</Background>
    <EQType>-1</EQType>
    <Style_VScroll>false</Style_VScroll>
    <Style_HScroll>false</Style_HScroll>
    <Style_Transparent>false</Style_Transparent>
  </InvSlot>
  <InvSlot item="HB_InvSlot9">
    <ScreenID>HB_InvSlot9</ScreenID>
    <RelativePosition>true</RelativePosition>
    <Location>
      <X>1</X>
      <Y>165</Y>
    </Location>
    <Size>
      <CX>40</CX>
      <CY>40</CY>
    </Size>
    <TextColor>
      <R>255</R>
      <G>255</G>
      <B>255</B>
      <Alpha>255</Alpha>
    </TextColor>
    <Background>dz40</Background>
    <EQType>-1</EQType>
    <Style_VScroll>false</Style_VScroll>
    <Style_HScroll>false</Style_HScroll>
    <Style_Transparent>false</Style_Transparent>
  </InvSlot>
  <InvSlot item="HB_InvSlot10">
    <ScreenID>HB_InvSlot10</ScreenID>
    <RelativePosition>true</RelativePosition>
    <Location>
      <X>42</X>
      <Y>165</Y>
    </Location>
    <Size>
      <CX>40</CX>
      <CY>40</CY>
    </Size>
    <TextColor>
      <R>255</R>
      <G>255</G>
      <B>255</B>
      <Alpha>255</Alpha>
    </TextColor>
    <Background>dz40</Background>
    <EQType>-1</EQType>
    <Style_VScroll>false</Style_VScroll>
    <Style_HScroll>false</Style_HScroll>
    <Style_Transparent>false</Style_Transparent>
  </InvSlot>
  <SpellGem item="HB_SpellGem1">
    <ScreenID>HB_SpellGem1</ScreenID>
    <RelativePosition>true</RelativePosition>
    <Location>
      <X>1</X>
      <Y>1</Y>
    </Location>
    <Size>
      <CX>40</CX>
      <CY>40</CY>
    </Size>
    <TextColor>
      <R>255</R>
      <G>255</G>
      <B>255</B>
      <Alpha>255</Alpha>
    </TextColor>
    <SpellGemDrawTemplate>
      <Holder>HB_SpellGemHolder</Holder>
      <Background>A_BtnFlyby</Background>
    </SpellGemDrawTemplate>
    <SpellIconOffsetX>7</SpellIconOffsetX>
    <SpellIconOffsetY>7</SpellIconOffsetY>
  </SpellGem>
  <SpellGem item="HB_SpellGem2">
    <ScreenID>HB_SpellGem2</ScreenID>
    <RelativePosition>true</RelativePosition>
    <Location>
      <X>42</X>
      <Y>1</Y>
    </Location>
    <Size>
      <CX>40</CX>
      <CY>40</CY>
    </Size>
    <TextColor>
      <R>255</R>
      <G>255</G>
      <B>255</B>
      <Alpha>255</Alpha>
    </TextColor>
    <SpellGemDrawTemplate>
      <Holder>HB_SpellGemHolder</Holder>
      <Background>A_BtnFlyby</Background>
    </SpellGemDrawTemplate>
    <SpellIconOffsetX>7</SpellIconOffsetX>
    <SpellIconOffsetY>7</SpellIconOffsetY>
  </SpellGem>
  <SpellGem item="HB_SpellGem3">
    <ScreenID>HB_SpellGem3</ScreenID>
    <RelativePosition>true</RelativePosition>
    <Location>
      <X>1</X>
      <Y>42</Y>
    </Location>
    <Size>
      <CX>40</CX>
      <CY>40</CY>
    </Size>
    <TextColor>
      <R>255</R>
      <G>255</G>
      <B>255</B>
      <Alpha>255</Alpha>
    </TextColor>
    <SpellGemDrawTemplate>
      <Holder>HB_SpellGemHolder</Holder>
      <Background>A_BtnFlyby</Background>
    </SpellGemDrawTemplate>
    <SpellIconOffsetX>7</SpellIconOffsetX>
    <SpellIconOffsetY>7</SpellIconOffsetY>
  </SpellGem>
  <SpellGem item="HB_SpellGem4">
    <ScreenID>HB_SpellGem4</ScreenID>
    <RelativePosition>true</RelativePosition>
    <Location>
      <X>42</X>
      <Y>42</Y>
    </Location>
    <Size>
      <CX>40</CX>
      <CY>40</CY>
    </Size>
    <TextColor>
      <R>255</R>
      <G>255</G>
      <B>255</B>
      <Alpha>255</Alpha>
    </TextColor>
    <SpellGemDrawTemplate>
      <Holder>HB_SpellGemHolder</Holder>
      <Background>A_BtnFlyby</Background>
    </SpellGemDrawTemplate>
    <SpellIconOffsetX>7</SpellIconOffsetX>
    <SpellIconOffsetY>7</SpellIconOffsetY>
  </SpellGem>
  <SpellGem item="HB_SpellGem5">
    <ScreenID>HB_SpellGem5</ScreenID>
    <RelativePosition>true</RelativePosition>
    <Location>
      <X>1</X>
      <Y>83</Y>
    </Location>
    <Size>
      <CX>40</CX>
      <CY>40</CY>
    </Size>
    <TextColor>
      <R>255</R>
      <G>255</G>
      <B>255</B>
      <Alpha>255</Alpha>
    </TextColor>
    <SpellGemDrawTemplate>
      <Holder>HB_SpellGemHolder</Holder>
      <Background>A_BtnFlyby</Background>
    </SpellGemDrawTemplate>
    <SpellIconOffsetX>7</SpellIconOffsetX>
    <SpellIconOffsetY>7</SpellIconOffsetY>
  </SpellGem>
  <SpellGem item="HB_SpellGem6">
    <ScreenID>HB_SpellGem6</ScreenID>
    <RelativePosition>true</RelativePosition>
    <Location>
      <X>42</X>
      <Y>83</Y>
    </Location>
    <Size>
      <CX>40</CX>
      <CY>40</CY>
    </Size>
    <TextColor>
      <R>255</R>
      <G>255</G>
      <B>255</B>
      <Alpha>255</Alpha>
    </TextColor>
    <SpellGemDrawTemplate>
      <Holder>HB_SpellGemHolder</Holder>
      <Background>A_BtnFlyby</Background>
    </SpellGemDrawTemplate>
    <SpellIconOffsetX>7</SpellIconOffsetX>
    <SpellIconOffsetY>7</SpellIconOffsetY>
  </SpellGem>
  <SpellGem item="HB_SpellGem7">
    <ScreenID>HB_SpellGem7</ScreenID>
    <RelativePosition>true</RelativePosition>
    <Location>
      <X>1</X>
      <Y>124</Y>
    </Location>
    <Size>
      <CX>40</CX>
      <CY>40</CY>
    </Size>
    <TextColor>
      <R>255</R>
      <G>255</G>
      <B>255</B>
      <Alpha>255</Alpha>
    </TextColor>
    <SpellGemDrawTemplate>
      <Holder>HB_SpellGemHolder</Holder>
      <Background>A_BtnFlyby</Background>
    </SpellGemDrawTemplate>
    <SpellIconOffsetX>7</SpellIconOffsetX>
    <SpellIconOffsetY>7</SpellIconOffsetY>
  </SpellGem>
  <SpellGem item="HB_SpellGem8">
    <ScreenID>HB_SpellGem8</ScreenID>
    <RelativePosition>true</RelativePosition>
    <Location>
      <X>42</X>
      <Y>124</Y>
    </Location>
    <Size>
      <CX>40</CX>
      <CY>40</CY>
    </Size>
    <TextColor>
      <R>255</R>
      <G>255</G>
      <B>255</B>
      <Alpha>255</Alpha>
    </TextColor>
    <SpellGemDrawTemplate>
      <Holder>HB_SpellGemHolder</Holder>
      <Background>A_BtnFlyby</Background>
    </SpellGemDrawTemplate>
    <SpellIconOffsetX>7</SpellIconOffsetX>
    <SpellIconOffsetY>7</SpellIconOffsetY>
  </SpellGem>
  <SpellGem item="HB_SpellGem9">
    <ScreenID>HB_SpellGem9</ScreenID>
    <RelativePosition>true</RelativePosition>
    <Location>
      <X>1</X>
      <Y>165</Y>
    </Location>
    <Size>
      <CX>40</CX>
      <CY>40</CY>
    </Size>
    <TextColor>
      <R>255</R>
      <G>255</G>
      <B>255</B>
      <Alpha>255</Alpha>
    </TextColor>
    <SpellGemDrawTemplate>
      <Holder>HB_SpellGemHolder</Holder>
      <Background>A_BtnFlyby</Background>
    </SpellGemDrawTemplate>
    <SpellIconOffsetX>7</SpellIconOffsetX>
    <SpellIconOffsetY>7</SpellIconOffsetY>
  </SpellGem>
  <SpellGem item="HB_SpellGem10">
    <ScreenID>HB_SpellGem10</ScreenID>
    <RelativePosition>true</RelativePosition>
    <Location>
      <X>42</X>
      <Y>165</Y>
    </Location>
    <Size>
      <CX>40</CX>
      <CY>40</CY>
    </Size>
    <TextColor>
      <R>255</R>
      <G>255</G>
      <B>255</B>
      <Alpha>255</Alpha>
    </TextColor>
    <SpellGemDrawTemplate>
      <Holder>HB_SpellGemHolder</Holder>
      <Background>A_BtnFlyby</Background>
    </SpellGemDrawTemplate>
    <SpellIconOffsetX>7</SpellIconOffsetX>
    <SpellIconOffsetY>7</SpellIconOffsetY>
  </SpellGem>
  <InvSlot item="Newslot1">
    <ScreenID>Newslot1</ScreenID>
    <RelativePosition>true</RelativePosition>
    <Location>
      <X>83</X>
      <Y>42</Y>
    </Location>
    <Size>
      <CX>40</CX>
      <CY>40</CY>
    </Size>
    <Background>A_dzB1</Background>
    <EQType>22</EQType>
    <Style_VScroll>false</Style_VScroll>
    <Style_HScroll>false</Style_HScroll>
    <Style_Transparent>false</Style_Transparent>
  </InvSlot>
  <InvSlot item="Newslot2">
    <ScreenID>Newslot2</ScreenID>
    <RelativePosition>true</RelativePosition>
    <Location>
      <X>83</X>
      <Y>83</Y>
    </Location>
    <Size>
      <CX>40</CX>
      <CY>40</CY>
    </Size>
    <Background>A_dzB2</Background>
    <EQType>23</EQType>
    <Style_VScroll>false</Style_VScroll>
    <Style_HScroll>false</Style_HScroll>
    <Style_Transparent>false</Style_Transparent>
  </InvSlot>
  <InvSlot item="Newslot3">
    <ScreenID>Newslot3</ScreenID>
    <RelativePosition>true</RelativePosition>
    <Location>
      <X>83</X>
      <Y>124</Y>
    </Location>
    <Size>
      <CX>40</CX>
      <CY>40</CY>
    </Size>
    <Background>A_dzB3</Background>
    <EQType>24</EQType>
    <Style_VScroll>false</Style_VScroll>
    <Style_HScroll>false</Style_HScroll>
    <Style_Transparent>false</Style_Transparent>
  </InvSlot>
  <InvSlot item="Newslot4">
    <ScreenID>Newslot4</ScreenID>
    <RelativePosition>true</RelativePosition>
    <Location>
      <X>83</X>
      <Y>165</Y>
    </Location>
    <Size>
      <CX>40</CX>
      <CY>40</CY>
    </Size>
    <Background>A_dzB4</Background>
    <EQType>25</EQType>
    <Style_VScroll>false</Style_VScroll>
    <Style_HScroll>false</Style_HScroll>
    <Style_Transparent>false</Style_Transparent>
  </InvSlot>
  <InvSlot item="Newslot5">
    <ScreenID>Newslot5</ScreenID>
    <RelativePosition>true</RelativePosition>
    <Location>
      <X>124</X>
      <Y>42</Y>
    </Location>
    <Size>
      <CX>40</CX>
      <CY>40</CY>
    </Size>
    <Background>A_dzB5</Background>
    <EQType>26</EQType>
    <Style_VScroll>false</Style_VScroll>
    <Style_HScroll>false</Style_HScroll>
    <Style_Transparent>false</Style_Transparent>
  </InvSlot>
  <InvSlot item="Newslot6">
    <ScreenID>Newslot6</ScreenID>
    <RelativePosition>true</RelativePosition>
    <Location>
      <X>124</X>
      <Y>83</Y>
    </Location>
    <Size>
      <CX>40</CX>
      <CY>40</CY>
    </Size>
    <Background>A_dzB6</Background>
    <EQType>27</EQType>
    <Style_VScroll>false</Style_VScroll>
    <Style_HScroll>false</Style_HScroll>
    <Style_Transparent>false</Style_Transparent>
  </InvSlot>
  <InvSlot item="Newslot7">
    <ScreenID>Newslot7</ScreenID>
    <RelativePosition>true</RelativePosition>
    <Location>
      <X>124</X>
      <Y>124</Y>
    </Location>
    <Size>
      <CX>40</CX>
      <CY>40</CY>
    </Size>
    <Background>A_dzB7</Background>
    <EQType>28</EQType>
    <Style_VScroll>false</Style_VScroll>
    <Style_HScroll>false</Style_HScroll>
    <Style_Transparent>false</Style_Transparent>
  </InvSlot>
  <InvSlot item="Newslot8">
    <ScreenID>Newslot8</ScreenID>
    <RelativePosition>true</RelativePosition>
    <Location>
      <X>124</X>
      <Y>165</Y>
    </Location>
    <Size>
      <CX>40</CX>
      <CY>40</CY>
    </Size>
    <Background>A_dzB8</Background>
    <EQType>29</EQType>
    <Style_VScroll>false</Style_VScroll>
    <Style_HScroll>false</Style_HScroll>
    <Style_Transparent>false</Style_Transparent>
  </InvSlot>
  <InvSlot item="Prim">
    <ScreenID>Prim</ScreenID>
    <RelativePosition>true</RelativePosition>
    <Location>
      <X>83</X>
      <Y>-1</Y>
    </Location>
    <Size>
      <CX>40</CX>
      <CY>40</CY>
    </Size>
    <Background>A_dzPrim</Background>
    <EQType>13</EQType>
    <Style_VScroll>false</Style_VScroll>
    <Style_HScroll>false</Style_HScroll>
    <Style_Transparent>false</Style_Transparent>
  </InvSlot>
  <InvSlot item="Sec">
    <ScreenID>Sec</ScreenID>
    <RelativePosition>true</RelativePosition>
    <Location>
      <X>124</X>
      <Y>-1</Y>
    </Location>
    <Size>
      <CX>40</CX>
      <CY>40</CY>
    </Size>
    <Background>A_dzSec</Background>
    <EQType>14</EQType>
    <Style_VScroll>false</Style_VScroll>
    <Style_HScroll>false</Style_HScroll>
    <Style_Transparent>false</Style_Transparent>
  </InvSlot>
  <Button item="HB_FileButton">
    <ScreenID>HB_FileButton</ScreenID>
    <Font>1</Font>
    <RelativePosition>true</RelativePosition>
    <Location>
      <X>-1</X>
      <Y>-1</Y>
    </Location>
    <Size>
      <CX>1</CX>
      <CY>1</CY>
    </Size>
    <Style_Checkbox>false</Style_Checkbox>
    <Text>Hot Button 1</Text>
    <TextColor>
      <R>255</R>
      <G>255</G>
      <B>255</B>
    </TextColor>
    <ButtonDrawTemplate>
      <Normal>A_SquareBtnNormal</Normal>
      <Pressed>A_SquareBtnPressed</Pressed>
      <Flyby>A_SquareBtnFlyby</Flyby>
      <Disabled>A_SquareBtnDisabled</Disabled>
      <PressedFlyby>A_SquareBtnPressedFlyby</PressedFlyby>
    </ButtonDrawTemplate>
  </Button>
  <Screen item="HotButtonWnd">
    <ScreenID />
    <Font>2</Font>
    <RelativePosition>false</RelativePosition>
    <Location>
      <X>0</X>
      <Y>230</Y>
    </Location>
    <Size>
      <CX>174</CX>
      <CY>214</CY>
    </Size>
    <!-- <Text>Hot Buttons 1</Text> -->
    <Style_VScroll>false</Style_VScroll>
    <Style_HScroll>false</Style_HScroll>
    <Style_Transparent>false</Style_Transparent>
    <TooltipReference>Hot Buttons</TooltipReference>
    <DrawTemplate>WDT_RoundedNoTitle</DrawTemplate>
    <Style_Titlebar>false</Style_Titlebar>
    <Style_Closebox>true</Style_Closebox>
    <Style_Minimizebox>false</Style_Minimizebox>
    <Style_Border>true</Style_Border>
    <Style_Sizable>false</Style_Sizable>
    <Pieces>HB_PageLeftButton</Pieces>
    <Pieces>HB_PageRightButton</Pieces>
    <Pieces>HB_CurrentPageLabel</Pieces>
    <Pieces>HB_Button1</Pieces>
    <Pieces>HB_Button2</Pieces>
    <Pieces>HB_Button3</Pieces>
    <Pieces>HB_Button4</Pieces>
    <Pieces>HB_Button5</Pieces>
    <Pieces>HB_Button6</Pieces>
    <Pieces>HB_Button7</Pieces>
    <Pieces>HB_Button8</Pieces>
    <Pieces>HB_Button9</Pieces>
    <Pieces>HB_Button10</Pieces>
    <Pieces>HB_InvSlot1</Pieces>
    <Pieces>HB_InvSlot2</Pieces>
    <Pieces>HB_InvSlot3</Pieces>
    <Pieces>HB_InvSlot4</Pieces>
    <Pieces>HB_InvSlot5</Pieces>
    <Pieces>HB_InvSlot6</Pieces>
    <Pieces>HB_InvSlot7</Pieces>
    <Pieces>HB_InvSlot8</Pieces>
    <Pieces>HB_InvSlot9</Pieces>
    <Pieces>HB_InvSlot10</Pieces>
    <Pieces>HB_SpellGem1</Pieces>
    <Pieces>HB_SpellGem2</Pieces>
    <Pieces>HB_SpellGem3</Pieces>
    <Pieces>HB_SpellGem4</Pieces>
    <Pieces>HB_SpellGem5</Pieces>
    <Pieces>HB_SpellGem6</Pieces>
    <Pieces>HB_SpellGem7</Pieces>
    <Pieces>HB_SpellGem8</Pieces>
    <Pieces>HB_SpellGem9</Pieces>
    <Pieces>HB_SpellGem10</Pieces>
    <Pieces>Newslot1</Pieces>
    <Pieces>Newslot2</Pieces>
    <Pieces>Newslot3</Pieces>
    <Pieces>Newslot4</Pieces>
    <Pieces>Newslot5</Pieces>
    <Pieces>Newslot6</Pieces>
    <Pieces>Newslot7</Pieces>
    <Pieces>Newslot8</Pieces>
    <Pieces>Prim</Pieces>
    <Pieces>Sec</Pieces>
    <Pieces>HB_FileButton</Pieces>
  </Screen>
  <Button item="HB2_PageLeftButton">
    <ScreenID>HB2_PageLeftButton</ScreenID>
    <Font>1</Font>
    <RelativePosition>true</RelativePosition>
    <Location>
      <X>1</X>
      <Y>1</Y>
    </Location>
    <Size>
      <CX>1</CX>
      <CY>1</CY>
    </Size>
    <Text />
    <TextColor>
      <R>255</R>
      <G>255</G>
      <B>255</B>
    </TextColor>
    <ButtonDrawTemplate>
      <Normal>A_VSBDownNormal</Normal>
      <Pressed>A_VSBDownPressed</Pressed>
      <Flyby>A_VSBDownFlyby</Flyby>
      <Disabled>A_VSBDownDisabled</Disabled>
      <PressedFlyby>A_VSBDownPressedFlyby</PressedFlyby>
    </ButtonDrawTemplate>
  </Button>
  <Label item="HB2_CurrentPageLabel">
    <ScreenID>HB2_CurrentPageLabel</ScreenID>
    <Font>1</Font>
    <RelativePosition>true</RelativePosition>
    <Location>
      <X>13</X>
      <Y>7</Y>
    </Location>
    <Size>
      <CX>1</CX>
      <CY>1</CY>
    </Size>
    <Text>1</Text>
    <TextColor>
      <R>255</R>
      <G>255</G>
      <B>255</B>
    </TextColor>
    <NoWrap>false</NoWrap>
    <AlignCenter>true</AlignCenter>
    <AlignRight>false</AlignRight>
  </Label>
  <Button item="HB2_PageRightButton">
    <ScreenID>HB2_PageRightButton</ScreenID>
    <Font>1</Font>
    <RelativePosition>true</RelativePosition>
    <Location>
      <X>29</X>
      <Y>1</Y>
    </Location>
    <Size>
      <CX>1</CX>
      <CY>1</CY>
    </Size>
    <Text />
    <TextColor>
      <R>255</R>
      <G>255</G>
      <B>255</B>
    </TextColor>
    <ButtonDrawTemplate>
      <Normal>A_VSBUpNormal</Normal>
      <Pressed>A_VSBUpPressed</Pressed>
      <Flyby>A_VSBUpFlyby</Flyby>
      <Disabled>A_VSBUpDisabled</Disabled>
      <PressedFlyby>A_VSBUpPressedFlyby</PressedFlyby>
    </ButtonDrawTemplate>
  </Button>
  <Button item="HB2_Button1">
    <ScreenID>HB2_Button1</ScreenID>
    <Font>1</Font>
    <RelativePosition>true</RelativePosition>
    <Location>
      <X>1</X>
      <Y>1</Y>
    </Location>
    <Size>
      <CX>40</CX>
      <CY>40</CY>
    </Size>
    <Text>1</Text>
    <TextColor>
      <R>0</R>
      <G>0</G>
      <B>0</B>
    </TextColor>
    <DecalSize>
      <CX>40</CX>
      <CY>40</CY>
    </DecalSize>
    <ButtonDrawTemplate>
      <Normal>A_SquareBtnNormal</Normal>
      <PressedFlyby>A_SquareBtnPressedFlyby</PressedFlyby>
      <Pressed>A_SquareBtnPressed</Pressed>
      <Flyby>A_SquareBtnFlyby</Flyby>
      <Disabled>A_SquareBtnDisabled</Disabled>
    </ButtonDrawTemplate>
  </Button>
  <Button item="HB2_Button2">
    <ScreenID>HB2_Button2</ScreenID>
    <Font>1</Font>
    <RelativePosition>true</RelativePosition>
    <Location>
      <X>42</X>
      <Y>1</Y>
    </Location>
    <Size>
      <CX>40</CX>
      <CY>40</CY>
    </Size>
    <Text>2</Text>
    <TextColor>
      <R>0</R>
      <G>0</G>
      <B>0</B>
    </TextColor>
    <DecalSize>
      <CX>40</CX>
      <CY>40</CY>
    </DecalSize>
    <ButtonDrawTemplate>
      <Normal>A_SquareBtnNormal</Normal>
      <PressedFlyby>A_SquareBtnPressedFlyby</PressedFlyby>
      <Pressed>A_SquareBtnPressed</Pressed>
      <Flyby>A_SquareBtnFlyby</Flyby>
      <Disabled>A_SquareBtnDisabled</Disabled>
    </ButtonDrawTemplate>
  </Button>
  <Button item="HB2_Button3">
    <ScreenID>HB2_Button3</ScreenID>
    <Font>1</Font>
    <RelativePosition>true</RelativePosition>
    <Location>
      <X>1</X>
      <Y>42</Y>
    </Location>
    <Size>
      <CX>40</CX>
      <CY>40</CY>
    </Size>
    <Text>3</Text>
    <TextColor>
      <R>0</R>
      <G>0</G>
      <B>0</B>
    </TextColor>
    <DecalSize>
      <CX>40</CX>
      <CY>40</CY>
    </DecalSize>
    <ButtonDrawTemplate>
      <Normal>A_SquareBtnNormal</Normal>
      <PressedFlyby>A_SquareBtnPressedFlyby</PressedFlyby>
      <Pressed>A_SquareBtnPressed</Pressed>
      <Flyby>A_SquareBtnFlyby</Flyby>
      <Disabled>A_SquareBtnDisabled</Disabled>
    </ButtonDrawTemplate>
  </Button>
  <Button item="HB2_Button4">
    <ScreenID>HB2_Button4</ScreenID>
    <Font>1</Font>
    <RelativePosition>true</RelativePosition>
    <Location>
      <X>42</X>
      <Y>42</Y>
    </Location>
    <Size>
      <CX>40</CX>
      <CY>40</CY>
    </Size>
    <Text>4</Text>
    <TextColor>
      <R>0</R>
      <G>0</G>
      <B>0</B>
    </TextColor>
    <DecalSize>
      <CX>40</CX>
      <CY>40</CY>
    </DecalSize>
    <ButtonDrawTemplate>
      <Normal>A_SquareBtnNormal</Normal>
      <PressedFlyby>A_SquareBtnPressedFlyby</PressedFlyby>
      <Pressed>A_SquareBtnPressed</Pressed>
      <Flyby>A_SquareBtnFlyby</Flyby>
      <Disabled>A_SquareBtnDisabled</Disabled>
    </ButtonDrawTemplate>
  </Button>
  <Button item="HB2_Button5">
    <ScreenID>HB2_Button5</ScreenID>
    <Font>1</Font>
    <RelativePosition>true</RelativePosition>
    <Location>
      <X>1</X>
      <Y>83</Y>
    </Location>
    <Size>
      <CX>40</CX>
      <CY>40</CY>
    </Size>
    <Text>5</Text>
    <TextColor>
      <R>0</R>
      <G>0</G>
      <B>0</B>
    </TextColor>
    <DecalSize>
      <CX>40</CX>
      <CY>40</CY>
    </DecalSize>
    <ButtonDrawTemplate>
      <Normal>A_SquareBtnNormal</Normal>
      <PressedFlyby>A_SquareBtnPressedFlyby</PressedFlyby>
      <Pressed>A_SquareBtnPressed</Pressed>
      <Flyby>A_SquareBtnFlyby</Flyby>
      <Disabled>A_SquareBtnDisabled</Disabled>
    </ButtonDrawTemplate>
  </Button>
  <Button item="HB2_Button6">
    <ScreenID>HB2_Button6</ScreenID>
    <Font>1</Font>
    <RelativePosition>true</RelativePosition>
    <Location>
      <X>42</X>
      <Y>83</Y>
    </Location>
    <Size>
      <CX>40</CX>
      <CY>40</CY>
    </Size>
    <Text>6</Text>
    <TextColor>
      <R>0</R>
      <G>0</G>
      <B>0</B>
    </TextColor>
    <DecalSize>
      <CX>40</CX>
      <CY>40</CY>
    </DecalSize>
    <ButtonDrawTemplate>
      <Normal>A_SquareBtnNormal</Normal>
      <PressedFlyby>A_SquareBtnPressedFlyby</PressedFlyby>
      <Pressed>A_SquareBtnPressed</Pressed>
      <Flyby>A_SquareBtnFlyby</Flyby>
      <Disabled>A_SquareBtnDisabled</Disabled>
    </ButtonDrawTemplate>
  </Button>
  <Button item="HB2_Button7">
    <ScreenID>HB2_Button7</ScreenID>
    <Font>1</Font>
    <RelativePosition>true</RelativePosition>
    <Location>
      <X>1</X>
      <Y>124</Y>
    </Location>
    <Size>
      <CX>40</CX>
      <CY>40</CY>
    </Size>
    <Text>7</Text>
    <TextColor>
      <R>0</R>
      <G>0</G>
      <B>0</B>
    </TextColor>
    <DecalSize>
      <CX>40</CX>
      <CY>40</CY>
    </DecalSize>
    <ButtonDrawTemplate>
      <Normal>A_SquareBtnNormal</Normal>
      <PressedFlyby>A_SquareBtnPressedFlyby</PressedFlyby>
      <Pressed>A_SquareBtnPressed</Pressed>
      <Flyby>A_SquareBtnFlyby</Flyby>
      <Disabled>A_SquareBtnDisabled</Disabled>
    </ButtonDrawTemplate>
  </Button>
  <Button item="HB2_Button8">
    <ScreenID>HB2_Button8</ScreenID>
    <Font>1</Font>
    <RelativePosition>true</RelativePosition>
    <Location>
      <X>42</X>
      <Y>124</Y>
    </Location>
    <Size>
      <CX>40</CX>
      <CY>40</CY>
    </Size>
    <Text>8</Text>
    <TextColor>
      <R>0</R>
      <G>0</G>
      <B>0</B>
    </TextColor>
    <DecalSize>
      <CX>40</CX>
      <CY>40</CY>
    </DecalSize>
    <ButtonDrawTemplate>
      <Normal>A_SquareBtnNormal</Normal>
      <PressedFlyby>A_SquareBtnPressedFlyby</PressedFlyby>
      <Pressed>A_SquareBtnPressed</Pressed>
      <Flyby>A_SquareBtnFlyby</Flyby>
      <Disabled>A_SquareBtnDisabled</Disabled>
    </ButtonDrawTemplate>
  </Button>
  <Button item="HB2_Button9">
    <ScreenID>HB2_Button9</ScreenID>
    <Font>1</Font>
    <RelativePosition>true</RelativePosition>
    <Location>
      <X>1</X>
      <Y>165</Y>
    </Location>
    <Size>
      <CX>40</CX>
      <CY>40</CY>
    </Size>
    <Text>9</Text>
    <TextColor>
      <R>0</R>
      <G>0</G>
      <B>0</B>
    </TextColor>
    <DecalSize>
      <CX>40</CX>
      <CY>40</CY>
    </DecalSize>
    <ButtonDrawTemplate>
      <Normal>A_SquareBtnNormal</Normal>
      <PressedFlyby>A_SquareBtnPressedFlyby</PressedFlyby>
      <Pressed>A_SquareBtnPressed</Pressed>
      <Flyby>A_SquareBtnFlyby</Flyby>
      <Disabled>A_SquareBtnDisabled</Disabled>
    </ButtonDrawTemplate>
  </Button>
  <Button item="HB2_Button10">
    <ScreenID>HB2_Button10</ScreenID>
    <Font>1</Font>
    <RelativePosition>true</RelativePosition>
    <Location>
      <X>42</X>
      <Y>165</Y>
    </Location>
    <Size>
      <CX>40</CX>
      <CY>40</CY>
    </Size>
    <Text>10</Text>
    <TextColor>
      <R>0</R>
      <G>0</G>
      <B>0</B>
    </TextColor>
    <DecalSize>
      <CX>40</CX>
      <CY>40</CY>
    </DecalSize>
    <ButtonDrawTemplate>
      <Normal>A_SquareBtnNormal</Normal>
      <PressedFlyby>A_SquareBtnPressedFlyby</PressedFlyby>
      <Pressed>A_SquareBtnPressed</Pressed>
      <Flyby>A_SquareBtnFlyby</Flyby>
      <Disabled>A_SquareBtnDisabled</Disabled>
    </ButtonDrawTemplate>
  </Button>
  <InvSlot item="HB2_InvSlot1">
    <ScreenID>HB2_InvSlot1</ScreenID>
    <RelativePosition>true</RelativePosition>
    <Location>
      <X>1</X>
      <Y>1</Y>
    </Location>
    <Size>
      <CX>40</CX>
      <CY>40</CY>
    </Size>
    <Background>A_RecessedBox</Background>
    <EQType>-1</EQType>
    <Style_VScroll>false</Style_VScroll>
    <Style_HScroll>false</Style_HScroll>
    <Style_Transparent>false</Style_Transparent>
  </InvSlot>
  <InvSlot item="HB2_InvSlot2">
    <ScreenID>HB2_InvSlot2</ScreenID>
    <RelativePosition>true</RelativePosition>
    <Location>
      <X>42</X>
      <Y>1</Y>
    </Location>
    <Size>
      <CX>40</CX>
      <CY>40</CY>
    </Size>
    <Background>A_RecessedBox</Background>
    <EQType>-1</EQType>
    <Style_VScroll>false</Style_VScroll>
    <Style_HScroll>false</Style_HScroll>
    <Style_Transparent>false</Style_Transparent>
  </InvSlot>
  <InvSlot item="HB2_InvSlot3">
    <ScreenID>HB2_InvSlot3</ScreenID>
    <RelativePosition>true</RelativePosition>
    <Location>
      <X>1</X>
      <Y>42</Y>
    </Location>
    <Size>
      <CX>40</CX>
      <CY>40</CY>
    </Size>
    <Background>A_RecessedBox</Background>
    <EQType>-1</EQType>
    <Style_VScroll>false</Style_VScroll>
    <Style_HScroll>false</Style_HScroll>
    <Style_Transparent>false</Style_Transparent>
  </InvSlot>
  <InvSlot item="HB2_InvSlot4">
    <ScreenID>HB2_InvSlot4</ScreenID>
    <RelativePosition>true</RelativePosition>
    <Location>
      <X>42</X>
      <Y>42</Y>
    </Location>
    <Size>
      <CX>40</CX>
      <CY>40</CY>
    </Size>
    <Background>A_RecessedBox</Background>
    <EQType>-1</EQType>
    <Style_VScroll>false</Style_VScroll>
    <Style_HScroll>false</Style_HScroll>
    <Style_Transparent>false</Style_Transparent>
  </InvSlot>
  <InvSlot item="HB2_InvSlot5">
    <ScreenID>HB2_InvSlot5</ScreenID>
    <RelativePosition>true</RelativePosition>
    <Location>
      <X>1</X>
      <Y>83</Y>
    </Location>
    <Size>
      <CX>40</CX>
      <CY>40</CY>
    </Size>
    <Background>A_RecessedBox</Background>
    <EQType>-1</EQType>
    <Style_VScroll>false</Style_VScroll>
    <Style_HScroll>false</Style_HScroll>
    <Style_Transparent>false</Style_Transparent>
  </InvSlot>
  <InvSlot item="HB2_InvSlot6">
    <ScreenID>HB2_InvSlot6</ScreenID>
    <RelativePosition>true</RelativePosition>
    <Location>
      <X>42</X>
      <Y>83</Y>
    </Location>
    <Size>
      <CX>40</CX>
      <CY>40</CY>
    </Size>
    <Background>A_RecessedBox</Background>
    <EQType>-1</EQType>
    <Style_VScroll>false</Style_VScroll>
    <Style_HScroll>false</Style_HScroll>
    <Style_Transparent>false</Style_Transparent>
  </InvSlot>
  <InvSlot item="HB2_InvSlot7">
    <ScreenID>HB2_InvSlot7</ScreenID>
    <RelativePosition>true</RelativePosition>
    <Location>
      <X>1</X>
      <Y>124</Y>
    </Location>
    <Size>
      <CX>40</CX>
      <CY>40</CY>
    </Size>
    <Background>A_RecessedBox</Background>
    <EQType>-1</EQType>
    <Style_VScroll>false</Style_VScroll>
    <Style_HScroll>false</Style_HScroll>
    <Style_Transparent>false</Style_Transparent>
  </InvSlot>
  <InvSlot item="HB2_InvSlot8">
    <ScreenID>HB2_InvSlot8</ScreenID>
    <RelativePosition>true</RelativePosition>
    <Location>
      <X>42</X>
      <Y>124</Y>
    </Location>
    <Size>
      <CX>40</CX>
      <CY>40</CY>
    </Size>
    <Background>A_RecessedBox</Background>
    <EQType>-1</EQType>
    <Style_VScroll>false</Style_VScroll>
    <Style_HScroll>false</Style_HScroll>
    <Style_Transparent>false</Style_Transparent>
  </InvSlot>
  <InvSlot item="HB2_InvSlot9">
    <ScreenID>HB2_InvSlot9</ScreenID>
    <RelativePosition>true</RelativePosition>
    <Location>
      <X>1</X>
      <Y>165</Y>
    </Location>
    <Size>
      <CX>40</CX>
      <CY>40</CY>
    </Size>
    <Background>A_RecessedBox</Background>
    <EQType>-1</EQType>
    <Style_VScroll>false</Style_VScroll>
    <Style_HScroll>false</Style_HScroll>
    <Style_Transparent>false</Style_Transparent>
  </InvSlot>
  <InvSlot item="HB2_InvSlot10">
    <ScreenID>HB2_InvSlot10</ScreenID>
    <RelativePosition>true</RelativePosition>
    <Location>
      <X>42</X>
      <Y>165</Y>
    </Location>
    <Size>
      <CX>40</CX>
      <CY>40</CY>
    </Size>
    <Background>A_RecessedBox</Background>
    <EQType>-1</EQType>
    <Style_VScroll>false</Style_VScroll>
    <Style_HScroll>false</Style_HScroll>
    <Style_Transparent>false</Style_Transparent>
  </InvSlot>
  <SpellGem item="HB2_SpellGem1">
    <ScreenID>HB2_SpellGem1</ScreenID>
    <RelativePosition>true</RelativePosition>
    <Location>
      <X>1</X>
      <Y>1</Y>
    </Location>
    <Size>
      <CX>40</CX>
      <CY>40</CY>
    </Size>
    <SpellGemDrawTemplate>
      <Holder>HB_SpellGemHolder</Holder>
      <Background>A_BtnFlyby</Background>
    </SpellGemDrawTemplate>
    <SpellIconOffsetX>7</SpellIconOffsetX>
    <SpellIconOffsetY>7</SpellIconOffsetY>
  </SpellGem>
  <SpellGem item="HB2_SpellGem2">
    <ScreenID>HB2_SpellGem2</ScreenID>
    <RelativePosition>true</RelativePosition>
    <Location>
      <X>42</X>
      <Y>1</Y>
    </Location>
    <Size>
      <CX>40</CX>
      <CY>40</CY>
    </Size>
    <SpellGemDrawTemplate>
      <Holder>HB_SpellGemHolder</Holder>
      <Background>A_BtnFlyby</Background>
    </SpellGemDrawTemplate>
    <SpellIconOffsetX>7</SpellIconOffsetX>
    <SpellIconOffsetY>7</SpellIconOffsetY>
  </SpellGem>
  <SpellGem item="HB2_SpellGem3">
    <ScreenID>HB2_SpellGem3</ScreenID>
    <RelativePosition>true</RelativePosition>
    <Location>
      <X>1</X>
      <Y>42</Y>
    </Location>
    <Size>
      <CX>40</CX>
      <CY>40</CY>
    </Size>
    <SpellGemDrawTemplate>
      <Holder>HB_SpellGemHolder</Holder>
      <Background>A_BtnFlyby</Background>
    </SpellGemDrawTemplate>
    <SpellIconOffsetX>7</SpellIconOffsetX>
    <SpellIconOffsetY>7</SpellIconOffsetY>
  </SpellGem>
  <SpellGem item="HB2_SpellGem4">
    <ScreenID>HB2_SpellGem4</ScreenID>
    <RelativePosition>true</RelativePosition>
    <Location>
      <X>42</X>
      <Y>42</Y>
    </Location>
    <Size>
      <CX>40</CX>
      <CY>40</CY>
    </Size>
    <SpellGemDrawTemplate>
      <Holder>HB_SpellGemHolder</Holder>
      <Background>A_BtnFlyby</Background>
    </SpellGemDrawTemplate>
    <SpellIconOffsetX>7</SpellIconOffsetX>
    <SpellIconOffsetY>7</SpellIconOffsetY>
  </SpellGem>
  <SpellGem item="HB2_SpellGem5">
    <ScreenID>HB2_SpellGem5</ScreenID>
    <RelativePosition>true</RelativePosition>
    <Location>
      <X>1</X>
      <Y>83</Y>
    </Location>
    <Size>
      <CX>40</CX>
      <CY>40</CY>
    </Size>
    <SpellGemDrawTemplate>
      <Holder>HB_SpellGemHolder</Holder>
      <Background>A_BtnFlyby</Background>
    </SpellGemDrawTemplate>
    <SpellIconOffsetX>7</SpellIconOffsetX>
    <SpellIconOffsetY>7</SpellIconOffsetY>
  </SpellGem>
  <SpellGem item="HB2_SpellGem6">
    <ScreenID>HB2_SpellGem6</ScreenID>
    <RelativePosition>true</RelativePosition>
    <Location>
      <X>42</X>
      <Y>83</Y>
    </Location>
    <Size>
      <CX>40</CX>
      <CY>40</CY>
    </Size>
    <SpellGemDrawTemplate>
      <Holder>HB_SpellGemHolder</Holder>
      <Background>A_BtnFlyby</Background>
    </SpellGemDrawTemplate>
    <SpellIconOffsetX>7</SpellIconOffsetX>
    <SpellIconOffsetY>7</SpellIconOffsetY>
  </SpellGem>
  <SpellGem item="HB2_SpellGem7">
    <ScreenID>HB2_SpellGem7</ScreenID>
    <RelativePosition>true</RelativePosition>
    <Location>
      <X>1</X>
      <Y>124</Y>
    </Location>
    <Size>
      <CX>40</CX>
      <CY>40</CY>
    </Size>
    <SpellGemDrawTemplate>
      <Holder>HB_SpellGemHolder</Holder>
      <Background>A_BtnFlyby</Background>
    </SpellGemDrawTemplate>
    <SpellIconOffsetX>7</SpellIconOffsetX>
    <SpellIconOffsetY>7</SpellIconOffsetY>
  </SpellGem>
  <SpellGem item="HB2_SpellGem8">
    <ScreenID>HB2_SpellGem8</ScreenID>
    <RelativePosition>true</RelativePosition>
    <Location>
      <X>42</X>
      <Y>124</Y>
    </Location>
    <Size>
      <CX>40</CX>
      <CY>40</CY>
    </Size>
    <SpellGemDrawTemplate>
      <Holder>HB_SpellGemHolder</Holder>
      <Background>A_BtnFlyby</Background>
    </SpellGemDrawTemplate>
    <SpellIconOffsetX>7</SpellIconOffsetX>
    <SpellIconOffsetY>7</SpellIconOffsetY>
  </SpellGem>
  <SpellGem item="HB2_SpellGem9">
    <ScreenID>HB2_SpellGem9</ScreenID>
    <RelativePosition>true</RelativePosition>
    <Location>
      <X>1</X>
      <Y>165</Y>
    </Location>
    <Size>
      <CX>40</CX>
      <CY>40</CY>
    </Size>
    <SpellGemDrawTemplate>
      <Holder>HB_SpellGemHolder</Holder>
      <Background>A_BtnFlyby</Background>
    </SpellGemDrawTemplate>
    <SpellIconOffsetX>7</SpellIconOffsetX>
    <SpellIconOffsetY>7</SpellIconOffsetY>
  </SpellGem>
  <SpellGem item="HB2_SpellGem10">
    <ScreenID>HB2_SpellGem10</ScreenID>
    <RelativePosition>true</RelativePosition>
    <Location>
      <X>42</X>
      <Y>165</Y>
    </Location>
    <Size>
      <CX>40</CX>
      <CY>40</CY>
    </Size>
    <SpellGemDrawTemplate>
      <Holder>HB_SpellGemHolder</Holder>
      <Background>A_BtnFlyby</Background>
    </SpellGemDrawTemplate>
    <SpellIconOffsetX>7</SpellIconOffsetX>
    <SpellIconOffsetY>7</SpellIconOffsetY>
  </SpellGem>
  <Button item="HB2_FileButton">
    <ScreenID>HB2_FileButton</ScreenID>
    <Font>1</Font>
    <RelativePosition>true</RelativePosition>
    <Location>
      <X>1</X>
      <Y>26</Y>
    </Location>
    <Size>
      <CX>1</CX>
      <CY>1</CY>
    </Size>
    <Style_Checkbox>false</Style_Checkbox>
    <Text>HB 2</Text>
    <TextColor>
      <R>255</R>
      <G>255</G>
      <B>255</B>
    </TextColor>
    <ButtonDrawTemplate>
      <Normal>A_SquareBtnNormal</Normal>
      <Pressed>A_SquareBtnPressed</Pressed>
      <Flyby>A_SquareBtnFlyby</Flyby>
      <Disabled>A_SquareBtnDisabled</Disabled>
      <PressedFlyby>A_SquareBtnPressedFlyby</PressedFlyby>
    </ButtonDrawTemplate>
  </Button>
  <Screen item="HotButtonWnd2">
    <ScreenID />
    <Font>2</Font>
    <RelativePosition>false</RelativePosition>
    <Location>
      <X>0</X>
      <Y>230</Y>
    </Location>
    <Size>
      <CX>91</CX>
      <CY>215</CY>
    </Size>
    <Text>Hot Buttons 2</Text>
    <Style_VScroll>false</Style_VScroll>
    <Style_HScroll>false</Style_HScroll>
    <Style_Transparent>false</Style_Transparent>
    <TooltipReference>Hot Buttons</TooltipReference>
    <DrawTemplate>WDT_RoundedNoTitle</DrawTemplate>
    <Style_Titlebar>false</Style_Titlebar>
    <Style_Closebox>true</Style_Closebox>
    <Style_Minimizebox>false</Style_Minimizebox>
    <Style_Border>true</Style_Border>
    <Style_Sizable>false</Style_Sizable>
    <Pieces>HB2_PageLeftButton</Pieces>
    <Pieces>HB2_PageRightButton</Pieces>
    <Pieces>HB2_CurrentPageLabel</Pieces>
    <Pieces>HB2_Button1</Pieces>
    <Pieces>HB2_Button2</Pieces>
    <Pieces>HB2_Button3</Pieces>
    <Pieces>HB2_Button4</Pieces>
    <Pieces>HB2_Button5</Pieces>
    <Pieces>HB2_Button6</Pieces>
    <Pieces>HB2_Button7</Pieces>
    <Pieces>HB2_Button8</Pieces>
    <Pieces>HB2_Button9</Pieces>
    <Pieces>HB2_Button10</Pieces>
    <Pieces>HB2_InvSlot1</Pieces>
    <Pieces>HB2_InvSlot2</Pieces>
    <Pieces>HB2_InvSlot3</Pieces>
    <Pieces>HB2_InvSlot4</Pieces>
    <Pieces>HB2_InvSlot5</Pieces>
    <Pieces>HB2_InvSlot6</Pieces>
    <Pieces>HB2_InvSlot7</Pieces>
    <Pieces>HB2_InvSlot8</Pieces>
    <Pieces>HB2_InvSlot9</Pieces>
    <Pieces>HB2_InvSlot10</Pieces>
    <Pieces>HB2_SpellGem1</Pieces>
    <Pieces>HB2_SpellGem2</Pieces>
    <Pieces>HB2_SpellGem3</Pieces>
    <Pieces>HB2_SpellGem4</Pieces>
    <Pieces>HB2_SpellGem5</Pieces>
    <Pieces>HB2_SpellGem6</Pieces>
    <Pieces>HB2_SpellGem7</Pieces>
    <Pieces>HB2_SpellGem8</Pieces>
    <Pieces>HB2_SpellGem9</Pieces>
    <Pieces>HB2_SpellGem10</Pieces>
    <Pieces>HB2_FileButton</Pieces>
  </Screen>
  <Button item="HB3_PageLeftButton">
    <ScreenID>HB3_PageLeftButton</ScreenID>
    <Font>1</Font>
    <RelativePosition>true</RelativePosition>
    <Location>
      <X>1</X>
      <Y>1</Y>
    </Location>
    <Size>
      <CX>1</CX>
      <CY>1</CY>
    </Size>
    <Text />
    <TextColor>
      <R>255</R>
      <G>255</G>
      <B>255</B>
    </TextColor>
    <ButtonDrawTemplate>
      <Normal>A_VSBDownNormal</Normal>
      <Pressed>A_VSBDownPressed</Pressed>
      <Flyby>A_VSBDownFlyby</Flyby>
      <Disabled>A_VSBDownDisabled</Disabled>
      <PressedFlyby>A_VSBDownPressedFlyby</PressedFlyby>
    </ButtonDrawTemplate>
  </Button>
  <Label item="HB3_CurrentPageLabel">
    <ScreenID>HB3_CurrentPageLabel</ScreenID>
    <Font>1</Font>
    <RelativePosition>true</RelativePosition>
    <Location>
      <X>13</X>
      <Y>7</Y>
    </Location>
    <Size>
      <CX>1</CX>
      <CY>1</CY>
    </Size>
    <Text>1</Text>
    <TextColor>
      <R>255</R>
      <G>255</G>
      <B>255</B>
    </TextColor>
    <NoWrap>false</NoWrap>
    <AlignCenter>true</AlignCenter>
    <AlignRight>false</AlignRight>
  </Label>
  <Button item="HB3_PageRightButton">
    <ScreenID>HB3_PageRightButton</ScreenID>
    <Font>1</Font>
    <RelativePosition>true</RelativePosition>
    <Location>
      <X>29</X>
      <Y>1</Y>
    </Location>
    <Size>
      <CX>1</CX>
      <CY>1</CY>
    </Size>
    <Text />
    <TextColor>
      <R>255</R>
      <G>255</G>
      <B>255</B>
    </TextColor>
    <ButtonDrawTemplate>
      <Normal>A_VSBUpNormal</Normal>
      <Pressed>A_VSBUpPressed</Pressed>
      <Flyby>A_VSBUpFlyby</Flyby>
      <Disabled>A_VSBUpDisabled</Disabled>
      <PressedFlyby>A_VSBUpPressedFlyby</PressedFlyby>
    </ButtonDrawTemplate>
  </Button>
  <Button item="HB3_Button1">
    <ScreenID>HB3_Button1</ScreenID>
    <Font>1</Font>
    <RelativePosition>true</RelativePosition>
    <Location>
      <X>1</X>
      <Y>1</Y>
    </Location>
    <Size>
      <CX>40</CX>
      <CY>40</CY>
    </Size>
    <Text>1</Text>
    <TextColor>
      <R>0</R>
      <G>0</G>
      <B>0</B>
    </TextColor>
    <DecalSize>
      <CX>40</CX>
      <CY>40</CY>
    </DecalSize>
    <ButtonDrawTemplate>
      <Normal>A_SquareBtnNormal</Normal>
      <PressedFlyby>A_SquareBtnPressedFlyby</PressedFlyby>
      <Pressed>A_SquareBtnPressed</Pressed>
      <Flyby>A_SquareBtnFlyby</Flyby>
      <Disabled>A_SquareBtnDisabled</Disabled>
    </ButtonDrawTemplate>
  </Button>
  <Button item="HB3_Button2">
    <ScreenID>HB3_Button2</ScreenID>
    <Font>1</Font>
    <RelativePosition>true</RelativePosition>
    <Location>
      <X>42</X>
      <Y>1</Y>
    </Location>
    <Size>
      <CX>40</CX>
      <CY>40</CY>
    </Size>
    <Text>2</Text>
    <TextColor>
      <R>0</R>
      <G>0</G>
      <B>0</B>
    </TextColor>
    <DecalSize>
      <CX>40</CX>
      <CY>40</CY>
    </DecalSize>
    <ButtonDrawTemplate>
      <Normal>A_SquareBtnNormal</Normal>
      <PressedFlyby>A_SquareBtnPressedFlyby</PressedFlyby>
      <Pressed>A_SquareBtnPressed</Pressed>
      <Flyby>A_SquareBtnFlyby</Flyby>
      <Disabled>A_SquareBtnDisabled</Disabled>
    </ButtonDrawTemplate>
  </Button>
  <Button item="HB3_Button3">
    <ScreenID>HB3_Button3</ScreenID>
    <Font>1</Font>
    <RelativePosition>true</RelativePosition>
    <Location>
      <X>83</X>
      <Y>1</Y>
    </Location>
    <Size>
      <CX>40</CX>
      <CY>40</CY>
    </Size>
    <Text>3</Text>
    <TextColor>
      <R>0</R>
      <G>0</G>
      <B>0</B>
    </TextColor>
    <DecalSize>
      <CX>40</CX>
      <CY>40</CY>
    </DecalSize>
    <ButtonDrawTemplate>
      <Normal>A_SquareBtnNormal</Normal>
      <PressedFlyby>A_SquareBtnPressedFlyby</PressedFlyby>
      <Pressed>A_SquareBtnPressed</Pressed>
      <Flyby>A_SquareBtnFlyby</Flyby>
      <Disabled>A_SquareBtnDisabled</Disabled>
    </ButtonDrawTemplate>
  </Button>
  <Button item="HB3_Button4">
    <ScreenID>HB3_Button4</ScreenID>
    <Font>1</Font>
    <RelativePosition>true</RelativePosition>
    <Location>
      <X>124</X>
      <Y>1</Y>
    </Location>
    <Size>
      <CX>40</CX>
      <CY>40</CY>
    </Size>
    <Text>4</Text>
    <TextColor>
      <R>0</R>
      <G>0</G>
      <B>0</B>
    </TextColor>
    <DecalSize>
      <CX>40</CX>
      <CY>40</CY>
    </DecalSize>
    <ButtonDrawTemplate>
      <Normal>A_SquareBtnNormal</Normal>
      <PressedFlyby>A_SquareBtnPressedFlyby</PressedFlyby>
      <Pressed>A_SquareBtnPressed</Pressed>
      <Flyby>A_SquareBtnFlyby</Flyby>
      <Disabled>A_SquareBtnDisabled</Disabled>
    </ButtonDrawTemplate>
  </Button>
  <Button item="HB3_Button5">
    <ScreenID>HB3_Button5</ScreenID>
    <Font>1</Font>
    <RelativePosition>true</RelativePosition>
    <Location>
      <X>165</X>
      <Y>1</Y>
    </Location>
    <Size>
      <CX>40</CX>
      <CY>40</CY>
    </Size>
    <Text>5</Text>
    <TextColor>
      <R>0</R>
      <G>0</G>
      <B>0</B>
    </TextColor>
    <DecalSize>
      <CX>40</CX>
      <CY>40</CY>
    </DecalSize>
    <ButtonDrawTemplate>
      <Normal>A_SquareBtnNormal</Normal>
      <PressedFlyby>A_SquareBtnPressedFlyby</PressedFlyby>
      <Pressed>A_SquareBtnPressed</Pressed>
      <Flyby>A_SquareBtnFlyby</Flyby>
      <Disabled>A_SquareBtnDisabled</Disabled>
    </ButtonDrawTemplate>
  </Button>
  <Button item="HB3_Button6">
    <ScreenID>HB3_Button6</ScreenID>
    <Font>1</Font>
    <RelativePosition>true</RelativePosition>
    <Location>
      <X>206</X>
      <Y>1</Y>
    </Location>
    <Size>
      <CX>40</CX>
      <CY>40</CY>
    </Size>
    <Text>6</Text>
    <TextColor>
      <R>0</R>
      <G>0</G>
      <B>0</B>
    </TextColor>
    <DecalSize>
      <CX>40</CX>
      <CY>40</CY>
    </DecalSize>
    <ButtonDrawTemplate>
      <Normal>A_SquareBtnNormal</Normal>
      <PressedFlyby>A_SquareBtnPressedFlyby</PressedFlyby>
      <Pressed>A_SquareBtnPressed</Pressed>
      <Flyby>A_SquareBtnFlyby</Flyby>
      <Disabled>A_SquareBtnDisabled</Disabled>
    </ButtonDrawTemplate>
  </Button>
  <Button item="HB3_Button7">
    <ScreenID>HB3_Button7</ScreenID>
    <Font>1</Font>
    <RelativePosition>true</RelativePosition>
    <Location>
      <X>247</X>
      <Y>1</Y>
    </Location>
    <Size>
      <CX>40</CX>
      <CY>40</CY>
    </Size>
    <Text>7</Text>
    <TextColor>
      <R>0</R>
      <G>0</G>
      <B>0</B>
    </TextColor>
    <DecalSize>
      <CX>40</CX>
      <CY>40</CY>
    </DecalSize>
    <ButtonDrawTemplate>
      <Normal>A_SquareBtnNormal</Normal>
      <PressedFlyby>A_SquareBtnPressedFlyby</PressedFlyby>
      <Pressed>A_SquareBtnPressed</Pressed>
      <Flyby>A_SquareBtnFlyby</Flyby>
      <Disabled>A_SquareBtnDisabled</Disabled>
    </ButtonDrawTemplate>
  </Button>
  <Button item="HB3_Button8">
    <ScreenID>HB3_Button8</ScreenID>
    <Font>1</Font>
    <RelativePosition>true</RelativePosition>
    <Location>
      <X>288</X>
      <Y>1</Y>
    </Location>
    <Size>
      <CX>40</CX>
      <CY>40</CY>
    </Size>
    <Text>8</Text>
    <TextColor>
      <R>0</R>
      <G>0</G>
      <B>0</B>
    </TextColor>
    <DecalSize>
      <CX>40</CX>
      <CY>40</CY>
    </DecalSize>
    <ButtonDrawTemplate>
      <Normal>A_SquareBtnNormal</Normal>
      <PressedFlyby>A_SquareBtnPressedFlyby</PressedFlyby>
      <Pressed>A_SquareBtnPressed</Pressed>
      <Flyby>A_SquareBtnFlyby</Flyby>
      <Disabled>A_SquareBtnDisabled</Disabled>
    </ButtonDrawTemplate>
  </Button>
  <Button item="HB3_Button9">
    <ScreenID>HB3_Button9</ScreenID>
    <Font>1</Font>
    <RelativePosition>true</RelativePosition>
    <Location>
      <X>329</X>
      <Y>1</Y>
    </Location>
    <Size>
      <CX>40</CX>
      <CY>40</CY>
    </Size>
    <Text>9</Text>
    <TextColor>
      <R>0</R>
      <G>0</G>
      <B>0</B>
    </TextColor>
    <DecalSize>
      <CX>40</CX>
      <CY>40</CY>
    </DecalSize>
    <ButtonDrawTemplate>
      <Normal>A_SquareBtnNormal</Normal>
      <PressedFlyby>A_SquareBtnPressedFlyby</PressedFlyby>
      <Pressed>A_SquareBtnPressed</Pressed>
      <Flyby>A_SquareBtnFlyby</Flyby>
      <Disabled>A_SquareBtnDisabled</Disabled>
    </ButtonDrawTemplate>
  </Button>
  <Button item="HB3_Button10">
    <ScreenID>HB3_Button10</ScreenID>
    <Font>1</Font>
    <RelativePosition>true</RelativePosition>
    <Location>
      <X>370</X>
      <Y>1</Y>
    </Location>
    <Size>
      <CX>40</CX>
      <CY>40</CY>
    </Size>
    <Text>10</Text>
    <TextColor>
      <R>0</R>
      <G>0</G>
      <B>0</B>
    </TextColor>
    <DecalSize>
      <CX>40</CX>
      <CY>40</CY>
    </DecalSize>
    <ButtonDrawTemplate>
      <Normal>A_SquareBtnNormal</Normal>
      <PressedFlyby>A_SquareBtnPressedFlyby</PressedFlyby>
      <Pressed>A_SquareBtnPressed</Pressed>
      <Flyby>A_SquareBtnFlyby</Flyby>
      <Disabled>A_SquareBtnDisabled</Disabled>
    </ButtonDrawTemplate>
  </Button>
  <InvSlot item="HB3_InvSlot1">
    <ScreenID>HB3_InvSlot1</ScreenID>
    <RelativePosition>true</RelativePosition>
    <Location>
      <X>1</X>
      <Y>1</Y>
    </Location>
    <Size>
      <CX>40</CX>
      <CY>40</CY>
    </Size>
    <Background>A_RecessedBox</Background>
    <EQType>-1</EQType>
    <Style_VScroll>false</Style_VScroll>
    <Style_HScroll>false</Style_HScroll>
    <Style_Transparent>false</Style_Transparent>
  </InvSlot>
  <InvSlot item="HB3_InvSlot2">
    <ScreenID>HB3_InvSlot2</ScreenID>
    <RelativePosition>true</RelativePosition>
    <Location>
      <X>42</X>
      <Y>1</Y>
    </Location>
    <Size>
      <CX>40</CX>
      <CY>40</CY>
    </Size>
    <Background>A_RecessedBox</Background>
    <EQType>-1</EQType>
    <Style_VScroll>false</Style_VScroll>
    <Style_HScroll>false</Style_HScroll>
    <Style_Transparent>false</Style_Transparent>
  </InvSlot>
  <InvSlot item="HB3_InvSlot3">
    <ScreenID>HB3_InvSlot3</ScreenID>
    <RelativePosition>true</RelativePosition>
    <Location>
      <X>83</X>
      <Y>1</Y>
    </Location>
    <Size>
      <CX>40</CX>
      <CY>40</CY>
    </Size>
    <Background>A_RecessedBox</Background>
    <EQType>-1</EQType>
    <Style_VScroll>false</Style_VScroll>
    <Style_HScroll>false</Style_HScroll>
    <Style_Transparent>false</Style_Transparent>
  </InvSlot>
  <InvSlot item="HB3_InvSlot4">
    <ScreenID>HB3_InvSlot4</ScreenID>
    <RelativePosition>true</RelativePosition>
    <Location>
      <X>124</X>
      <Y>1</Y>
    </Location>
    <Size>
      <CX>40</CX>
      <CY>40</CY>
    </Size>
    <Background>A_RecessedBox</Background>
    <EQType>-1</EQType>
    <Style_VScroll>false</Style_VScroll>
    <Style_HScroll>false</Style_HScroll>
    <Style_Transparent>false</Style_Transparent>
  </InvSlot>
  <InvSlot item="HB3_InvSlot5">
    <ScreenID>HB3_InvSlot5</ScreenID>
    <RelativePosition>true</RelativePosition>
    <Location>
      <X>165</X>
      <Y>1</Y>
    </Location>
    <Size>
      <CX>40</CX>
      <CY>40</CY>
    </Size>
    <Background>A_RecessedBox</Background>
    <EQType>-1</EQType>
    <Style_VScroll>false</Style_VScroll>
    <Style_HScroll>false</Style_HScroll>
    <Style_Transparent>false</Style_Transparent>
  </InvSlot>
  <InvSlot item="HB3_InvSlot6">
    <ScreenID>HB3_InvSlot6</ScreenID>
    <RelativePosition>true</RelativePosition>
    <Location>
      <X>206</X>
      <Y>1</Y>
    </Location>
    <Size>
      <CX>40</CX>
      <CY>40</CY>
    </Size>
    <Background>A_RecessedBox</Background>
    <EQType>-1</EQType>
    <Style_VScroll>false</Style_VScroll>
    <Style_HScroll>false</Style_HScroll>
    <Style_Transparent>false</Style_Transparent>
  </InvSlot>
  <InvSlot item="HB3_InvSlot7">
    <ScreenID>HB3_InvSlot7</ScreenID>
    <RelativePosition>true</RelativePosition>
    <Location>
      <X>247</X>
      <Y>1</Y>
    </Location>
    <Size>
      <CX>40</CX>
      <CY>40</CY>
    </Size>
    <Background>A_RecessedBox</Background>
    <EQType>-1</EQType>
    <Style_VScroll>false</Style_VScroll>
    <Style_HScroll>false</Style_HScroll>
    <Style_Transparent>false</Style_Transparent>
  </InvSlot>
  <InvSlot item="HB3_InvSlot8">
    <ScreenID>HB3_InvSlot8</ScreenID>
    <RelativePosition>true</RelativePosition>
    <Location>
      <X>288</X>
      <Y>1</Y>
    </Location>
    <Size>
      <CX>40</CX>
      <CY>40</CY>
    </Size>
    <Background>A_RecessedBox</Background>
    <EQType>-1</EQType>
    <Style_VScroll>false</Style_VScroll>
    <Style_HScroll>false</Style_HScroll>
    <Style_Transparent>false</Style_Transparent>
  </InvSlot>
  <InvSlot item="HB3_InvSlot9">
    <ScreenID>HB3_InvSlot9</ScreenID>
    <RelativePosition>true</RelativePosition>
    <Location>
      <X>329</X>
      <Y>1</Y>
    </Location>
    <Size>
      <CX>40</CX>
      <CY>40</CY>
    </Size>
    <Background>A_RecessedBox</Background>
    <EQType>-1</EQType>
    <Style_VScroll>false</Style_VScroll>
    <Style_HScroll>false</Style_HScroll>
    <Style_Transparent>false</Style_Transparent>
  </InvSlot>
  <InvSlot item="HB3_InvSlot10">
    <ScreenID>HB3_InvSlot10</ScreenID>
    <RelativePosition>true</RelativePosition>
    <Location>
      <X>370</X>
      <Y>1</Y>
    </Location>
    <Size>
      <CX>40</CX>
      <CY>40</CY>
    </Size>
    <Background>A_RecessedBox</Background>
    <EQType>-1</EQType>
    <Style_VScroll>false</Style_VScroll>
    <Style_HScroll>false</Style_HScroll>
    <Style_Transparent>false</Style_Transparent>
  </InvSlot>
  <SpellGem item="HB3_SpellGem1">
    <ScreenID>HB3_SpellGem1</ScreenID>
    <RelativePosition>true</RelativePosition>
    <Location>
      <X>1</X>
      <Y>1</Y>
    </Location>
    <Size>
      <CX>40</CX>
      <CY>40</CY>
    </Size>
    <SpellGemDrawTemplate>
      <Holder>HB_SpellGemHolder</Holder>
      <Background>A_BtnFlyby</Background>
    </SpellGemDrawTemplate>
    <SpellIconOffsetX>7</SpellIconOffsetX>
    <SpellIconOffsetY>7</SpellIconOffsetY>
  </SpellGem>
  <SpellGem item="HB3_SpellGem2">
    <ScreenID>HB3_SpellGem2</ScreenID>
    <RelativePosition>true</RelativePosition>
    <Location>
      <X>42</X>
      <Y>1</Y>
    </Location>
    <Size>
      <CX>40</CX>
      <CY>40</CY>
    </Size>
    <SpellGemDrawTemplate>
      <Holder>HB_SpellGemHolder</Holder>
      <Background>A_BtnFlyby</Background>
    </SpellGemDrawTemplate>
    <SpellIconOffsetX>7</SpellIconOffsetX>
    <SpellIconOffsetY>7</SpellIconOffsetY>
  </SpellGem>
  <SpellGem item="HB3_SpellGem3">
    <ScreenID>HB3_SpellGem3</ScreenID>
    <RelativePosition>true</RelativePosition>
    <Location>
      <X>83</X>
      <Y>1</Y>
    </Location>
    <Size>
      <CX>40</CX>
      <CY>40</CY>
    </Size>
    <SpellGemDrawTemplate>
      <Holder>HB_SpellGemHolder</Holder>
      <Background>A_BtnFlyby</Background>
    </SpellGemDrawTemplate>
    <SpellIconOffsetX>7</SpellIconOffsetX>
    <SpellIconOffsetY>7</SpellIconOffsetY>
  </SpellGem>
  <SpellGem item="HB3_SpellGem4">
    <ScreenID>HB3_SpellGem4</ScreenID>
    <RelativePosition>true</RelativePosition>
    <Location>
      <X>124</X>
      <Y>1</Y>
    </Location>
    <Size>
      <CX>40</CX>
      <CY>40</CY>
    </Size>
    <SpellGemDrawTemplate>
      <Holder>HB_SpellGemHolder</Holder>
      <Background>A_BtnFlyby</Background>
    </SpellGemDrawTemplate>
    <SpellIconOffsetX>7</SpellIconOffsetX>
    <SpellIconOffsetY>7</SpellIconOffsetY>
  </SpellGem>
  <SpellGem item="HB3_SpellGem5">
    <ScreenID>HB3_SpellGem5</ScreenID>
    <RelativePosition>true</RelativePosition>
    <Location>
      <X>165</X>
      <Y>1</Y>
    </Location>
    <Size>
      <CX>40</CX>
      <CY>40</CY>
    </Size>
    <SpellGemDrawTemplate>
      <Holder>HB_SpellGemHolder</Holder>
      <Background>A_BtnFlyby</Background>
    </SpellGemDrawTemplate>
    <SpellIconOffsetX>7</SpellIconOffsetX>
    <SpellIconOffsetY>7</SpellIconOffsetY>
  </SpellGem>
  <SpellGem item="HB3_SpellGem6">
    <ScreenID>HB3_SpellGem6</ScreenID>
    <RelativePosition>true</RelativePosition>
    <Location>
      <X>206</X>
      <Y>1</Y>
    </Location>
    <Size>
      <CX>40</CX>
      <CY>40</CY>
    </Size>
    <SpellGemDrawTemplate>
      <Holder>HB_SpellGemHolder</Holder>
      <Background>A_BtnFlyby</Background>
    </SpellGemDrawTemplate>
    <SpellIconOffsetX>7</SpellIconOffsetX>
    <SpellIconOffsetY>7</SpellIconOffsetY>
  </SpellGem>
  <SpellGem item="HB3_SpellGem7">
    <ScreenID>HB3_SpellGem7</ScreenID>
    <RelativePosition>true</RelativePosition>
    <Location>
      <X>247</X>
      <Y>1</Y>
    </Location>
    <Size>
      <CX>40</CX>
      <CY>40</CY>
    </Size>
    <SpellGemDrawTemplate>
      <Holder>HB_SpellGemHolder</Holder>
      <Background>A_BtnFlyby</Background>
    </SpellGemDrawTemplate>
    <SpellIconOffsetX>7</SpellIconOffsetX>
    <SpellIconOffsetY>7</SpellIconOffsetY>
  </SpellGem>
  <SpellGem item="HB3_SpellGem8">
    <ScreenID>HB3_SpellGem8</ScreenID>
    <RelativePosition>true</RelativePosition>
    <Location>
      <X>288</X>
      <Y>1</Y>
    </Location>
    <Size>
      <CX>40</CX>
      <CY>40</CY>
    </Size>
    <SpellGemDrawTemplate>
      <Holder>HB_SpellGemHolder</Holder>
      <Background>A_BtnFlyby</Background>
    </SpellGemDrawTemplate>
    <SpellIconOffsetX>7</SpellIconOffsetX>
    <SpellIconOffsetY>7</SpellIconOffsetY>
  </SpellGem>
  <SpellGem item="HB3_SpellGem9">
    <ScreenID>HB3_SpellGem9</ScreenID>
    <RelativePosition>true</RelativePosition>
    <Location>
      <X>329</X>
      <Y>1</Y>
    </Location>
    <Size>
      <CX>40</CX>
      <CY>40</CY>
    </Size>
    <SpellGemDrawTemplate>
      <Holder>HB_SpellGemHolder</Holder>
      <Background>A_BtnFlyby</Background>
    </SpellGemDrawTemplate>
    <SpellIconOffsetX>7</SpellIconOffsetX>
    <SpellIconOffsetY>7</SpellIconOffsetY>
  </SpellGem>
  <SpellGem item="HB3_SpellGem10">
    <ScreenID>HB3_SpellGem10</ScreenID>
    <RelativePosition>true</RelativePosition>
    <Location>
      <X>370</X>
      <Y>1</Y>
    </Location>
    <Size>
      <CX>40</CX>
      <CY>40</CY>
    </Size>
    <SpellGemDrawTemplate>
      <Holder>HB_SpellGemHolder</Holder>
      <Background>A_BtnFlyby</Background>
    </SpellGemDrawTemplate>
    <SpellIconOffsetX>7</SpellIconOffsetX>
    <SpellIconOffsetY>7</SpellIconOffsetY>
  </SpellGem>
  <Button item="HB3_FileButton">
    <ScreenID>HB3_FileButton</ScreenID>
    <Font>1</Font>
    <RelativePosition>true</RelativePosition>
    <Location>
      <X>1</X>
      <Y>26</Y>
    </Location>
    <Size>
      <CX>1</CX>
      <CY>1</CY>
    </Size>
    <Style_Checkbox>false</Style_Checkbox>
    <Text>HB 3</Text>
    <TextColor>
      <R>255</R>
      <G>255</G>
      <B>255</B>
    </TextColor>
    <ButtonDrawTemplate>
      <Normal>A_SquareBtnNormal</Normal>
      <Pressed>A_SquareBtnPressed</Pressed>
      <Flyby>A_SquareBtnFlyby</Flyby>
      <Disabled>A_SquareBtnDisabled</Disabled>
      <PressedFlyby>A_SquareBtnPressedFlyby</PressedFlyby>
    </ButtonDrawTemplate>
  </Button>
  <Screen item="HotButtonWnd3">
    <ScreenID />
    <Font>2</Font>
    <RelativePosition>false</RelativePosition>
    <Location>
      <X>0</X>
      <Y>230</Y>
    </Location>
    <Size>
      <CX>665</CX>
      <CY>50</CY>
    </Size>
    <Text>Hot Buttons 3</Text>
    <Style_VScroll>false</Style_VScroll>
    <Style_HScroll>false</Style_HScroll>
    <Style_Transparent>false</Style_Transparent>
    <TooltipReference>Hot Buttons</TooltipReference>
    <DrawTemplate>WDT_RoundedNoTitle</DrawTemplate>
    <Style_Titlebar>false</Style_Titlebar>
    <Style_Closebox>true</Style_Closebox>
    <Style_Minimizebox>false</Style_Minimizebox>
    <Style_Border>true</Style_Border>
    <Style_Sizable>false</Style_Sizable>
    <Pieces>HB3_PageLeftButton</Pieces>
    <Pieces>HB3_PageRightButton</Pieces>
    <Pieces>HB3_CurrentPageLabel</Pieces>
    <Pieces>HB3_Button1</Pieces>
    <Pieces>HB3_Button2</Pieces>
    <Pieces>HB3_Button3</Pieces>
    <Pieces>HB3_Button4</Pieces>
    <Pieces>HB3_Button5</Pieces>
    <Pieces>HB3_Button6</Pieces>
    <Pieces>HB3_Button7</Pieces>
    <Pieces>HB3_Button8</Pieces>
    <Pieces>HB3_Button9</Pieces>
    <Pieces>HB3_Button10</Pieces>
    <Pieces>HB3_InvSlot1</Pieces>
    <Pieces>HB3_InvSlot2</Pieces>
    <Pieces>HB3_InvSlot3</Pieces>
    <Pieces>HB3_InvSlot4</Pieces>
    <Pieces>HB3_InvSlot5</Pieces>
    <Pieces>HB3_InvSlot6</Pieces>
    <Pieces>HB3_InvSlot7</Pieces>
    <Pieces>HB3_InvSlot8</Pieces>
    <Pieces>HB3_InvSlot9</Pieces>
    <Pieces>HB3_InvSlot10</Pieces>
    <Pieces>HB3_SpellGem1</Pieces>
    <Pieces>HB3_SpellGem2</Pieces>
    <Pieces>HB3_SpellGem3</Pieces>
    <Pieces>HB3_SpellGem4</Pieces>
    <Pieces>HB3_SpellGem5</Pieces>
    <Pieces>HB3_SpellGem6</Pieces>
    <Pieces>HB3_SpellGem7</Pieces>
    <Pieces>HB3_SpellGem8</Pieces>
    <Pieces>HB3_SpellGem9</Pieces>
    <Pieces>HB3_SpellGem10</Pieces>
    <Pieces>HB3_FileButton</Pieces>
  </Screen>
  <Button item="HB4_PageLeftButton">
    <ScreenID>HB4_PageLeftButton</ScreenID>
    <Font>1</Font>
    <RelativePosition>true</RelativePosition>
    <Location>
      <X>1</X>
      <Y>1</Y>
    </Location>
    <Size>
      <CX>1</CX>
      <CY>1</CY>
    </Size>
    <Text />
    <TextColor>
      <R>255</R>
      <G>255</G>
      <B>255</B>
    </TextColor>
    <ButtonDrawTemplate>
      <Normal>A_VSBDownNormal</Normal>
      <Pressed>A_VSBDownPressed</Pressed>
      <Flyby>A_VSBDownFlyby</Flyby>
      <Disabled>A_VSBDownDisabled</Disabled>
      <PressedFlyby>A_VSBDownPressedFlyby</PressedFlyby>
    </ButtonDrawTemplate>
  </Button>
  <Label item="HB4_CurrentPageLabel">
    <ScreenID>HB4_CurrentPageLabel</ScreenID>
    <Font>1</Font>
    <RelativePosition>true</RelativePosition>
    <Location>
      <X>13</X>
      <Y>7</Y>
    </Location>
    <Size>
      <CX>1</CX>
      <CY>1</CY>
    </Size>
    <Text>1</Text>
    <TextColor>
      <R>255</R>
      <G>255</G>
      <B>255</B>
    </TextColor>
    <NoWrap>false</NoWrap>
    <AlignCenter>true</AlignCenter>
    <AlignRight>false</AlignRight>
  </Label>
  <Button item="HB4_PageRightButton">
    <ScreenID>HB4_PageRightButton</ScreenID>
    <Font>1</Font>
    <RelativePosition>true</RelativePosition>
    <Location>
      <X>29</X>
      <Y>1</Y>
    </Location>
    <Size>
      <CX>1</CX>
      <CY>1</CY>
    </Size>
    <Text />
    <TextColor>
      <R>255</R>
      <G>255</G>
      <B>255</B>
    </TextColor>
    <ButtonDrawTemplate>
      <Normal>A_VSBUpNormal</Normal>
      <Pressed>A_VSBUpPressed</Pressed>
      <Flyby>A_VSBUpFlyby</Flyby>
      <Disabled>A_VSBUpDisabled</Disabled>
      <PressedFlyby>A_VSBUpPressedFlyby</PressedFlyby>
    </ButtonDrawTemplate>
  </Button>
  <Button item="HB4_Button1">
    <ScreenID>HB4_Button1</ScreenID>
    <Font>1</Font>
    <RelativePosition>true</RelativePosition>
    <Location>
      <X>1</X>
      <Y>1</Y>
    </Location>
    <Size>
      <CX>40</CX>
      <CY>40</CY>
    </Size>
    <Text>1</Text>
    <TextColor>
      <R>0</R>
      <G>0</G>
      <B>0</B>
    </TextColor>
    <DecalSize>
      <CX>40</CX>
      <CY>40</CY>
    </DecalSize>
    <ButtonDrawTemplate>
      <Normal>A_SquareBtnNormal</Normal>
      <PressedFlyby>A_SquareBtnPressedFlyby</PressedFlyby>
      <Pressed>A_SquareBtnPressed</Pressed>
      <Flyby>A_SquareBtnFlyby</Flyby>
      <Disabled>A_SquareBtnDisabled</Disabled>
    </ButtonDrawTemplate>
  </Button>
  <Button item="HB4_Button2">
    <ScreenID>HB4_Button2</ScreenID>
    <Font>1</Font>
    <RelativePosition>true</RelativePosition>
    <Location>
      <X>42</X>
      <Y>1</Y>
    </Location>
    <Size>
      <CX>40</CX>
      <CY>40</CY>
    </Size>
    <Text>2</Text>
    <TextColor>
      <R>0</R>
      <G>0</G>
      <B>0</B>
    </TextColor>
    <DecalSize>
      <CX>40</CX>
      <CY>40</CY>
    </DecalSize>
    <ButtonDrawTemplate>
      <Normal>A_SquareBtnNormal</Normal>
      <PressedFlyby>A_SquareBtnPressedFlyby</PressedFlyby>
      <Pressed>A_SquareBtnPressed</Pressed>
      <Flyby>A_SquareBtnFlyby</Flyby>
      <Disabled>A_SquareBtnDisabled</Disabled>
    </ButtonDrawTemplate>
  </Button>
  <Button item="HB4_Button3">
    <ScreenID>HB4_Button3</ScreenID>
    <Font>1</Font>
    <RelativePosition>true</RelativePosition>
    <Location>
      <X>83</X>
      <Y>1</Y>
    </Location>
    <Size>
      <CX>40</CX>
      <CY>40</CY>
    </Size>
    <Text>3</Text>
    <TextColor>
      <R>0</R>
      <G>0</G>
      <B>0</B>
    </TextColor>
    <DecalSize>
      <CX>40</CX>
      <CY>40</CY>
    </DecalSize>
    <ButtonDrawTemplate>
      <Normal>A_SquareBtnNormal</Normal>
      <PressedFlyby>A_SquareBtnPressedFlyby</PressedFlyby>
      <Pressed>A_SquareBtnPressed</Pressed>
      <Flyby>A_SquareBtnFlyby</Flyby>
      <Disabled>A_SquareBtnDisabled</Disabled>
    </ButtonDrawTemplate>
  </Button>
  <Button item="HB4_Button4">
    <ScreenID>HB4_Button4</ScreenID>
    <Font>1</Font>
    <RelativePosition>true</RelativePosition>
    <Location>
      <X>124</X>
      <Y>1</Y>
    </Location>
    <Size>
      <CX>40</CX>
      <CY>40</CY>
    </Size>
    <Text>4</Text>
    <TextColor>
      <R>0</R>
      <G>0</G>
      <B>0</B>
    </TextColor>
    <DecalSize>
      <CX>40</CX>
      <CY>40</CY>
    </DecalSize>
    <ButtonDrawTemplate>
      <Normal>A_SquareBtnNormal</Normal>
      <PressedFlyby>A_SquareBtnPressedFlyby</PressedFlyby>
      <Pressed>A_SquareBtnPressed</Pressed>
      <Flyby>A_SquareBtnFlyby</Flyby>
      <Disabled>A_SquareBtnDisabled</Disabled>
    </ButtonDrawTemplate>
  </Button>
  <Button item="HB4_Button5">
    <ScreenID>HB4_Button5</ScreenID>
    <Font>1</Font>
    <RelativePosition>true</RelativePosition>
    <Location>
      <X>165</X>
      <Y>1</Y>
    </Location>
    <Size>
      <CX>40</CX>
      <CY>40</CY>
    </Size>
    <Text>5</Text>
    <TextColor>
      <R>0</R>
      <G>0</G>
      <B>0</B>
    </TextColor>
    <DecalSize>
      <CX>40</CX>
      <CY>40</CY>
    </DecalSize>
    <ButtonDrawTemplate>
      <Normal>A_SquareBtnNormal</Normal>
      <PressedFlyby>A_SquareBtnPressedFlyby</PressedFlyby>
      <Pressed>A_SquareBtnPressed</Pressed>
      <Flyby>A_SquareBtnFlyby</Flyby>
      <Disabled>A_SquareBtnDisabled</Disabled>
    </ButtonDrawTemplate>
  </Button>
  <Button item="HB4_Button6">
    <ScreenID>HB4_Button6</ScreenID>
    <Font>1</Font>
    <RelativePosition>true</RelativePosition>
    <Location>
      <X>206</X>
      <Y>1</Y>
    </Location>
    <Size>
      <CX>40</CX>
      <CY>40</CY>
    </Size>
    <Text>6</Text>
    <TextColor>
      <R>0</R>
      <G>0</G>
      <B>0</B>
    </TextColor>
    <DecalSize>
      <CX>40</CX>
      <CY>40</CY>
    </DecalSize>
    <ButtonDrawTemplate>
      <Normal>A_SquareBtnNormal</Normal>
      <PressedFlyby>A_SquareBtnPressedFlyby</PressedFlyby>
      <Pressed>A_SquareBtnPressed</Pressed>
      <Flyby>A_SquareBtnFlyby</Flyby>
      <Disabled>A_SquareBtnDisabled</Disabled>
    </ButtonDrawTemplate>
  </Button>
  <Button item="HB4_Button7">
    <ScreenID>HB4_Button7</ScreenID>
    <Font>1</Font>
    <RelativePosition>true</RelativePosition>
    <Location>
      <X>247</X>
      <Y>1</Y>
    </Location>
    <Size>
      <CX>40</CX>
      <CY>40</CY>
    </Size>
    <Text>7</Text>
    <TextColor>
      <R>0</R>
      <G>0</G>
      <B>0</B>
    </TextColor>
    <DecalSize>
      <CX>40</CX>
      <CY>40</CY>
    </DecalSize>
    <ButtonDrawTemplate>
      <Normal>A_SquareBtnNormal</Normal>
      <PressedFlyby>A_SquareBtnPressedFlyby</PressedFlyby>
      <Pressed>A_SquareBtnPressed</Pressed>
      <Flyby>A_SquareBtnFlyby</Flyby>
      <Disabled>A_SquareBtnDisabled</Disabled>
    </ButtonDrawTemplate>
  </Button>
  <Button item="HB4_Button8">
    <ScreenID>HB4_Button8</ScreenID>
    <Font>1</Font>
    <RelativePosition>true</RelativePosition>
    <Location>
      <X>288</X>
      <Y>1</Y>
    </Location>
    <Size>
      <CX>40</CX>
      <CY>40</CY>
    </Size>
    <Text>8</Text>
    <TextColor>
      <R>0</R>
      <G>0</G>
      <B>0</B>
    </TextColor>
    <DecalSize>
      <CX>40</CX>
      <CY>40</CY>
    </DecalSize>
    <ButtonDrawTemplate>
      <Normal>A_SquareBtnNormal</Normal>
      <PressedFlyby>A_SquareBtnPressedFlyby</PressedFlyby>
      <Pressed>A_SquareBtnPressed</Pressed>
      <Flyby>A_SquareBtnFlyby</Flyby>
      <Disabled>A_SquareBtnDisabled</Disabled>
    </ButtonDrawTemplate>
  </Button>
  <Button item="HB4_Button9">
    <ScreenID>HB4_Button9</ScreenID>
    <Font>1</Font>
    <RelativePosition>true</RelativePosition>
    <Location>
      <X>329</X>
      <Y>1</Y>
    </Location>
    <Size>
      <CX>40</CX>
      <CY>40</CY>
    </Size>
    <Text>9</Text>
    <TextColor>
      <R>0</R>
      <G>0</G>
      <B>0</B>
    </TextColor>
    <DecalSize>
      <CX>40</CX>
      <CY>40</CY>
    </DecalSize>
    <ButtonDrawTemplate>
      <Normal>A_SquareBtnNormal</Normal>
      <PressedFlyby>A_SquareBtnPressedFlyby</PressedFlyby>
      <Pressed>A_SquareBtnPressed</Pressed>
      <Flyby>A_SquareBtnFlyby</Flyby>
      <Disabled>A_SquareBtnDisabled</Disabled>
    </ButtonDrawTemplate>
  </Button>
  <Button item="HB4_Button10">
    <ScreenID>HB4_Button10</ScreenID>
    <Font>1</Font>
    <RelativePosition>true</RelativePosition>
    <Location>
      <X>370</X>
      <Y>1</Y>
    </Location>
    <Size>
      <CX>40</CX>
      <CY>40</CY>
    </Size>
    <Text>10</Text>
    <TextColor>
      <R>0</R>
      <G>0</G>
      <B>0</B>
    </TextColor>
    <DecalSize>
      <CX>40</CX>
      <CY>40</CY>
    </DecalSize>
    <ButtonDrawTemplate>
      <Normal>A_SquareBtnNormal</Normal>
      <PressedFlyby>A_SquareBtnPressedFlyby</PressedFlyby>
      <Pressed>A_SquareBtnPressed</Pressed>
      <Flyby>A_SquareBtnFlyby</Flyby>
      <Disabled>A_SquareBtnDisabled</Disabled>
    </ButtonDrawTemplate>
  </Button>
  <InvSlot item="HB4_InvSlot1">
    <ScreenID>HB4_InvSlot1</ScreenID>
    <RelativePosition>true</RelativePosition>
    <Location>
      <X>1</X>
      <Y>1</Y>
    </Location>
    <Size>
      <CX>40</CX>
      <CY>40</CY>
    </Size>
    <Background>A_RecessedBox</Background>
    <EQType>-1</EQType>
    <Style_VScroll>false</Style_VScroll>
    <Style_HScroll>false</Style_HScroll>
    <Style_Transparent>false</Style_Transparent>
  </InvSlot>
  <InvSlot item="HB4_InvSlot2">
    <ScreenID>HB4_InvSlot2</ScreenID>
    <RelativePosition>true</RelativePosition>
    <Location>
      <X>42</X>
      <Y>1</Y>
    </Location>
    <Size>
      <CX>40</CX>
      <CY>40</CY>
    </Size>
    <Background>A_RecessedBox</Background>
    <EQType>-1</EQType>
    <Style_VScroll>false</Style_VScroll>
    <Style_HScroll>false</Style_HScroll>
    <Style_Transparent>false</Style_Transparent>
  </InvSlot>
  <InvSlot item="HB4_InvSlot3">
    <ScreenID>HB4_InvSlot3</ScreenID>
    <RelativePosition>true</RelativePosition>
    <Location>
      <X>83</X>
      <Y>1</Y>
    </Location>
    <Size>
      <CX>40</CX>
      <CY>40</CY>
    </Size>
    <Background>A_RecessedBox</Background>
    <EQType>-1</EQType>
    <Style_VScroll>false</Style_VScroll>
    <Style_HScroll>false</Style_HScroll>
    <Style_Transparent>false</Style_Transparent>
  </InvSlot>
  <InvSlot item="HB4_InvSlot4">
    <ScreenID>HB4_InvSlot4</ScreenID>
    <RelativePosition>true</RelativePosition>
    <Location>
      <X>124</X>
      <Y>1</Y>
    </Location>
    <Size>
      <CX>40</CX>
      <CY>40</CY>
    </Size>
    <Background>A_RecessedBox</Background>
    <EQType>-1</EQType>
    <Style_VScroll>false</Style_VScroll>
    <Style_HScroll>false</Style_HScroll>
    <Style_Transparent>false</Style_Transparent>
  </InvSlot>
  <InvSlot item="HB4_InvSlot5">
    <ScreenID>HB4_InvSlot5</ScreenID>
    <RelativePosition>true</RelativePosition>
    <Location>
      <X>165</X>
      <Y>1</Y>
    </Location>
    <Size>
      <CX>40</CX>
      <CY>40</CY>
    </Size>
    <Background>A_RecessedBox</Background>
    <EQType>-1</EQType>
    <Style_VScroll>false</Style_VScroll>
    <Style_HScroll>false</Style_HScroll>
    <Style_Transparent>false</Style_Transparent>
  </InvSlot>
  <InvSlot item="HB4_InvSlot6">
    <ScreenID>HB4_InvSlot6</ScreenID>
    <RelativePosition>true</RelativePosition>
    <Location>
      <X>206</X>
      <Y>1</Y>
    </Location>
    <Size>
      <CX>40</CX>
      <CY>40</CY>
    </Size>
    <Background>A_RecessedBox</Background>
    <EQType>-1</EQType>
    <Style_VScroll>false</Style_VScroll>
    <Style_HScroll>false</Style_HScroll>
    <Style_Transparent>false</Style_Transparent>
  </InvSlot>
  <InvSlot item="HB4_InvSlot7">
    <ScreenID>HB4_InvSlot7</ScreenID>
    <RelativePosition>true</RelativePosition>
    <Location>
      <X>247</X>
      <Y>1</Y>
    </Location>
    <Size>
      <CX>40</CX>
      <CY>40</CY>
    </Size>
    <Background>A_RecessedBox</Background>
    <EQType>-1</EQType>
    <Style_VScroll>false</Style_VScroll>
    <Style_HScroll>false</Style_HScroll>
    <Style_Transparent>false</Style_Transparent>
  </InvSlot>
  <InvSlot item="HB4_InvSlot8">
    <ScreenID>HB4_InvSlot8</ScreenID>
    <RelativePosition>true</RelativePosition>
    <Location>
      <X>288</X>
      <Y>1</Y>
    </Location>
    <Size>
      <CX>40</CX>
      <CY>40</CY>
    </Size>
    <Background>A_RecessedBox</Background>
    <EQType>-1</EQType>
    <Style_VScroll>false</Style_VScroll>
    <Style_HScroll>false</Style_HScroll>
    <Style_Transparent>false</Style_Transparent>
  </InvSlot>
  <InvSlot item="HB4_InvSlot9">
    <ScreenID>HB4_InvSlot9</ScreenID>
    <RelativePosition>true</RelativePosition>
    <Location>
      <X>329</X>
      <Y>1</Y>
    </Location>
    <Size>
      <CX>40</CX>
      <CY>40</CY>
    </Size>
    <Background>A_RecessedBox</Background>
    <EQType>-1</EQType>
    <Style_VScroll>false</Style_VScroll>
    <Style_HScroll>false</Style_HScroll>
    <Style_Transparent>false</Style_Transparent>
  </InvSlot>
  <InvSlot item="HB4_InvSlot10">
    <ScreenID>HB4_InvSlot10</ScreenID>
    <RelativePosition>true</RelativePosition>
    <Location>
      <X>370</X>
      <Y>1</Y>
    </Location>
    <Size>
      <CX>40</CX>
      <CY>40</CY>
    </Size>
    <Background>A_RecessedBox</Background>
    <EQType>-1</EQType>
    <Style_VScroll>false</Style_VScroll>
    <Style_HScroll>false</Style_HScroll>
    <Style_Transparent>false</Style_Transparent>
  </InvSlot>
  <SpellGem item="HB4_SpellGem1">
    <ScreenID>HB4_SpellGem1</ScreenID>
    <RelativePosition>true</RelativePosition>
    <Location>
      <X>1</X>
      <Y>1</Y>
    </Location>
    <Size>
      <CX>40</CX>
      <CY>40</CY>
    </Size>
    <SpellGemDrawTemplate>
      <Holder>HB_SpellGemHolder</Holder>
      <Background>A_BtnFlyby</Background>
    </SpellGemDrawTemplate>
    <SpellIconOffsetX>7</SpellIconOffsetX>
    <SpellIconOffsetY>7</SpellIconOffsetY>
  </SpellGem>
  <SpellGem item="HB4_SpellGem2">
    <ScreenID>HB4_SpellGem2</ScreenID>
    <RelativePosition>true</RelativePosition>
    <Location>
      <X>42</X>
      <Y>1</Y>
    </Location>
    <Size>
      <CX>40</CX>
      <CY>40</CY>
    </Size>
    <SpellGemDrawTemplate>
      <Holder>HB_SpellGemHolder</Holder>
      <Background>A_BtnFlyby</Background>
    </SpellGemDrawTemplate>
    <SpellIconOffsetX>7</SpellIconOffsetX>
    <SpellIconOffsetY>7</SpellIconOffsetY>
  </SpellGem>
  <SpellGem item="HB4_SpellGem3">
    <ScreenID>HB4_SpellGem3</ScreenID>
    <RelativePosition>true</RelativePosition>
    <Location>
      <X>83</X>
      <Y>1</Y>
    </Location>
    <Size>
      <CX>40</CX>
      <CY>40</CY>
    </Size>
    <SpellGemDrawTemplate>
      <Holder>HB_SpellGemHolder</Holder>
      <Background>A_BtnFlyby</Background>
    </SpellGemDrawTemplate>
    <SpellIconOffsetX>7</SpellIconOffsetX>
    <SpellIconOffsetY>7</SpellIconOffsetY>
  </SpellGem>
  <SpellGem item="HB4_SpellGem4">
    <ScreenID>HB4_SpellGem4</ScreenID>
    <RelativePosition>true</RelativePosition>
    <Location>
      <X>124</X>
      <Y>1</Y>
    </Location>
    <Size>
      <CX>40</CX>
      <CY>40</CY>
    </Size>
    <SpellGemDrawTemplate>
      <Holder>HB_SpellGemHolder</Holder>
      <Background>A_BtnFlyby</Background>
    </SpellGemDrawTemplate>
    <SpellIconOffsetX>7</SpellIconOffsetX>
    <SpellIconOffsetY>7</SpellIconOffsetY>
  </SpellGem>
  <SpellGem item="HB4_SpellGem5">
    <ScreenID>HB4_SpellGem5</ScreenID>
    <RelativePosition>true</RelativePosition>
    <Location>
      <X>165</X>
      <Y>1</Y>
    </Location>
    <Size>
      <CX>40</CX>
      <CY>40</CY>
    </Size>
    <SpellGemDrawTemplate>
      <Holder>HB_SpellGemHolder</Holder>
      <Background>A_BtnFlyby</Background>
    </SpellGemDrawTemplate>
    <SpellIconOffsetX>7</SpellIconOffsetX>
    <SpellIconOffsetY>7</SpellIconOffsetY>
  </SpellGem>
  <SpellGem item="HB4_SpellGem6">
    <ScreenID>HB4_SpellGem6</ScreenID>
    <RelativePosition>true</RelativePosition>
    <Location>
      <X>206</X>
      <Y>1</Y>
    </Location>
    <Size>
      <CX>40</CX>
      <CY>40</CY>
    </Size>
    <SpellGemDrawTemplate>
      <Holder>HB_SpellGemHolder</Holder>
      <Background>A_BtnFlyby</Background>
    </SpellGemDrawTemplate>
    <SpellIconOffsetX>7</SpellIconOffsetX>
    <SpellIconOffsetY>7</SpellIconOffsetY>
  </SpellGem>
  <SpellGem item="HB4_SpellGem7">
    <ScreenID>HB4_SpellGem7</ScreenID>
    <RelativePosition>true</RelativePosition>
    <Location>
      <X>247</X>
      <Y>1</Y>
    </Location>
    <Size>
      <CX>40</CX>
      <CY>40</CY>
    </Size>
    <SpellGemDrawTemplate>
      <Holder>HB_SpellGemHolder</Holder>
      <Background>A_BtnFlyby</Background>
    </SpellGemDrawTemplate>
    <SpellIconOffsetX>7</SpellIconOffsetX>
    <SpellIconOffsetY>7</SpellIconOffsetY>
  </SpellGem>
  <SpellGem item="HB4_SpellGem8">
    <ScreenID>HB4_SpellGem8</ScreenID>
    <RelativePosition>true</RelativePosition>
    <Location>
      <X>288</X>
      <Y>1</Y>
    </Location>
    <Size>
      <CX>40</CX>
      <CY>40</CY>
    </Size>
    <SpellGemDrawTemplate>
      <Holder>HB_SpellGemHolder</Holder>
      <Background>A_BtnFlyby</Background>
    </SpellGemDrawTemplate>
    <SpellIconOffsetX>7</SpellIconOffsetX>
    <SpellIconOffsetY>7</SpellIconOffsetY>
  </SpellGem>
  <SpellGem item="HB4_SpellGem9">
    <ScreenID>HB4_SpellGem9</ScreenID>
    <RelativePosition>true</RelativePosition>
    <Location>
      <X>329</X>
      <Y>1</Y>
    </Location>
    <Size>
      <CX>40</CX>
      <CY>40</CY>
    </Size>
    <SpellGemDrawTemplate>
      <Holder>HB_SpellGemHolder</Holder>
      <Background>A_BtnFlyby</Background>
    </SpellGemDrawTemplate>
    <SpellIconOffsetX>7</SpellIconOffsetX>
    <SpellIconOffsetY>7</SpellIconOffsetY>
  </SpellGem>
  <SpellGem item="HB4_SpellGem10">
    <ScreenID>HB4_SpellGem10</ScreenID>
    <RelativePosition>true</RelativePosition>
    <Location>
      <X>370</X>
      <Y>1</Y>
    </Location>
    <Size>
      <CX>40</CX>
      <CY>40</CY>
    </Size>
    <SpellGemDrawTemplate>
      <Holder>HB_SpellGemHolder</Holder>
      <Background>A_BtnFlyby</Background>
    </SpellGemDrawTemplate>
    <SpellIconOffsetX>7</SpellIconOffsetX>
    <SpellIconOffsetY>7</SpellIconOffsetY>
  </SpellGem>
  <Button item="HB4_FileButton">
    <ScreenID>HB4_FileButton</ScreenID>
    <Font>1</Font>
    <RelativePosition>true</RelativePosition>
    <Location>
      <X>1</X>
      <Y>26</Y>
    </Location>
    <Size>
      <CX>1</CX>
      <CY>1</CY>
    </Size>
    <Style_Checkbox>false</Style_Checkbox>
    <Text>HB 4</Text>
    <TextColor>
      <R>255</R>
      <G>255</G>
      <B>255</B>
    </TextColor>
    <ButtonDrawTemplate>
      <Normal>A_SquareBtnNormal</Normal>
      <Pressed>A_SquareBtnPressed</Pressed>
      <Flyby>A_SquareBtnFlyby</Flyby>
      <Disabled>A_SquareBtnDisabled</Disabled>
      <PressedFlyby>A_SquareBtnPressedFlyby</PressedFlyby>
    </ButtonDrawTemplate>
  </Button>
  <Screen item="HotButtonWnd4">
    <ScreenID />
    <Font>2</Font>
    <RelativePosition>false</RelativePosition>
    <Location>
      <X>0</X>
      <Y>230</Y>
    </Location>
    <Size>
      <CX>665</CX>
      <CY>50</CY>
    </Size>
    <Text>Hot Buttons 4</Text>
    <Style_VScroll>false</Style_VScroll>
    <Style_HScroll>false</Style_HScroll>
    <Style_Transparent>false</Style_Transparent>
    <TooltipReference>Hot Buttons</TooltipReference>
    <DrawTemplate>WDT_RoundedNoTitle</DrawTemplate>
    <Style_Titlebar>false</Style_Titlebar>
    <Style_Closebox>true</Style_Closebox>
    <Style_Minimizebox>false</Style_Minimizebox>
    <Style_Border>true</Style_Border>
    <Style_Sizable>false</Style_Sizable>
    <Pieces>HB4_PageLeftButton</Pieces>
    <Pieces>HB4_PageRightButton</Pieces>
    <Pieces>HB4_CurrentPageLabel</Pieces>
    <Pieces>HB4_Button1</Pieces>
    <Pieces>HB4_Button2</Pieces>
    <Pieces>HB4_Button3</Pieces>
    <Pieces>HB4_Button4</Pieces>
    <Pieces>HB4_Button5</Pieces>
    <Pieces>HB4_Button6</Pieces>
    <Pieces>HB4_Button7</Pieces>
    <Pieces>HB4_Button8</Pieces>
    <Pieces>HB4_Button9</Pieces>
    <Pieces>HB4_Button10</Pieces>
    <Pieces>HB4_InvSlot1</Pieces>
    <Pieces>HB4_InvSlot2</Pieces>
    <Pieces>HB4_InvSlot3</Pieces>
    <Pieces>HB4_InvSlot4</Pieces>
    <Pieces>HB4_InvSlot5</Pieces>
    <Pieces>HB4_InvSlot6</Pieces>
    <Pieces>HB4_InvSlot7</Pieces>
    <Pieces>HB4_InvSlot8</Pieces>
    <Pieces>HB4_InvSlot9</Pieces>
    <Pieces>HB4_InvSlot10</Pieces>
    <Pieces>HB4_SpellGem1</Pieces>
    <Pieces>HB4_SpellGem2</Pieces>
    <Pieces>HB4_SpellGem3</Pieces>
    <Pieces>HB4_SpellGem4</Pieces>
    <Pieces>HB4_SpellGem5</Pieces>
    <Pieces>HB4_SpellGem6</Pieces>
    <Pieces>HB4_SpellGem7</Pieces>
    <Pieces>HB4_SpellGem8</Pieces>
    <Pieces>HB4_SpellGem9</Pieces>
    <Pieces>HB4_SpellGem10</Pieces>
    <Pieces>HB4_FileButton</Pieces>
    <Pieces>Bag7_Slot1</Pieces>
    <Pieces>Bag7_Slot2</Pieces>
    <Pieces>Bag7_Slot3</Pieces>
    <Pieces>Bag7_Slot4</Pieces>
    <Pieces>Bag7_Slot5</Pieces>
    <Pieces>Bag7_Slot6</Pieces>
  </Screen>
  <InvSlot item="Bag7_Slot1">
    <ScreenID>Bag7_slot1</ScreenID>
    <RelativePosition>true</RelativePosition>
    <Location>
      <X>411</X>
      <Y>1</Y>
    </Location>
    <Size>
      <CX>40</CX>
      <CY>40</CY>
    </Size>
    <Background>A_RecessedBox</Background>
    <EQType>311</EQType>
    <Style_VScroll>false</Style_VScroll>
    <Style_HScroll>false</Style_HScroll>
    <Style_Transparent>false</Style_Transparent>
  </InvSlot>
  <InvSlot item="Bag7_Slot2">
    <ScreenID>Bag7_slot2</ScreenID>
    <RelativePosition>true</RelativePosition>
    <Location>
      <X>452</X>
      <Y>1</Y>
    </Location>
    <Size>
      <CX>40</CX>
      <CY>40</CY>
    </Size>
    <Background>A_RecessedBox</Background>
    <EQType>312</EQType>
    <Style_VScroll>false</Style_VScroll>
    <Style_HScroll>false</Style_HScroll>
    <Style_Transparent>false</Style_Transparent>
  </InvSlot>
  <InvSlot item="Bag7_Slot3">
    <ScreenID>Bag7_slot3</ScreenID>
    <RelativePosition>true</RelativePosition>
    <Location>
      <X>493</X>
      <Y>1</Y>
    </Location>
    <Size>
      <CX>40</CX>
      <CY>40</CY>
    </Size>
    <Background>A_RecessedBox</Background>
    <EQType>313</EQType>
    <Style_VScroll>false</Style_VScroll>
    <Style_HScroll>false</Style_HScroll>
    <Style_Transparent>false</Style_Transparent>
  </InvSlot>
  <InvSlot item="Bag7_Slot4">
    <ScreenID>Bag7_slot4</ScreenID>
    <RelativePosition>true</RelativePosition>
    <Location>
      <X>534</X>
      <Y>1</Y>
    </Location>
    <Size>
      <CX>40</CX>
      <CY>40</CY>
    </Size>
    <Background>A_RecessedBox</Background>
    <EQType>314</EQType>
    <Style_VScroll>false</Style_VScroll>
    <Style_HScroll>false</Style_HScroll>
    <Style_Transparent>false</Style_Transparent>
  </InvSlot>
  <InvSlot item="Bag7_Slot5">
    <ScreenID>Bag7_slot5</ScreenID>
    <RelativePosition>true</RelativePosition>
    <Location>
      <X>575</X>
      <Y>1</Y>
    </Location>
    <Size>
      <CX>40</CX>
      <CY>40</CY>
    </Size>
    <Background>A_RecessedBox</Background>
    <EQType>315</EQType>
    <Style_VScroll>false</Style_VScroll>
    <Style_HScroll>false</Style_HScroll>
    <Style_Transparent>false</Style_Transparent>
  </InvSlot>
  <InvSlot item="Bag7_Slot6">
    <ScreenID>Bag7_slot6</ScreenID>
    <RelativePosition>true</RelativePosition>
    <Location>
      <X>616</X>
      <Y>1</Y>
    </Location>
    <Size>
      <CX>40</CX>
      <CY>40</CY>
    </Size>
    <Background>A_RecessedBox</Background>
    <EQType>316</EQType>
    <Style_VScroll>false</Style_VScroll>
    <Style_HScroll>false</Style_HScroll>
    <Style_Transparent>false</Style_Transparent>
  </InvSlot>
</XML>