<?xml version="1.0" encoding="us-ascii"?>
<XML ID="EQInterfaceDefinitionLanguage">
  <Schema xmlns="EverQuestData" xmlns:dt="EverQuestDataTypes" />
  <TextureInfo item="Buff_Background.tga">
    <Size>
      <CX>64</CX>
      <CY>128</CY>
    </Size>
  </TextureInfo>
  <Ui2DAnimation item="Buff_BackgroundLong">
    <Frames>
      <Texture>Buff_Background.tga</Texture>
      <Location>
        <X>1</X>
        <Y>1</Y>
      </Location>
      <Size>
        <CX>24</CX>
        <CY>124</CY>
      </Size>
      <Hotspot>
        <X>0</X>
        <Y>0</Y>
      </Hotspot>
      <Duration>1000</Duration>
    </Frames>
  </Ui2DAnimation>
  <Ui2DAnimation item="Buff_BackgroundShort">
    <Frames>
      <Texture>Buff_Background.tga</Texture>
      <Location>
        <X>1</X>
        <Y>1</Y>
      </Location>
      <Size>
        <CX>24</CX>
        <CY>48</CY>
      </Size>
      <Hotspot>
        <X>0</X>
        <Y>0</Y>
      </Hotspot>
      <Duration>1000</Duration>
    </Frames>
  </Ui2DAnimation>
  <Ui2DAnimation item="Buff_BackgroundSingle">
    <Frames>
      <Texture>Buff_Background.tga</Texture>
      <Location>
        <X>1</X>
        <Y>1</Y>
      </Location>
      <Size>
        <CX>24</CX>
        <CY>24</CY>
      </Size>
      <Hotspot>
        <X>0</X>
        <Y>0</Y>
      </Hotspot>
      <Duration>1000</Duration>
    </Frames>
  </Ui2DAnimation>
  <StaticAnimation item="BW_BuffBackground0">
    <RelativePosition>true</RelativePosition>
    <Location>
      <X>175</X>
      <Y>1</Y>
    </Location>
    <Size>
      <CX>24</CX>
      <CY>124</CY>
    </Size>
    <Animation>Buff_BackgroundLong</Animation>
  </StaticAnimation>
  <StaticAnimation item="BW_BuffBackground1">
    <RelativePosition>true</RelativePosition>
    <Location>
      <X>175</X>
      <Y>126</Y>
    </Location>
    <Size>
      <CX>24</CX>
      <CY>124</CY>
    </Size>
    <Animation>Buff_BackgroundLong</Animation>
  </StaticAnimation>
  <StaticAnimation item="BW_BuffBackground2">
    <RelativePosition>true</RelativePosition>
    <Location>
      <X>175</X>
      <Y>251</Y>
    </Location>
    <Size>
      <CX>24</CX>
      <CY>124</CY>
    </Size>
    <Animation>Buff_BackgroundLong</Animation>
  </StaticAnimation>
  <Label item="BW_Number0Label">
    <ScreenID>BW_Number0Label</ScreenID>
    <Font>1</Font>
    <RelativePosition>true</RelativePosition>
    <Location>
      <X>175</X>
      <Y>7</Y>
    </Location>
    <Size>
      <CX>24</CX>
      <CY>12</CY>
    </Size>
    <Text>1</Text>
    <TextColor>
      <R>175</R>
      <G>175</G>
      <B>175</B>
    </TextColor>
    <NoWrap>false</NoWrap>
    <AlignCenter>true</AlignCenter>
    <AlignRight>false</AlignRight>
    <AlignLeft>false</AlignLeft>
  </Label>
  <Label item="BW_Number1Label">
    <ScreenID>BW_Number1Label</ScreenID>
    <Font>1</Font>
    <RelativePosition>true</RelativePosition>
    <Location>
      <X>175</X>
      <Y>32</Y>
    </Location>
    <Size>
      <CX>24</CX>
      <CY>12</CY>
    </Size>
    <Text>2</Text>
    <TextColor>
      <R>175</R>
      <G>175</G>
      <B>175</B>
    </TextColor>
    <NoWrap>false</NoWrap>
    <AlignCenter>true</AlignCenter>
    <AlignRight>false</AlignRight>
    <AlignLeft>false</AlignLeft>
  </Label>
  <Label item="BW_Number2Label">
    <ScreenID>BW_Number2Label</ScreenID>
    <Font>1</Font>
    <RelativePosition>true</RelativePosition>
    <Location>
      <X>175</X>
      <Y>57</Y>
    </Location>
    <Size>
      <CX>24</CX>
      <CY>12</CY>
    </Size>
    <Text>3</Text>
    <TextColor>
      <R>175</R>
      <G>175</G>
      <B>175</B>
    </TextColor>
    <NoWrap>false</NoWrap>
    <AlignCenter>true</AlignCenter>
    <AlignRight>false</AlignRight>
    <AlignLeft>false</AlignLeft>
  </Label>
  <Label item="BW_Number3Label">
    <ScreenID>BW_Number3Label</ScreenID>
    <Font>1</Font>
    <RelativePosition>true</RelativePosition>
    <Location>
      <X>175</X>
      <Y>82</Y>
    </Location>
    <Size>
      <CX>24</CX>
      <CY>12</CY>
    </Size>
    <Text>4</Text>
    <TextColor>
      <R>175</R>
      <G>175</G>
      <B>175</B>
    </TextColor>
    <NoWrap>false</NoWrap>
    <AlignCenter>true</AlignCenter>
    <AlignRight>false</AlignRight>
    <AlignLeft>false</AlignLeft>
  </Label>
  <Label item="BW_Number4Label">
    <ScreenID>BW_Number4Label</ScreenID>
    <Font>1</Font>
    <RelativePosition>true</RelativePosition>
    <Location>
      <X>175</X>
      <Y>107</Y>
    </Location>
    <Size>
      <CX>24</CX>
      <CY>12</CY>
    </Size>
    <Text>5</Text>
    <TextColor>
      <R>175</R>
      <G>175</G>
      <B>175</B>
    </TextColor>
    <NoWrap>false</NoWrap>
    <AlignCenter>true</AlignCenter>
    <AlignRight>false</AlignRight>
    <AlignLeft>false</AlignLeft>
  </Label>
  <Label item="BW_Number5Label">
    <ScreenID>BW_Number5Label</ScreenID>
    <Font>1</Font>
    <RelativePosition>true</RelativePosition>
    <Location>
      <X>175</X>
      <Y>132</Y>
    </Location>
    <Size>
      <CX>24</CX>
      <CY>12</CY>
    </Size>
    <Text>6</Text>
    <TextColor>
      <R>175</R>
      <G>175</G>
      <B>175</B>
    </TextColor>
    <NoWrap>false</NoWrap>
    <AlignCenter>true</AlignCenter>
    <AlignRight>false</AlignRight>
    <AlignLeft>false</AlignLeft>
  </Label>
  <Label item="BW_Number6Label">
    <ScreenID>BW_Number6Label</ScreenID>
    <Font>1</Font>
    <RelativePosition>true</RelativePosition>
    <Location>
      <X>175</X>
      <Y>157</Y>
    </Location>
    <Size>
      <CX>24</CX>
      <CY>12</CY>
    </Size>
    <Text>7</Text>
    <TextColor>
      <R>175</R>
      <G>175</G>
      <B>175</B>
    </TextColor>
    <NoWrap>false</NoWrap>
    <AlignCenter>true</AlignCenter>
    <AlignRight>false</AlignRight>
    <AlignLeft>false</AlignLeft>
  </Label>
  <Label item="BW_Number7Label">
    <ScreenID>BW_Number7Label</ScreenID>
    <Font>1</Font>
    <RelativePosition>true</RelativePosition>
    <Location>
      <X>175</X>
      <Y>182</Y>
    </Location>
    <Size>
      <CX>24</CX>
      <CY>12</CY>
    </Size>
    <Text>8</Text>
    <TextColor>
      <R>175</R>
      <G>175</G>
      <B>175</B>
    </TextColor>
    <NoWrap>false</NoWrap>
    <AlignCenter>true</AlignCenter>
    <AlignRight>false</AlignRight>
    <AlignLeft>false</AlignLeft>
  </Label>
  <Label item="BW_Number8Label">
    <ScreenID>BW_Number8Label</ScreenID>
    <Font>1</Font>
    <RelativePosition>true</RelativePosition>
    <Location>
      <X>175</X>
      <Y>207</Y>
    </Location>
    <Size>
      <CX>24</CX>
      <CY>12</CY>
    </Size>
    <Text>9</Text>
    <TextColor>
      <R>175</R>
      <G>175</G>
      <B>175</B>
    </TextColor>
    <NoWrap>false</NoWrap>
    <AlignCenter>true</AlignCenter>
    <AlignRight>false</AlignRight>
    <AlignLeft>false</AlignLeft>
  </Label>
  <Label item="BW_Number9Label">
    <ScreenID>BW_Number9Label</ScreenID>
    <Font>1</Font>
    <RelativePosition>true</RelativePosition>
    <Location>
      <X>175</X>
      <Y>232</Y>
    </Location>
    <Size>
      <CX>24</CX>
      <CY>12</CY>
    </Size>
    <Text>10</Text>
    <TextColor>
      <R>175</R>
      <G>175</G>
      <B>175</B>
    </TextColor>
    <NoWrap>false</NoWrap>
    <AlignCenter>true</AlignCenter>
    <AlignRight>false</AlignRight>
    <AlignLeft>false</AlignLeft>
  </Label>
  <Label item="BW_Number10Label">
    <ScreenID>BW_Number10Label</ScreenID>
    <Font>1</Font>
    <RelativePosition>true</RelativePosition>
    <Location>
      <X>175</X>
      <Y>257</Y>
    </Location>
    <Size>
      <CX>24</CX>
      <CY>12</CY>
    </Size>
    <Text>11</Text>
    <TextColor>
      <R>175</R>
      <G>175</G>
      <B>175</B>
    </TextColor>
    <NoWrap>false</NoWrap>
    <AlignCenter>true</AlignCenter>
    <AlignRight>false</AlignRight>
    <AlignLeft>false</AlignLeft>
  </Label>
  <Label item="BW_Number11Label">
    <ScreenID>BW_Number11Label</ScreenID>
    <Font>1</Font>
    <RelativePosition>true</RelativePosition>
    <Location>
      <X>175</X>
      <Y>282</Y>
    </Location>
    <Size>
      <CX>24</CX>
      <CY>12</CY>
    </Size>
    <Text>12</Text>
    <TextColor>
      <R>175</R>
      <G>175</G>
      <B>175</B>
    </TextColor>
    <NoWrap>false</NoWrap>
    <AlignCenter>true</AlignCenter>
    <AlignRight>false</AlignRight>
    <AlignLeft>false</AlignLeft>
  </Label>
  <Label item="BW_Number12Label">
    <ScreenID>BW_Number12Label</ScreenID>
    <Font>1</Font>
    <RelativePosition>true</RelativePosition>
    <Location>
      <X>175</X>
      <Y>307</Y>
    </Location>
    <Size>
      <CX>24</CX>
      <CY>12</CY>
    </Size>
    <Text>13</Text>
    <TextColor>
      <R>175</R>
      <G>175</G>
      <B>175</B>
    </TextColor>
    <NoWrap>false</NoWrap>
    <AlignCenter>true</AlignCenter>
    <AlignRight>false</AlignRight>
    <AlignLeft>false</AlignLeft>
  </Label>
  <Label item="BW_Number13Label">
    <ScreenID>BW_Number13Label</ScreenID>
    <Font>1</Font>
    <RelativePosition>true</RelativePosition>
    <Location>
      <X>175</X>
      <Y>332</Y>
    </Location>
    <Size>
      <CX>24</CX>
      <CY>12</CY>
    </Size>
    <Text>14</Text>
    <TextColor>
      <R>175</R>
      <G>175</G>
      <B>175</B>
    </TextColor>
    <NoWrap>false</NoWrap>
    <AlignCenter>true</AlignCenter>
    <AlignRight>false</AlignRight>
    <AlignLeft>false</AlignLeft>
  </Label>
  <Label item="BW_Number14Label">
    <ScreenID>BW_Number14Label</ScreenID>
    <Font>1</Font>
    <RelativePosition>true</RelativePosition>
    <Location>
      <X>175</X>
      <Y>357</Y>
    </Location>
    <Size>
      <CX>24</CX>
      <CY>12</CY>
    </Size>
    <Text>15</Text>
    <TextColor>
      <R>175</R>
      <G>175</G>
      <B>175</B>
    </TextColor>
    <NoWrap>false</NoWrap>
    <AlignCenter>true</AlignCenter>
    <AlignRight>false</AlignRight>
    <AlignLeft>false</AlignLeft>
  </Label>
  <Label item="BW_Number15Label">
    <ScreenID>BW_Number15Label</ScreenID>
    <Font>1</Font>
    <RelativePosition>true</RelativePosition>
    <Location>
      <X>175</X>
      <Y>382</Y>
    </Location>
    <Size>
      <CX>24</CX>
      <CY>12</CY>
    </Size>
    <Text>16</Text>
    <TextColor>
      <R>175</R>
      <G>175</G>
      <B>175</B>
    </TextColor>
    <NoWrap>false</NoWrap>
    <AlignCenter>true</AlignCenter>
    <AlignRight>false</AlignRight>
    <AlignLeft>false</AlignLeft>
  </Label>
  <Label item="BW_Number16Label">
    <ScreenID>BW_Number16Label</ScreenID>
    <Font>1</Font>
    <RelativePosition>true</RelativePosition>
    <Location>
      <X>175</X>
      <Y>407</Y>
    </Location>
    <Size>
      <CX>24</CX>
      <CY>12</CY>
    </Size>
    <Text>17</Text>
    <TextColor>
      <R>175</R>
      <G>175</G>
      <B>175</B>
    </TextColor>
    <NoWrap>false</NoWrap>
    <AlignCenter>true</AlignCenter>
    <AlignRight>false</AlignRight>
    <AlignLeft>false</AlignLeft>
  </Label>
  <Label item="BW_Number17Label">
    <ScreenID>BW_Number17Label</ScreenID>
    <Font>1</Font>
    <RelativePosition>true</RelativePosition>
    <Location>
      <X>175</X>
      <Y>432</Y>
    </Location>
    <Size>
      <CX>24</CX>
      <CY>12</CY>
    </Size>
    <Text>18</Text>
    <TextColor>
      <R>175</R>
      <G>175</G>
      <B>175</B>
    </TextColor>
    <NoWrap>false</NoWrap>
    <AlignCenter>true</AlignCenter>
    <AlignRight>false</AlignRight>
    <AlignLeft>false</AlignLeft>
  </Label>
  <Label item="BW_Number18Label">
    <ScreenID>BW_Number18Label</ScreenID>
    <Font>1</Font>
    <RelativePosition>true</RelativePosition>
    <Location>
      <X>175</X>
      <Y>457</Y>
    </Location>
    <Size>
      <CX>24</CX>
      <CY>12</CY>
    </Size>
    <Text>19</Text>
    <TextColor>
      <R>175</R>
      <G>175</G>
      <B>175</B>
    </TextColor>
    <NoWrap>false</NoWrap>
    <AlignCenter>true</AlignCenter>
    <AlignRight>false</AlignRight>
    <AlignLeft>false</AlignLeft>
  </Label>
  <Label item="BW_Number19Label">
    <ScreenID>BW_Number19Label</ScreenID>
    <Font>1</Font>
    <RelativePosition>true</RelativePosition>
    <Location>
      <X>175</X>
      <Y>482</Y>
    </Location>
    <Size>
      <CX>24</CX>
      <CY>12</CY>
    </Size>
    <Text>20</Text>
    <TextColor>
      <R>175</R>
      <G>175</G>
      <B>175</B>
    </TextColor>
    <NoWrap>false</NoWrap>
    <AlignCenter>true</AlignCenter>
    <AlignRight>false</AlignRight>
    <AlignLeft>false</AlignLeft>
  </Label>
  <Label item="BW_Number20Label">
    <ScreenID>BW_Number20Label</ScreenID>
    <Font>1</Font>
    <RelativePosition>true</RelativePosition>
    <Location>
      <X>175</X>
      <Y>507</Y>
    </Location>
    <Size>
      <CX>24</CX>
      <CY>12</CY>
    </Size>
    <Text>21</Text>
    <TextColor>
      <R>175</R>
      <G>175</G>
      <B>175</B>
    </TextColor>
    <NoWrap>false</NoWrap>
    <AlignCenter>true</AlignCenter>
    <AlignRight>false</AlignRight>
    <AlignLeft>false</AlignLeft>
  </Label>
  <Label item="BW_Number21Label">
    <ScreenID>BW_Number21Label</ScreenID>
    <Font>1</Font>
    <RelativePosition>true</RelativePosition>
    <Location>
      <X>175</X>
      <Y>532</Y>
    </Location>
    <Size>
      <CX>24</CX>
      <CY>12</CY>
    </Size>
    <Text>22</Text>
    <TextColor>
      <R>175</R>
      <G>175</G>
      <B>175</B>
    </TextColor>
    <NoWrap>false</NoWrap>
    <AlignCenter>true</AlignCenter>
    <AlignRight>false</AlignRight>
    <AlignLeft>false</AlignLeft>
  </Label>
  <Label item="BW_Number22Label">
    <ScreenID>BW_Number22Label</ScreenID>
    <Font>1</Font>
    <RelativePosition>true</RelativePosition>
    <Location>
      <X>175</X>
      <Y>557</Y>
    </Location>
    <Size>
      <CX>24</CX>
      <CY>12</CY>
    </Size>
    <Text>23</Text>
    <TextColor>
      <R>175</R>
      <G>175</G>
      <B>175</B>
    </TextColor>
    <NoWrap>false</NoWrap>
    <AlignCenter>true</AlignCenter>
    <AlignRight>false</AlignRight>
    <AlignLeft>false</AlignLeft>
  </Label>
  <Label item="BW_Number23Label">
    <ScreenID>BW_Number23Label</ScreenID>
    <Font>1</Font>
    <RelativePosition>true</RelativePosition>
    <Location>
      <X>175</X>
      <Y>582</Y>
    </Location>
    <Size>
      <CX>24</CX>
      <CY>12</CY>
    </Size>
    <Text>24</Text>
    <TextColor>
      <R>175</R>
      <G>175</G>
      <B>175</B>
    </TextColor>
    <NoWrap>false</NoWrap>
    <AlignCenter>true</AlignCenter>
    <AlignRight>false</AlignRight>
    <AlignLeft>false</AlignLeft>
  </Label>
  <Label item="BW_Number24Label">
    <ScreenID>BW_Number24Label</ScreenID>
    <Font>1</Font>
    <RelativePosition>true</RelativePosition>
    <Location>
      <X>175</X>
      <Y>607</Y>
    </Location>
    <Size>
      <CX>24</CX>
      <CY>12</CY>
    </Size>
    <Text>25</Text>
    <TextColor>
      <R>175</R>
      <G>175</G>
      <B>175</B>
    </TextColor>
    <NoWrap>false</NoWrap>
    <AlignCenter>true</AlignCenter>
    <AlignRight>false</AlignRight>
    <AlignLeft>false</AlignLeft>
  </Label>
  <Button item="BW_Buff0_Button">
    <ScreenID>Buff0</ScreenID>
    <RelativePosition>true</RelativePosition>
    <Size>
      <CX>24</CX>
      <CY>24</CY>
    </Size>
    <ButtonDrawTemplate>
      <Normal>BlueIconBackground</Normal>
      <NormalDecal>BuffIcons</NormalDecal>
    </ButtonDrawTemplate>
    <DecalOffset>
      <X>2</X>
      <Y>2</Y>
    </DecalOffset>
    <DecalSize>
      <CX>20</CX>
      <CY>20</CY>
    </DecalSize>
  </Button>
  <Button item="BW_Buff1_Button">
    <ScreenID>Buff1</ScreenID>
    <RelativePosition>true</RelativePosition>
    <Size>
      <CX>24</CX>
      <CY>24</CY>
    </Size>
    <ButtonDrawTemplate>
      <Normal>BlueIconBackground</Normal>
      <NormalDecal>BuffIcons</NormalDecal>
    </ButtonDrawTemplate>
    <DecalOffset>
      <X>2</X>
      <Y>2</Y>
    </DecalOffset>
    <DecalSize>
      <CX>20</CX>
      <CY>20</CY>
    </DecalSize>
  </Button>
  <Button item="BW_Buff2_Button">
    <ScreenID>Buff2</ScreenID>
    <RelativePosition>true</RelativePosition>
    <Size>
      <CX>24</CX>
      <CY>24</CY>
    </Size>
    <ButtonDrawTemplate>
      <Normal>BlueIconBackground</Normal>
      <NormalDecal>BuffIcons</NormalDecal>
    </ButtonDrawTemplate>
    <DecalOffset>
      <X>2</X>
      <Y>2</Y>
    </DecalOffset>
    <DecalSize>
      <CX>20</CX>
      <CY>20</CY>
    </DecalSize>
  </Button>
  <Button item="BW_Buff3_Button">
    <ScreenID>Buff3</ScreenID>
    <RelativePosition>true</RelativePosition>
    <Size>
      <CX>24</CX>
      <CY>24</CY>
    </Size>
    <ButtonDrawTemplate>
      <Normal>BlueIconBackground</Normal>
      <NormalDecal>BuffIcons</NormalDecal>
    </ButtonDrawTemplate>
    <DecalOffset>
      <X>2</X>
      <Y>2</Y>
    </DecalOffset>
    <DecalSize>
      <CX>20</CX>
      <CY>20</CY>
    </DecalSize>
  </Button>
  <Button item="BW_Buff4_Button">
    <ScreenID>Buff4</ScreenID>
    <RelativePosition>true</RelativePosition>
    <Size>
      <CX>24</CX>
      <CY>24</CY>
    </Size>
    <ButtonDrawTemplate>
      <Normal>BlueIconBackground</Normal>
      <NormalDecal>BuffIcons</NormalDecal>
    </ButtonDrawTemplate>
    <DecalOffset>
      <X>2</X>
      <Y>2</Y>
    </DecalOffset>
    <DecalSize>
      <CX>20</CX>
      <CY>20</CY>
    </DecalSize>
  </Button>
  <Button item="BW_Buff5_Button">
    <ScreenID>Buff5</ScreenID>
    <RelativePosition>true</RelativePosition>
    <Size>
      <CX>24</CX>
      <CY>24</CY>
    </Size>
    <ButtonDrawTemplate>
      <Normal>BlueIconBackground</Normal>
      <NormalDecal>BuffIcons</NormalDecal>
    </ButtonDrawTemplate>
    <DecalOffset>
      <X>2</X>
      <Y>2</Y>
    </DecalOffset>
    <DecalSize>
      <CX>20</CX>
      <CY>20</CY>
    </DecalSize>
  </Button>
  <Button item="BW_Buff6_Button">
    <ScreenID>Buff6</ScreenID>
    <RelativePosition>true</RelativePosition>
    <Size>
      <CX>24</CX>
      <CY>24</CY>
    </Size>
    <ButtonDrawTemplate>
      <Normal>BlueIconBackground</Normal>
      <NormalDecal>BuffIcons</NormalDecal>
    </ButtonDrawTemplate>
    <DecalOffset>
      <X>2</X>
      <Y>2</Y>
    </DecalOffset>
    <DecalSize>
      <CX>20</CX>
      <CY>20</CY>
    </DecalSize>
  </Button>
  <Button item="BW_Buff7_Button">
    <ScreenID>Buff7</ScreenID>
    <RelativePosition>true</RelativePosition>
    <Size>
      <CX>24</CX>
      <CY>24</CY>
    </Size>
    <ButtonDrawTemplate>
      <Normal>BlueIconBackground</Normal>
      <NormalDecal>BuffIcons</NormalDecal>
    </ButtonDrawTemplate>
    <DecalOffset>
      <X>2</X>
      <Y>2</Y>
    </DecalOffset>
    <DecalSize>
      <CX>20</CX>
      <CY>20</CY>
    </DecalSize>
  </Button>
  <Button item="BW_Buff8_Button">
    <ScreenID>Buff8</ScreenID>
    <RelativePosition>true</RelativePosition>
    <Size>
      <CX>24</CX>
      <CY>24</CY>
    </Size>
    <ButtonDrawTemplate>
      <Normal>BlueIconBackground</Normal>
      <NormalDecal>BuffIcons</NormalDecal>
    </ButtonDrawTemplate>
    <DecalOffset>
      <X>2</X>
      <Y>2</Y>
    </DecalOffset>
    <DecalSize>
      <CX>20</CX>
      <CY>20</CY>
    </DecalSize>
  </Button>
  <Button item="BW_Buff9_Button">
    <ScreenID>Buff9</ScreenID>
    <RelativePosition>true</RelativePosition>
    <Size>
      <CX>24</CX>
      <CY>24</CY>
    </Size>
    <ButtonDrawTemplate>
      <Normal>BlueIconBackground</Normal>
      <NormalDecal>BuffIcons</NormalDecal>
    </ButtonDrawTemplate>
    <DecalOffset>
      <X>2</X>
      <Y>2</Y>
    </DecalOffset>
    <DecalSize>
      <CX>20</CX>
      <CY>20</CY>
    </DecalSize>
  </Button>
  <Button item="BW_Buff10_Button">
    <ScreenID>Buff10</ScreenID>
    <RelativePosition>true</RelativePosition>
    <Size>
      <CX>24</CX>
      <CY>24</CY>
    </Size>
    <ButtonDrawTemplate>
      <Normal>BlueIconBackground</Normal>
      <NormalDecal>BuffIcons</NormalDecal>
    </ButtonDrawTemplate>
    <DecalOffset>
      <X>2</X>
      <Y>2</Y>
    </DecalOffset>
    <DecalSize>
      <CX>20</CX>
      <CY>20</CY>
    </DecalSize>
  </Button>
  <Button item="BW_Buff11_Button">
    <ScreenID>Buff11</ScreenID>
    <RelativePosition>true</RelativePosition>
    <Size>
      <CX>24</CX>
      <CY>24</CY>
    </Size>
    <ButtonDrawTemplate>
      <Normal>BlueIconBackground</Normal>
      <NormalDecal>BuffIcons</NormalDecal>
    </ButtonDrawTemplate>
    <DecalOffset>
      <X>2</X>
      <Y>2</Y>
    </DecalOffset>
    <DecalSize>
      <CX>20</CX>
      <CY>20</CY>
    </DecalSize>
  </Button>
  <Button item="BW_Buff12_Button">
    <ScreenID>Buff12</ScreenID>
    <RelativePosition>true</RelativePosition>
    <Size>
      <CX>24</CX>
      <CY>24</CY>
    </Size>
    <ButtonDrawTemplate>
      <Normal>BlueIconBackground</Normal>
      <NormalDecal>BuffIcons</NormalDecal>
    </ButtonDrawTemplate>
    <DecalOffset>
      <X>2</X>
      <Y>2</Y>
    </DecalOffset>
    <DecalSize>
      <CX>20</CX>
      <CY>20</CY>
    </DecalSize>
  </Button>
  <Button item="BW_Buff13_Button">
    <ScreenID>Buff13</ScreenID>
    <RelativePosition>true</RelativePosition>
    <Size>
      <CX>24</CX>
      <CY>24</CY>
    </Size>
    <ButtonDrawTemplate>
      <Normal>BlueIconBackground</Normal>
      <NormalDecal>BuffIcons</NormalDecal>
    </ButtonDrawTemplate>
    <DecalOffset>
      <X>2</X>
      <Y>2</Y>
    </DecalOffset>
    <DecalSize>
      <CX>20</CX>
      <CY>20</CY>
    </DecalSize>
  </Button>
  <Button item="BW_Buff14_Button">
    <ScreenID>Buff14</ScreenID>
    <RelativePosition>true</RelativePosition>
    <Size>
      <CX>24</CX>
      <CY>24</CY>
    </Size>
    <ButtonDrawTemplate>
      <Normal>BlueIconBackground</Normal>
      <NormalDecal>BuffIcons</NormalDecal>
    </ButtonDrawTemplate>
    <DecalOffset>
      <X>2</X>
      <Y>2</Y>
    </DecalOffset>
    <DecalSize>
      <CX>20</CX>
      <CY>20</CY>
    </DecalSize>
  </Button>
  <Button item="BW_Buff15_Button">
    <ScreenID>Buff15</ScreenID>
    <RelativePosition>true</RelativePosition>
    <Size>
      <CX>24</CX>
      <CY>24</CY>
    </Size>
    <ButtonDrawTemplate>
      <Normal>BlueIconBackground</Normal>
      <NormalDecal>BuffIcons</NormalDecal>
    </ButtonDrawTemplate>
    <DecalOffset>
      <X>2</X>
      <Y>2</Y>
    </DecalOffset>
    <DecalSize>
      <CX>20</CX>
      <CY>20</CY>
    </DecalSize>
  </Button>
  <Button item="BW_Buff16_Button">
    <ScreenID>Buff16</ScreenID>
    <RelativePosition>true</RelativePosition>
    <Size>
      <CX>24</CX>
      <CY>24</CY>
    </Size>
    <ButtonDrawTemplate>
      <Normal>BlueIconBackground</Normal>
      <NormalDecal>BuffIcons</NormalDecal>
    </ButtonDrawTemplate>
    <DecalOffset>
      <X>2</X>
      <Y>2</Y>
    </DecalOffset>
    <DecalSize>
      <CX>20</CX>
      <CY>20</CY>
    </DecalSize>
  </Button>
  <Button item="BW_Buff17_Button">
    <ScreenID>Buff17</ScreenID>
    <RelativePosition>true</RelativePosition>
    <Size>
      <CX>24</CX>
      <CY>24</CY>
    </Size>
    <ButtonDrawTemplate>
      <Normal>BlueIconBackground</Normal>
      <NormalDecal>BuffIcons</NormalDecal>
    </ButtonDrawTemplate>
    <DecalOffset>
      <X>2</X>
      <Y>2</Y>
    </DecalOffset>
    <DecalSize>
      <CX>20</CX>
      <CY>20</CY>
    </DecalSize>
  </Button>
  <Button item="BW_Buff18_Button">
    <ScreenID>Buff18</ScreenID>
    <RelativePosition>true</RelativePosition>
    <Size>
      <CX>24</CX>
      <CY>24</CY>
    </Size>
    <ButtonDrawTemplate>
      <Normal>BlueIconBackground</Normal>
      <NormalDecal>BuffIcons</NormalDecal>
    </ButtonDrawTemplate>
    <DecalOffset>
      <X>2</X>
      <Y>2</Y>
    </DecalOffset>
    <DecalSize>
      <CX>20</CX>
      <CY>20</CY>
    </DecalSize>
  </Button>
  <Button item="BW_Buff19_Button">
    <ScreenID>Buff19</ScreenID>
    <RelativePosition>true</RelativePosition>
    <Size>
      <CX>24</CX>
      <CY>24</CY>
    </Size>
    <ButtonDrawTemplate>
      <Normal>BlueIconBackground</Normal>
      <NormalDecal>BuffIcons</NormalDecal>
    </ButtonDrawTemplate>
    <DecalOffset>
      <X>2</X>
      <Y>2</Y>
    </DecalOffset>
    <DecalSize>
      <CX>20</CX>
      <CY>20</CY>
    </DecalSize>
  </Button>
  <Button item="BW_Buff20_Button">
    <ScreenID>Buff20</ScreenID>
    <RelativePosition>true</RelativePosition>
    <Size>
      <CX>24</CX>
      <CY>24</CY>
    </Size>
    <ButtonDrawTemplate>
      <Normal>BlueIconBackground</Normal>
      <NormalDecal>BuffIcons</NormalDecal>
    </ButtonDrawTemplate>
    <DecalOffset>
      <X>2</X>
      <Y>2</Y>
    </DecalOffset>
    <DecalSize>
      <CX>20</CX>
      <CY>20</CY>
    </DecalSize>
  </Button>
  <Button item="BW_Buff21_Button">
    <ScreenID>Buff21</ScreenID>
    <RelativePosition>true</RelativePosition>
    <Size>
      <CX>24</CX>
      <CY>24</CY>
    </Size>
    <ButtonDrawTemplate>
      <Normal>BlueIconBackground</Normal>
      <NormalDecal>BuffIcons</NormalDecal>
    </ButtonDrawTemplate>
    <DecalOffset>
      <X>2</X>
      <Y>2</Y>
    </DecalOffset>
    <DecalSize>
      <CX>20</CX>
      <CY>20</CY>
    </DecalSize>
  </Button>
  <Button item="BW_Buff22_Button">
    <ScreenID>Buff22</ScreenID>
    <RelativePosition>true</RelativePosition>
    <Size>
      <CX>24</CX>
      <CY>24</CY>
    </Size>
    <ButtonDrawTemplate>
      <Normal>BlueIconBackground</Normal>
      <NormalDecal>BuffIcons</NormalDecal>
    </ButtonDrawTemplate>
    <DecalOffset>
      <X>2</X>
      <Y>2</Y>
    </DecalOffset>
    <DecalSize>
      <CX>20</CX>
      <CY>20</CY>
    </DecalSize>
  </Button>
  <Button item="BW_Buff23_Button">
    <ScreenID>Buff23</ScreenID>
    <RelativePosition>true</RelativePosition>
    <Size>
      <CX>24</CX>
      <CY>24</CY>
    </Size>
    <ButtonDrawTemplate>
      <Normal>BlueIconBackground</Normal>
      <NormalDecal>BuffIcons</NormalDecal>
    </ButtonDrawTemplate>
    <DecalOffset>
      <X>2</X>
      <Y>2</Y>
    </DecalOffset>
    <DecalSize>
      <CX>20</CX>
      <CY>20</CY>
    </DecalSize>
  </Button>
  <Button item="BW_Buff24_Button">
    <ScreenID>Buff24</ScreenID>
    <RelativePosition>true</RelativePosition>
    <Size>
      <CX>24</CX>
      <CY>24</CY>
    </Size>
    <ButtonDrawTemplate>
      <Normal>BlueIconBackground</Normal>
      <NormalDecal>BuffIcons</NormalDecal>
    </ButtonDrawTemplate>
    <DecalOffset>
      <X>2</X>
      <Y>2</Y>
    </DecalOffset>
    <DecalSize>
      <CX>20</CX>
      <CY>20</CY>
    </DecalSize>
  </Button>
  <Label item="BW_Buff0_Label">
    <ScreenID>Buff0Label</ScreenID>
    <EQType>500</EQType>
    <Font>1</Font>
    <RelativePosition>true</RelativePosition>
    <Location>
      <X>30</X>
      <Y>6</Y>
    </Location>
    <Size>
      <CX>142</CX>
      <CY>12</CY>
    </Size>
    <Text />
    <TextColor>
      <R>240</R>
      <G>240</G>
      <B>240</B>
    </TextColor>
    <NoWrap>true</NoWrap>
    <AlignCenter>false</AlignCenter>
    <AlignRight>true</AlignRight>
  </Label>
  <Label item="BW_Buff1_Label">
    <ScreenID>Buff1Label</ScreenID>
    <EQType>501</EQType>
    <Font>1</Font>
    <RelativePosition>true</RelativePosition>
    <Location>
      <X>30</X>
      <Y>31</Y>
    </Location>
    <Size>
      <CX>142</CX>
      <CY>12</CY>
    </Size>
    <Text />
    <TextColor>
      <R>240</R>
      <G>240</G>
      <B>240</B>
    </TextColor>
    <NoWrap>true</NoWrap>
    <AlignCenter>false</AlignCenter>
    <AlignRight>true</AlignRight>
  </Label>
  <Label item="BW_Buff2_Label">
    <ScreenID>Buff2Label</ScreenID>
    <EQType>502</EQType>
    <Font>1</Font>
    <RelativePosition>true</RelativePosition>
    <Location>
      <X>30</X>
      <Y>56</Y>
    </Location>
    <Size>
      <CX>142</CX>
      <CY>12</CY>
    </Size>
    <Text />
    <TextColor>
      <R>240</R>
      <G>240</G>
      <B>240</B>
    </TextColor>
    <NoWrap>true</NoWrap>
    <AlignCenter>false</AlignCenter>
    <AlignRight>true</AlignRight>
  </Label>
  <Label item="BW_Buff3_Label">
    <ScreenID>Buff3Label</ScreenID>
    <EQType>503</EQType>
    <Font>1</Font>
    <RelativePosition>true</RelativePosition>
    <Location>
      <X>30</X>
      <Y>81</Y>
    </Location>
    <Size>
      <CX>142</CX>
      <CY>12</CY>
    </Size>
    <Text />
    <TextColor>
      <R>240</R>
      <G>240</G>
      <B>240</B>
    </TextColor>
    <NoWrap>true</NoWrap>
    <AlignCenter>false</AlignCenter>
    <AlignRight>true</AlignRight>
  </Label>
  <Label item="BW_Buff4_Label">
    <ScreenID>Buff4Label</ScreenID>
    <EQType>504</EQType>
    <Font>1</Font>
    <RelativePosition>true</RelativePosition>
    <Location>
      <X>30</X>
      <Y>106</Y>
    </Location>
    <Size>
      <CX>142</CX>
      <CY>12</CY>
    </Size>
    <Text />
    <TextColor>
      <R>240</R>
      <G>240</G>
      <B>240</B>
    </TextColor>
    <NoWrap>true</NoWrap>
    <AlignCenter>false</AlignCenter>
    <AlignRight>true</AlignRight>
  </Label>
  <Label item="BW_Buff5_Label">
    <ScreenID>Buff5Label</ScreenID>
    <EQType>505</EQType>
    <Font>1</Font>
    <RelativePosition>true</RelativePosition>
    <Location>
      <X>30</X>
      <Y>131</Y>
    </Location>
    <Size>
      <CX>142</CX>
      <CY>12</CY>
    </Size>
    <Text />
    <TextColor>
      <R>240</R>
      <G>240</G>
      <B>240</B>
    </TextColor>
    <NoWrap>true</NoWrap>
    <AlignCenter>false</AlignCenter>
    <AlignRight>true</AlignRight>
  </Label>
  <Label item="BW_Buff6_Label">
    <ScreenID>Buff6Label</ScreenID>
    <EQType>506</EQType>
    <Font>1</Font>
    <RelativePosition>true</RelativePosition>
    <Location>
      <X>30</X>
      <Y>156</Y>
    </Location>
    <Size>
      <CX>142</CX>
      <CY>12</CY>
    </Size>
    <Text />
    <TextColor>
      <R>240</R>
      <G>240</G>
      <B>240</B>
    </TextColor>
    <NoWrap>true</NoWrap>
    <AlignCenter>false</AlignCenter>
    <AlignRight>true</AlignRight>
  </Label>
  <Label item="BW_Buff7_Label">
    <ScreenID>Buff7Label</ScreenID>
    <EQType>507</EQType>
    <Font>1</Font>
    <RelativePosition>true</RelativePosition>
    <Location>
      <X>30</X>
      <Y>181</Y>
    </Location>
    <Size>
      <CX>142</CX>
      <CY>12</CY>
    </Size>
    <Text />
    <TextColor>
      <R>240</R>
      <G>240</G>
      <B>240</B>
    </TextColor>
    <NoWrap>true</NoWrap>
    <AlignCenter>false</AlignCenter>
    <AlignRight>true</AlignRight>
  </Label>
  <Label item="BW_Buff8_Label">
    <ScreenID>Buff8Label</ScreenID>
    <EQType>508</EQType>
    <Font>1</Font>
    <RelativePosition>true</RelativePosition>
    <Location>
      <X>30</X>
      <Y>206</Y>
    </Location>
    <Size>
      <CX>142</CX>
      <CY>12</CY>
    </Size>
    <Text />
    <TextColor>
      <R>240</R>
      <G>240</G>
      <B>240</B>
    </TextColor>
    <NoWrap>true</NoWrap>
    <AlignCenter>false</AlignCenter>
    <AlignRight>true</AlignRight>
  </Label>
  <Label item="BW_Buff9_Label">
    <ScreenID>Buff9Label</ScreenID>
    <EQType>509</EQType>
    <Font>1</Font>
    <RelativePosition>true</RelativePosition>
    <Location>
      <X>30</X>
      <Y>231</Y>
    </Location>
    <Size>
      <CX>142</CX>
      <CY>12</CY>
    </Size>
    <Text />
    <TextColor>
      <R>240</R>
      <G>240</G>
      <B>240</B>
    </TextColor>
    <NoWrap>true</NoWrap>
    <AlignCenter>false</AlignCenter>
    <AlignRight>true</AlignRight>
  </Label>
  <Label item="BW_Buff10_Label">
    <ScreenID>Buff10Label</ScreenID>
    <EQType>510</EQType>
    <Font>1</Font>
    <RelativePosition>true</RelativePosition>
    <Location>
      <X>30</X>
      <Y>256</Y>
    </Location>
    <Size>
      <CX>142</CX>
      <CY>12</CY>
    </Size>
    <Text />
    <TextColor>
      <R>240</R>
      <G>240</G>
      <B>240</B>
    </TextColor>
    <NoWrap>true</NoWrap>
    <AlignCenter>false</AlignCenter>
    <AlignRight>true</AlignRight>
  </Label>
  <Label item="BW_Buff11_Label">
    <ScreenID>Buff11Label</ScreenID>
    <EQType>511</EQType>
    <Font>1</Font>
    <RelativePosition>true</RelativePosition>
    <Location>
      <X>30</X>
      <Y>281</Y>
    </Location>
    <Size>
      <CX>142</CX>
      <CY>12</CY>
    </Size>
    <Text />
    <TextColor>
      <R>240</R>
      <G>240</G>
      <B>240</B>
    </TextColor>
    <NoWrap>true</NoWrap>
    <AlignCenter>false</AlignCenter>
    <AlignRight>true</AlignRight>
  </Label>
  <Label item="BW_Buff12_Label">
    <ScreenID>Buff12Label</ScreenID>
    <EQType>512</EQType>
    <Font>1</Font>
    <RelativePosition>true</RelativePosition>
    <Location>
      <X>30</X>
      <Y>306</Y>
    </Location>
    <Size>
      <CX>142</CX>
      <CY>12</CY>
    </Size>
    <Text />
    <TextColor>
      <R>240</R>
      <G>240</G>
      <B>240</B>
    </TextColor>
    <NoWrap>true</NoWrap>
    <AlignCenter>false</AlignCenter>
    <AlignRight>true</AlignRight>
  </Label>
  <Label item="BW_Buff13_Label">
    <ScreenID>Buff13Label</ScreenID>
    <EQType>513</EQType>
    <Font>1</Font>
    <RelativePosition>true</RelativePosition>
    <Location>
      <X>30</X>
      <Y>331</Y>
    </Location>
    <Size>
      <CX>142</CX>
      <CY>12</CY>
    </Size>
    <Text />
    <TextColor>
      <R>240</R>
      <G>240</G>
      <B>240</B>
    </TextColor>
    <NoWrap>true</NoWrap>
    <AlignCenter>false</AlignCenter>
    <AlignRight>true</AlignRight>
  </Label>
  <Label item="BW_Buff14_Label">
    <ScreenID>Buff14Label</ScreenID>
    <EQType>514</EQType>
    <Font>1</Font>
    <RelativePosition>true</RelativePosition>
    <Location>
      <X>30</X>
      <Y>356</Y>
    </Location>
    <Size>
      <CX>142</CX>
      <CY>12</CY>
    </Size>
    <Text />
    <TextColor>
      <R>240</R>
      <G>240</G>
      <B>240</B>
    </TextColor>
    <NoWrap>true</NoWrap>
    <AlignCenter>false</AlignCenter>
    <AlignRight>true</AlignRight>
  </Label>
  <Label item="BW_Buff15_Label">
    <ScreenID>Buff15Label</ScreenID>
    <EQType>515</EQType>
    <Font>1</Font>
    <RelativePosition>true</RelativePosition>
    <Location>
      <X>30</X>
      <Y>381</Y>
    </Location>
    <Size>
      <CX>142</CX>
      <CY>12</CY>
    </Size>
    <Text />
    <TextColor>
      <R>240</R>
      <G>240</G>
      <B>240</B>
    </TextColor>
    <NoWrap>true</NoWrap>
    <AlignCenter>false</AlignCenter>
    <AlignRight>true</AlignRight>
  </Label>
  <Label item="BW_Buff16_Label">
    <ScreenID>Buff16Label</ScreenID>
    <EQType>516</EQType>
    <Font>1</Font>
    <RelativePosition>true</RelativePosition>
    <Location>
      <X>30</X>
      <Y>406</Y>
    </Location>
    <Size>
      <CX>142</CX>
      <CY>12</CY>
    </Size>
    <Text />
    <TextColor>
      <R>240</R>
      <G>240</G>
      <B>240</B>
    </TextColor>
    <NoWrap>true</NoWrap>
    <AlignCenter>false</AlignCenter>
    <AlignRight>true</AlignRight>
  </Label>
  <Label item="BW_Buff17_Label">
    <ScreenID>Buff17Label</ScreenID>
    <EQType>517</EQType>
    <Font>1</Font>
    <RelativePosition>true</RelativePosition>
    <Location>
      <X>30</X>
      <Y>431</Y>
    </Location>
    <Size>
      <CX>142</CX>
      <CY>12</CY>
    </Size>
    <Text />
    <TextColor>
      <R>240</R>
      <G>240</G>
      <B>240</B>
    </TextColor>
    <NoWrap>true</NoWrap>
    <AlignCenter>false</AlignCenter>
    <AlignRight>true</AlignRight>
  </Label>
  <Label item="BW_Buff18_Label">
    <ScreenID>Buff18Label</ScreenID>
    <EQType>518</EQType>
    <Font>1</Font>
    <RelativePosition>true</RelativePosition>
    <Location>
      <X>30</X>
      <Y>456</Y>
    </Location>
    <Size>
      <CX>142</CX>
      <CY>12</CY>
    </Size>
    <Text />
    <TextColor>
      <R>240</R>
      <G>240</G>
      <B>240</B>
    </TextColor>
    <NoWrap>true</NoWrap>
    <AlignCenter>false</AlignCenter>
    <AlignRight>true</AlignRight>
  </Label>
  <Label item="BW_Buff19_Label">
    <ScreenID>Buff19Label</ScreenID>
    <EQType>519</EQType>
    <Font>1</Font>
    <RelativePosition>true</RelativePosition>
    <Location>
      <X>30</X>
      <Y>481</Y>
    </Location>
    <Size>
      <CX>142</CX>
      <CY>12</CY>
    </Size>
    <Text />
    <TextColor>
      <R>240</R>
      <G>240</G>
      <B>240</B>
    </TextColor>
    <NoWrap>true</NoWrap>
    <AlignCenter>false</AlignCenter>
    <AlignRight>true</AlignRight>
  </Label>
  <Label item="BW_Buff20_Label">
    <ScreenID>Buff20Label</ScreenID>
    <EQType>520</EQType>
    <Font>1</Font>
    <RelativePosition>true</RelativePosition>
    <Location>
      <X>30</X>
      <Y>506</Y>
    </Location>
    <Size>
      <CX>142</CX>
      <CY>12</CY>
    </Size>
    <Text />
    <TextColor>
      <R>240</R>
      <G>240</G>
      <B>240</B>
    </TextColor>
    <NoWrap>true</NoWrap>
    <AlignCenter>false</AlignCenter>
    <AlignRight>true</AlignRight>
  </Label>
  <Label item="BW_Buff21_Label">
    <ScreenID>Buff21Label</ScreenID>
    <EQType>521</EQType>
    <Font>1</Font>
    <RelativePosition>true</RelativePosition>
    <Location>
      <X>30</X>
      <Y>531</Y>
    </Location>
    <Size>
      <CX>142</CX>
      <CY>12</CY>
    </Size>
    <Text />
    <TextColor>
      <R>240</R>
      <G>240</G>
      <B>240</B>
    </TextColor>
    <NoWrap>true</NoWrap>
    <AlignCenter>false</AlignCenter>
    <AlignRight>true</AlignRight>
  </Label>
  <Label item="BW_Buff22_Label">
    <ScreenID>Buff22Label</ScreenID>
    <EQType>522</EQType>
    <Font>1</Font>
    <RelativePosition>true</RelativePosition>
    <Location>
      <X>30</X>
      <Y>556</Y>
    </Location>
    <Size>
      <CX>142</CX>
      <CY>12</CY>
    </Size>
    <Text />
    <TextColor>
      <R>240</R>
      <G>240</G>
      <B>240</B>
    </TextColor>
    <NoWrap>true</NoWrap>
    <AlignCenter>false</AlignCenter>
    <AlignRight>true</AlignRight>
  </Label>
  <Label item="BW_Buff23_Label">
    <ScreenID>Buff23Label</ScreenID>
    <EQType>523</EQType>
    <Font>1</Font>
    <RelativePosition>true</RelativePosition>
    <Location>
      <X>30</X>
      <Y>581</Y>
    </Location>
    <Size>
      <CX>142</CX>
      <CY>12</CY>
    </Size>
    <Text />
    <TextColor>
      <R>240</R>
      <G>240</G>
      <B>240</B>
    </TextColor>
    <NoWrap>true</NoWrap>
    <AlignCenter>false</AlignCenter>
    <AlignRight>true</AlignRight>
  </Label>
  <Label item="BW_Buff24_Label">
    <ScreenID>Buff24Label</ScreenID>
    <EQType>524</EQType>
    <Font>1</Font>
    <RelativePosition>true</RelativePosition>
    <Location>
      <X>30</X>
      <Y>606</Y>
    </Location>
    <Size>
      <CX>142</CX>
      <CY>12</CY>
    </Size>
    <Text />
    <TextColor>
      <R>240</R>
      <G>240</G>
      <B>240</B>
    </TextColor>
    <NoWrap>true</NoWrap>
    <AlignCenter>false</AlignCenter>
    <AlignRight>true</AlignRight>
  </Label>
  <Screen item="BuffWindow">
    <Text>Effects</Text>
    <RelativePosition>false</RelativePosition>
    <Location>
      <X>415</X>
      <Y>395</Y>
    </Location>
    <Size>
      <CX>200</CX>
      <CY>375</CY>
    </Size>
    <Style_VScroll>false</Style_VScroll>
    <Style_HScroll>false</Style_HScroll>
    <Style_Transparent>true</Style_Transparent>
    <!--<TooltipReference/>-->
    <DrawTemplate>WDT_RoundedNoTitle</DrawTemplate>
    <Style_Titlebar>false</Style_Titlebar>
    <Style_Closebox>false</Style_Closebox>
    <Style_Minimizebox>false</Style_Minimizebox>
    <Style_Border>false</Style_Border>
    <Style_Sizable>false</Style_Sizable>
    <Pieces>BW_BuffBackground0</Pieces>
    <Pieces>BW_BuffBackground1</Pieces>
    <Pieces>BW_BuffBackground2</Pieces>
    <Pieces>BW_Number0Label</Pieces>
    <Pieces>BW_Number1Label</Pieces>
    <Pieces>BW_Number2Label</Pieces>
    <Pieces>BW_Number3Label</Pieces>
    <Pieces>BW_Number4Label</Pieces>
    <Pieces>BW_Number5Label</Pieces>
    <Pieces>BW_Number6Label</Pieces>
    <Pieces>BW_Number7Label</Pieces>
    <Pieces>BW_Number8Label</Pieces>
    <Pieces>BW_Number9Label</Pieces>
    <Pieces>BW_Number10Label</Pieces>
    <Pieces>BW_Number11Label</Pieces>
    <Pieces>BW_Number12Label</Pieces>
    <Pieces>BW_Number13Label</Pieces>
    <Pieces>BW_Number14Label</Pieces>
    <Pieces>BW_Number15Label</Pieces>
    <Pieces>BW_Number16Label</Pieces>
    <Pieces>BW_Number17Label</Pieces>
    <Pieces>BW_Number18Label</Pieces>
    <Pieces>BW_Number19Label</Pieces>
    <Pieces>BW_Number20Label</Pieces>
    <Pieces>BW_Number21Label</Pieces>
    <Pieces>BW_Number22Label</Pieces>
    <Pieces>BW_Number23Label</Pieces>
    <Pieces>BW_Number24Label</Pieces>
    <Pieces>BW_Buff0_Button</Pieces>
    <Pieces>BW_Buff1_Button</Pieces>
    <Pieces>BW_Buff2_Button</Pieces>
    <Pieces>BW_Buff3_Button</Pieces>
    <Pieces>BW_Buff4_Button</Pieces>
    <Pieces>BW_Buff5_Button</Pieces>
    <Pieces>BW_Buff6_Button</Pieces>
    <Pieces>BW_Buff7_Button</Pieces>
    <Pieces>BW_Buff8_Button</Pieces>
    <Pieces>BW_Buff9_Button</Pieces>
    <Pieces>BW_Buff10_Button</Pieces>
    <Pieces>BW_Buff11_Button</Pieces>
    <Pieces>BW_Buff12_Button</Pieces>
    <Pieces>BW_Buff13_Button</Pieces>
    <Pieces>BW_Buff14_Button</Pieces>
    <Pieces>BW_Buff15_Button</Pieces>
    <Pieces>BW_Buff16_Button</Pieces>
    <Pieces>BW_Buff17_Button</Pieces>
    <Pieces>BW_Buff18_Button</Pieces>
    <Pieces>BW_Buff19_Button</Pieces>
    <Pieces>BW_Buff20_Button</Pieces>
    <Pieces>BW_Buff21_Button</Pieces>
    <Pieces>BW_Buff22_Button</Pieces>
    <Pieces>BW_Buff23_Button</Pieces>
    <Pieces>BW_Buff24_Button</Pieces>
    <Pieces>BW_Buff0_Label</Pieces>
    <Pieces>BW_Buff1_Label</Pieces>
    <Pieces>BW_Buff2_Label</Pieces>
    <Pieces>BW_Buff3_Label</Pieces>
    <Pieces>BW_Buff4_Label</Pieces>
    <Pieces>BW_Buff5_Label</Pieces>
    <Pieces>BW_Buff6_Label</Pieces>
    <Pieces>BW_Buff7_Label</Pieces>
    <Pieces>BW_Buff8_Label</Pieces>
    <Pieces>BW_Buff9_Label</Pieces>
    <Pieces>BW_Buff10_Label</Pieces>
    <Pieces>BW_Buff11_Label</Pieces>
    <Pieces>BW_Buff12_Label</Pieces>
    <Pieces>BW_Buff13_Label</Pieces>
    <Pieces>BW_Buff14_Label</Pieces>
    <Pieces>BW_Buff15_Label</Pieces>
    <Pieces>BW_Buff16_Label</Pieces>
    <Pieces>BW_Buff17_Label</Pieces>
    <Pieces>BW_Buff18_Label</Pieces>
    <Pieces>BW_Buff19_Label</Pieces>
    <Pieces>BW_Buff20_Label</Pieces>
    <Pieces>BW_Buff21_Label</Pieces>
    <Pieces>BW_Buff22_Label</Pieces>
    <Pieces>BW_Buff23_Label</Pieces>
    <Pieces>BW_Buff24_Label</Pieces>
  </Screen>
</XML>