<?xml version="1.0" encoding="us-ascii"?>
<XML ID="EQInterfaceDefinitionLanguage">
  <Schema xmlns="EverQuestData" xmlns:dt="EverQuestDataTypes" />
  <!-- Created by Drakah -->
  <TextureInfo item="drakah_buffbackground.tga">
    <Size>
      <CX>256</CX>
      <CY>256</CY>
    </Size>
  </TextureInfo>
  <Ui2DAnimation item="Drak_BuffBackground">
    <Frames>
      <Texture>drakah_buffbackground.tga</Texture>
      <Location>
        <X>0</X>
        <Y>0</Y>
      </Location>
      <Size>
        <CX>225</CX>
        <CY>84</CY>
      </Size>
      <Hotspot>
        <X>0</X>
        <Y>0</Y>
      </Hotspot>
    </Frames>
  </Ui2DAnimation>
  <StaticAnimation item="Drak_BuffBack1">
    <ScreenID>Drak_BuffBack1</ScreenID>
    <RelativePosition>true</RelativePosition>
    <Location>
      <X>0</X>
      <Y>0</Y>
    </Location>
    <Size>
      <CX>225</CX>
      <CY>84</CY>
    </Size>
    <Animation>Drak_BuffBackground</Animation>
  </StaticAnimation>
  <StaticAnimation item="Drak_BuffBack2">
    <ScreenID>Drak_BuffBack2</ScreenID>
    <RelativePosition>true</RelativePosition>
    <Location>
      <X>225</X>
      <Y>0</Y>
    </Location>
    <Size>
      <CX>225</CX>
      <CY>84</CY>
    </Size>
    <Animation>Drak_BuffBackground</Animation>
  </StaticAnimation>
  <StaticAnimation item="Drak_BuffBack3">
    <ScreenID>Drak_BuffBack3</ScreenID>
    <RelativePosition>true</RelativePosition>
    <Location>
      <X>450</X>
      <Y>0</Y>
    </Location>
    <Size>
      <CX>225</CX>
      <CY>84</CY>
    </Size>
    <Animation>Drak_BuffBackground</Animation>
  </StaticAnimation>
  <StaticAnimation item="Drak_BuffBack4">
    <ScreenID>Drak_BuffBack4</ScreenID>
    <RelativePosition>true</RelativePosition>
    <Location>
      <X>675</X>
      <Y>0</Y>
    </Location>
    <Size>
      <CX>225</CX>
      <CY>84</CY>
    </Size>
    <Animation>Drak_BuffBackground</Animation>
  </StaticAnimation>
  <StaticAnimation item="Drak_BuffBack5">
    <ScreenID>Drak_BuffBack5</ScreenID>
    <RelativePosition>true</RelativePosition>
    <Location>
      <X>900</X>
      <Y>0</Y>
    </Location>
    <Size>
      <CX>225</CX>
      <CY>84</CY>
    </Size>
    <Animation>Drak_BuffBackground</Animation>
  </StaticAnimation>
  <Button item="BW_Buff0_Button">
    <ScreenID>Buff0</ScreenID>
    <!--<Font>3</Font>-->
    <RelativePosition>true</RelativePosition>
    <Location>
      <X>0</X>
      <Y>3</Y>
    </Location>
    <Size>
      <CX>44</CX>
      <CY>44</CY>
    </Size>
    <Style_VScroll>false</Style_VScroll>
    <Style_HScroll>false</Style_HScroll>
    <Style_Transparent>false</Style_Transparent>
    <!--<TooltipReference/>   -->
    <Style_Checkbox>false</Style_Checkbox>
    <!--<RadioGroup/>   -->
    <ButtonDrawTemplate>
      <Normal>BlueIconBackground</Normal>
      <NormalDecal>BuffIcons</NormalDecal>
    </ButtonDrawTemplate>
    <!--
                       <SoundPressed/>
                       <SoundUp/>
                       <SoundFlyby/>
               -->
    <DecalOffset>
      <X>2</X>
      <Y>2</Y>
    </DecalOffset>
    <DecalSize>
      <CX>40</CX>
      <CY>40</CY>
    </DecalSize>
  </Button>
  <Button item="BW_Buff1_Button">
    <ScreenID>Buff1</ScreenID>
    <!--<Font>3</Font>   -->
    <RelativePosition>true</RelativePosition>
    <Location>
      <X>45</X>
      <Y>3</Y>
    </Location>
    <Size>
      <CX>44</CX>
      <CY>44</CY>
    </Size>
    <Style_VScroll>false</Style_VScroll>
    <Style_HScroll>false</Style_HScroll>
    <Style_Transparent>false</Style_Transparent>
    <!--<TooltipReference/>   -->
    <Style_Checkbox>false</Style_Checkbox>
    <RadioGroup />
    <ButtonDrawTemplate>
      <Normal>RedIconBackground</Normal>
      <NormalDecal>BuffIcons</NormalDecal>
    </ButtonDrawTemplate>
    <!--
                       <SoundPressed/>
                       <SoundUp/>
                       <SoundFlyby/>
               -->
    <DecalOffset>
      <X>2</X>
      <Y>2</Y>
    </DecalOffset>
    <DecalSize>
      <CX>40</CX>
      <CY>40</CY>
    </DecalSize>
  </Button>
  <Button item="BW_Buff2_Button">
    <ScreenID>Buff2</ScreenID>
    <!--<Font>3</Font>   -->
    <RelativePosition>true</RelativePosition>
    <Location>
      <X>90</X>
      <Y>3</Y>
    </Location>
    <Size>
      <CX>44</CX>
      <CY>44</CY>
    </Size>
    <Style_VScroll>false</Style_VScroll>
    <Style_HScroll>false</Style_HScroll>
    <Style_Transparent>false</Style_Transparent>
    <!--<TooltipReference/>   -->
    <Style_Checkbox>false</Style_Checkbox>
    <RadioGroup />
    <ButtonDrawTemplate>
      <Normal>RedIconBackground</Normal>
      <NormalDecal>BuffIcons</NormalDecal>
    </ButtonDrawTemplate>
    <!--
                       <SoundPressed/>
                       <SoundUp/>
                       <SoundFlyby/>
               -->
    <DecalOffset>
      <X>2</X>
      <Y>2</Y>
    </DecalOffset>
    <DecalSize>
      <CX>40</CX>
      <CY>40</CY>
    </DecalSize>
  </Button>
  <Button item="BW_Buff3_Button">
    <ScreenID>Buff3</ScreenID>
    <!--<Font>3</Font>   -->
    <RelativePosition>true</RelativePosition>
    <Location>
      <X>135</X>
      <Y>3</Y>
    </Location>
    <Size>
      <CX>44</CX>
      <CY>44</CY>
    </Size>
    <Style_VScroll>false</Style_VScroll>
    <Style_HScroll>false</Style_HScroll>
    <Style_Transparent>false</Style_Transparent>
    <!--<TooltipReference/>   -->
    <Style_Checkbox>false</Style_Checkbox>
    <RadioGroup />
    <ButtonDrawTemplate>
      <Normal>BlueIconBackground</Normal>
      <NormalDecal>BuffIcons</NormalDecal>
    </ButtonDrawTemplate>
    <!-- Default and not used
                       <SoundPressed/>
                       <SoundUp/>
                       <SoundFlyby/>
               -->
    <DecalOffset>
      <X>2</X>
      <Y>2</Y>
    </DecalOffset>
    <DecalSize>
      <CX>40</CX>
      <CY>40</CY>
    </DecalSize>
  </Button>
  <Button item="BW_Buff4_Button">
    <ScreenID>Buff4</ScreenID>
    <!--<Font>3</Font> Default -->
    <RelativePosition>true</RelativePosition>
    <Location>
      <X>180</X>
      <Y>3</Y>
    </Location>
    <Size>
      <CX>44</CX>
      <CY>44</CY>
    </Size>
    <Style_VScroll>false</Style_VScroll>
    <Style_HScroll>false</Style_HScroll>
    <Style_Transparent>false</Style_Transparent>
    <TooltipReference />
    <Style_Checkbox>false</Style_Checkbox>
    <!--<RadioGroup/> Default -->
    <ButtonDrawTemplate>
      <Normal>RedIconBackground</Normal>
      <NormalDecal>BuffIcons</NormalDecal>
    </ButtonDrawTemplate>
    <!--Default
                       <SoundPressed/>
                       <SoundUp/>
                       <SoundFlyby/>
               -->
    <DecalOffset>
      <X>2</X>
      <Y>2</Y>
    </DecalOffset>
    <DecalSize>
      <CX>40</CX>
      <CY>40</CY>
    </DecalSize>
  </Button>
  <Button item="BW_Buff5_Button">
    <ScreenID>Buff5</ScreenID>
    <!--<Font>3</Font> Defautl -->
    <RelativePosition>true</RelativePosition>
    <Location>
      <X>225</X>
      <Y>3</Y>
    </Location>
    <Size>
      <CX>44</CX>
      <CY>44</CY>
    </Size>
    <Style_VScroll>false</Style_VScroll>
    <Style_HScroll>false</Style_HScroll>
    <Style_Transparent>false</Style_Transparent>
    <!--<TooltipReference/> Default -->
    <Style_Checkbox>false</Style_Checkbox>
    <!--<RadioGroup/> Default -->
    <ButtonDrawTemplate>
      <Normal>RedIconBackground</Normal>
      <NormalDecal>BuffIcons</NormalDecal>
    </ButtonDrawTemplate>
    <!--
                       <SoundPressed/>
                       <SoundUp/>
                       <SoundFlyby/>
               -->
    <DecalOffset>
      <X>2</X>
      <Y>2</Y>
    </DecalOffset>
    <DecalSize>
      <CX>40</CX>
      <CY>40</CY>
    </DecalSize>
  </Button>
  <Button item="BW_Buff6_Button">
    <ScreenID>Buff6</ScreenID>
    <!--<Font>3</Font> Default -->
    <RelativePosition>true</RelativePosition>
    <Location>
      <X>270</X>
      <Y>3</Y>
    </Location>
    <Size>
      <CX>44</CX>
      <CY>44</CY>
    </Size>
    <Style_VScroll>false</Style_VScroll>
    <Style_HScroll>false</Style_HScroll>
    <Style_Transparent>false</Style_Transparent>
    <TooltipReference />
    <Style_Checkbox>false</Style_Checkbox>
    <!--<RadioGroup/> Default -->
    <ButtonDrawTemplate>
      <Normal>BlueIconBackground</Normal>
      <NormalDecal>BuffIcons</NormalDecal>
    </ButtonDrawTemplate>
    <!--
                       <SoundPressed/>
                       <SoundUp/>
                       <SoundFlyby/>
               -->
    <DecalOffset>
      <X>2</X>
      <Y>2</Y>
    </DecalOffset>
    <DecalSize>
      <CX>40</CX>
      <CY>40</CY>
    </DecalSize>
  </Button>
  <Button item="BW_Buff7_Button">
    <ScreenID>Buff7</ScreenID>
    <!--<Font>3</Font> Use defaults -->
    <RelativePosition>true</RelativePosition>
    <Location>
      <X>315</X>
      <Y>3</Y>
    </Location>
    <Size>
      <CX>44</CX>
      <CY>44</CY>
    </Size>
    <Style_VScroll>false</Style_VScroll>
    <Style_HScroll>false</Style_HScroll>
    <Style_Transparent>false</Style_Transparent>
    <!--<TooltipReference/> Use defaults -->
    <Style_Checkbox>false</Style_Checkbox>
    <!--<RadioGroup/> Use Defaults -->
    <ButtonDrawTemplate>
      <Normal>RedIconBackground</Normal>
      <NormalDecal>BuffIcons</NormalDecal>
    </ButtonDrawTemplate>
    <!-- Use defaults
                       <SoundPressed/>
                       <SoundUp/>
                       <SoundFlyby/>
               -->
    <DecalOffset>
      <X>2</X>
      <Y>2</Y>
    </DecalOffset>
    <DecalSize>
      <CX>40</CX>
      <CY>40</CY>
    </DecalSize>
  </Button>
  <Button item="BW_Buff8_Button">
    <ScreenID>Buff8</ScreenID>
    <!--<Font>3</Font>Defaults-->
    <RelativePosition>true</RelativePosition>
    <Location>
      <X>360</X>
      <Y>3</Y>
    </Location>
    <Size>
      <CX>44</CX>
      <CY>44</CY>
    </Size>
    <Style_VScroll>false</Style_VScroll>
    <Style_HScroll>false</Style_HScroll>
    <Style_Transparent>false</Style_Transparent>
    <!--<TooltipReference/> Use default -->
    <Style_Checkbox>false</Style_Checkbox>
    <!--<RadioGroup/>Use default-->
    <ButtonDrawTemplate>
      <Normal>RedIconBackground</Normal>
      <NormalDecal>BuffIcons</NormalDecal>
    </ButtonDrawTemplate>
    <!--
                       <SoundPressed/>
                       <SoundUp/>
                       <SoundFlyby/>
               -->
    <DecalOffset>
      <X>2</X>
      <Y>2</Y>
    </DecalOffset>
    <DecalSize>
      <CX>40</CX>
      <CY>40</CY>
    </DecalSize>
  </Button>
  <Button item="BW_Buff9_Button">
    <ScreenID>Buff9</ScreenID>
    <!--<Font>3</Font>Use Defaults -->
    <RelativePosition>true</RelativePosition>
    <Location>
      <X>405</X>
      <Y>3</Y>
    </Location>
    <Size>
      <CX>44</CX>
      <CY>44</CY>
    </Size>
    <Style_VScroll>false</Style_VScroll>
    <Style_HScroll>false</Style_HScroll>
    <Style_Transparent>false</Style_Transparent>
    <!--<TooltipReference/> Use Defaults -->
    <Style_Checkbox>false</Style_Checkbox>
    <!--<RadioGroup/>  -->
    <ButtonDrawTemplate>
      <Normal>BlueIconBackground</Normal>
      <NormalDecal>BuffIcons</NormalDecal>
    </ButtonDrawTemplate>
    <DecalOffset>
      <X>2</X>
      <Y>2</Y>
    </DecalOffset>
    <DecalSize>
      <CX>40</CX>
      <CY>40</CY>
    </DecalSize>
  </Button>
  <Button item="BW_Buff10_Button">
    <ScreenID>Buff10</ScreenID>
    <!--<Font>3</Font> -->
    <RelativePosition>true</RelativePosition>
    <Location>
      <X>450</X>
      <Y>3</Y>
    </Location>
    <Size>
      <CX>44</CX>
      <CY>44</CY>
    </Size>
    <Style_VScroll>false</Style_VScroll>
    <Style_HScroll>false</Style_HScroll>
    <Style_Transparent>false</Style_Transparent>
    <!--<TooltipReference/>-->
    <Style_Checkbox>false</Style_Checkbox>
    <!--<RadioGroup/>-->
    <ButtonDrawTemplate>
      <Normal>RedIconBackground</Normal>
      <NormalDecal>BuffIcons</NormalDecal>
    </ButtonDrawTemplate>
    <DecalOffset>
      <X>2</X>
      <Y>2</Y>
    </DecalOffset>
    <DecalSize>
      <CX>40</CX>
      <CY>40</CY>
    </DecalSize>
  </Button>
  <Button item="BW_Buff11_Button">
    <ScreenID>Buff11</ScreenID>
    <!--<Font>3</Font>-->
    <RelativePosition>true</RelativePosition>
    <Location>
      <X>495</X>
      <Y>3</Y>
    </Location>
    <Size>
      <CX>44</CX>
      <CY>44</CY>
    </Size>
    <Style_VScroll>false</Style_VScroll>
    <Style_HScroll>false</Style_HScroll>
    <Style_Transparent>false</Style_Transparent>
    <!--<TooltipReference/>-->
    <Style_Checkbox>false</Style_Checkbox>
    <!--<RadioGroup/>-->
    <ButtonDrawTemplate>
      <Normal>RedIconBackground</Normal>
      <NormalDecal>BuffIcons</NormalDecal>
    </ButtonDrawTemplate>
    <DecalOffset>
      <X>2</X>
      <Y>2</Y>
    </DecalOffset>
    <DecalSize>
      <CX>40</CX>
      <CY>40</CY>
    </DecalSize>
  </Button>
  <Button item="BW_Buff12_Button">
    <ScreenID>Buff12</ScreenID>
    <!--<Font>3</Font>-->
    <RelativePosition>true</RelativePosition>
    <Location>
      <X>540</X>
      <Y>3</Y>
    </Location>
    <Size>
      <CX>44</CX>
      <CY>44</CY>
    </Size>
    <Style_VScroll>false</Style_VScroll>
    <Style_HScroll>false</Style_HScroll>
    <Style_Transparent>false</Style_Transparent>
    <!--<TooltipReference/>-->
    <Style_Checkbox>false</Style_Checkbox>
    <!--<RadioGroup/>-->
    <ButtonDrawTemplate>
      <Normal>BlueIconBackground</Normal>
      <NormalDecal>BuffIcons</NormalDecal>
    </ButtonDrawTemplate>
    <DecalOffset>
      <X>2</X>
      <Y>2</Y>
    </DecalOffset>
    <DecalSize>
      <CX>40</CX>
      <CY>40</CY>
    </DecalSize>
  </Button>
  <Button item="BW_Buff13_Button">
    <ScreenID>Buff13</ScreenID>
    <!--<Font>3</Font>-->
    <RelativePosition>true</RelativePosition>
    <Location>
      <X>585</X>
      <Y>3</Y>
    </Location>
    <Size>
      <CX>44</CX>
      <CY>44</CY>
    </Size>
    <Style_VScroll>false</Style_VScroll>
    <Style_HScroll>false</Style_HScroll>
    <Style_Transparent>false</Style_Transparent>
    <!--<TooltipReference/>-->
    <Style_Checkbox>false</Style_Checkbox>
    <!--<RadioGroup/>-->
    <ButtonDrawTemplate>
      <Normal>RedIconBackground</Normal>
      <NormalDecal>BuffIcons</NormalDecal>
    </ButtonDrawTemplate>
    <DecalOffset>
      <X>2</X>
      <Y>2</Y>
    </DecalOffset>
    <DecalSize>
      <CX>40</CX>
      <CY>40</CY>
    </DecalSize>
  </Button>
  <Button item="BW_Buff14_Button">
    <ScreenID>Buff14</ScreenID>
    <!--<Font>3</Font>-->
    <RelativePosition>true</RelativePosition>
    <Location>
      <X>630</X>
      <Y>3</Y>
    </Location>
    <Size>
      <CX>44</CX>
      <CY>44</CY>
    </Size>
    <Style_VScroll>false</Style_VScroll>
    <Style_HScroll>false</Style_HScroll>
    <Style_Transparent>false</Style_Transparent>
    <!--<TooltipReference/>-->
    <Style_Checkbox>false</Style_Checkbox>
    <!--<RadioGroup/>-->
    <ButtonDrawTemplate>
      <Normal>RedIconBackground</Normal>
      <NormalDecal>BuffIcons</NormalDecal>
    </ButtonDrawTemplate>
    <DecalOffset>
      <X>2</X>
      <Y>2</Y>
    </DecalOffset>
    <DecalSize>
      <CX>40</CX>
      <CY>40</CY>
    </DecalSize>
  </Button>
  <Button item="BW_Buff15_Button">
    <ScreenID>Buff15</ScreenID>
    <!--<Font>3</Font>-->
    <RelativePosition>true</RelativePosition>
    <Location>
      <X>675</X>
      <Y>3</Y>
    </Location>
    <Size>
      <CX>44</CX>
      <CY>44</CY>
    </Size>
    <Style_VScroll>false</Style_VScroll>
    <Style_HScroll>false</Style_HScroll>
    <Style_Transparent>false</Style_Transparent>
    <!--<TooltipReference/>-->
    <Style_Checkbox>false</Style_Checkbox>
    <!--<RadioGroup/>-->
    <ButtonDrawTemplate>
      <Normal>BlueIconBackground</Normal>
      <NormalDecal>BuffIcons</NormalDecal>
    </ButtonDrawTemplate>
    <DecalOffset>
      <X>2</X>
      <Y>2</Y>
    </DecalOffset>
    <DecalSize>
      <CX>40</CX>
      <CY>40</CY>
    </DecalSize>
  </Button>
  <Button item="BW_Buff16_Button">
    <ScreenID>Buff16</ScreenID>
    <!--<Font>3</Font>-->
    <RelativePosition>true</RelativePosition>
    <Location>
      <X>720</X>
      <Y>3</Y>
    </Location>
    <Size>
      <CX>44</CX>
      <CY>44</CY>
    </Size>
    <Style_VScroll>false</Style_VScroll>
    <Style_HScroll>false</Style_HScroll>
    <Style_Transparent>false</Style_Transparent>
    <!--<TooltipReference/>-->
    <Style_Checkbox>false</Style_Checkbox>
    <!--<RadioGroup/>-->
    <ButtonDrawTemplate>
      <Normal>RedIconBackground</Normal>
      <NormalDecal>BuffIcons</NormalDecal>
    </ButtonDrawTemplate>
    <DecalOffset>
      <X>2</X>
      <Y>2</Y>
    </DecalOffset>
    <DecalSize>
      <CX>40</CX>
      <CY>40</CY>
    </DecalSize>
  </Button>
  <Button item="BW_Buff17_Button">
    <ScreenID>Buff17</ScreenID>
    <!--<Font>3</Font>-->
    <RelativePosition>true</RelativePosition>
    <Location>
      <X>765</X>
      <Y>3</Y>
    </Location>
    <Size>
      <CX>44</CX>
      <CY>44</CY>
    </Size>
    <Style_VScroll>false</Style_VScroll>
    <Style_HScroll>false</Style_HScroll>
    <Style_Transparent>false</Style_Transparent>
    <!--<TooltipReference/>-->
    <Style_Checkbox>false</Style_Checkbox>
    <!--<RadioGroup/>-->
    <ButtonDrawTemplate>
      <Normal>RedIconBackground</Normal>
      <NormalDecal>BuffIcons</NormalDecal>
    </ButtonDrawTemplate>
    <DecalOffset>
      <X>2</X>
      <Y>2</Y>
    </DecalOffset>
    <DecalSize>
      <CX>40</CX>
      <CY>40</CY>
    </DecalSize>
  </Button>
  <Button item="BW_Buff18_Button">
    <ScreenID>Buff18</ScreenID>
    <!--<Font>3</Font>-->
    <RelativePosition>true</RelativePosition>
    <Location>
      <X>810</X>
      <Y>3</Y>
    </Location>
    <Size>
      <CX>44</CX>
      <CY>44</CY>
    </Size>
    <Style_VScroll>false</Style_VScroll>
    <Style_HScroll>false</Style_HScroll>
    <Style_Transparent>false</Style_Transparent>
    <!--<TooltipReference/>-->
    <Style_Checkbox>false</Style_Checkbox>
    <!--<RadioGroup/>-->
    <ButtonDrawTemplate>
      <Normal>BlueIconBackground</Normal>
      <NormalDecal>BuffIcons</NormalDecal>
    </ButtonDrawTemplate>
    <DecalOffset>
      <X>2</X>
      <Y>2</Y>
    </DecalOffset>
    <DecalSize>
      <CX>40</CX>
      <CY>40</CY>
    </DecalSize>
  </Button>
  <Button item="BW_Buff19_Button">
    <ScreenID>Buff19</ScreenID>
    <!--<Font>3</Font>-->
    <RelativePosition>true</RelativePosition>
    <Location>
      <X>855</X>
      <Y>3</Y>
    </Location>
    <Size>
      <CX>44</CX>
      <CY>44</CY>
    </Size>
    <Style_VScroll>false</Style_VScroll>
    <Style_HScroll>false</Style_HScroll>
    <Style_Transparent>false</Style_Transparent>
    <!--<TooltipReference/>-->
    <Style_Checkbox>false</Style_Checkbox>
    <!--<RadioGroup/>-->
    <ButtonDrawTemplate>
      <Normal>RedIconBackground</Normal>
      <NormalDecal>BuffIcons</NormalDecal>
    </ButtonDrawTemplate>
    <DecalOffset>
      <X>2</X>
      <Y>2</Y>
    </DecalOffset>
    <DecalSize>
      <CX>40</CX>
      <CY>40</CY>
    </DecalSize>
  </Button>
  <Button item="BW_Buff20_Button">
    <ScreenID>Buff20</ScreenID>
    <!--<Font>3</Font>-->
    <RelativePosition>true</RelativePosition>
    <Location>
      <X>900</X>
      <Y>3</Y>
    </Location>
    <Size>
      <CX>44</CX>
      <CY>44</CY>
    </Size>
    <Style_VScroll>false</Style_VScroll>
    <Style_HScroll>false</Style_HScroll>
    <Style_Transparent>false</Style_Transparent>
    <!--<TooltipReference/>-->
    <Style_Checkbox>false</Style_Checkbox>
    <!--<RadioGroup/>-->
    <ButtonDrawTemplate>
      <Normal>RedIconBackground</Normal>
      <NormalDecal>BuffIcons</NormalDecal>
    </ButtonDrawTemplate>
    <DecalOffset>
      <X>2</X>
      <Y>2</Y>
    </DecalOffset>
    <DecalSize>
      <CX>40</CX>
      <CY>40</CY>
    </DecalSize>
  </Button>
  <Button item="BW_Buff21_Button">
    <ScreenID>Buff21</ScreenID>
    <!--<Font>3</Font>-->
    <RelativePosition>true</RelativePosition>
    <Location>
      <X>945</X>
      <Y>3</Y>
    </Location>
    <Size>
      <CX>44</CX>
      <CY>44</CY>
    </Size>
    <Style_VScroll>false</Style_VScroll>
    <Style_HScroll>false</Style_HScroll>
    <Style_Transparent>false</Style_Transparent>
    <!--<TooltipReference/>-->
    <Style_Checkbox>false</Style_Checkbox>
    <!--<RadioGroup/>-->
    <ButtonDrawTemplate>
      <Normal>RedIconBackground</Normal>
      <NormalDecal>BuffIcons</NormalDecal>
    </ButtonDrawTemplate>
    <DecalOffset>
      <X>2</X>
      <Y>2</Y>
    </DecalOffset>
    <DecalSize>
      <CX>40</CX>
      <CY>40</CY>
    </DecalSize>
  </Button>
  <Button item="BW_Buff22_Button">
    <ScreenID>Buff22</ScreenID>
    <!--<Font>3</Font>-->
    <RelativePosition>true</RelativePosition>
    <Location>
      <X>990</X>
      <Y>3</Y>
    </Location>
    <Size>
      <CX>44</CX>
      <CY>44</CY>
    </Size>
    <Style_VScroll>false</Style_VScroll>
    <Style_HScroll>false</Style_HScroll>
    <Style_Transparent>false</Style_Transparent>
    <!--<TooltipReference/>-->
    <Style_Checkbox>false</Style_Checkbox>
    <!--<RadioGroup/>-->
    <ButtonDrawTemplate>
      <Normal>RedIconBackground</Normal>
      <NormalDecal>BuffIcons</NormalDecal>
    </ButtonDrawTemplate>
    <DecalOffset>
      <X>2</X>
      <Y>2</Y>
    </DecalOffset>
    <DecalSize>
      <CX>40</CX>
      <CY>40</CY>
    </DecalSize>
  </Button>
  <Button item="BW_Buff23_Button">
    <ScreenID>Buff23</ScreenID>
    <!--<Font>3</Font>-->
    <RelativePosition>true</RelativePosition>
    <Location>
      <X>1035</X>
      <Y>3</Y>
    </Location>
    <Size>
      <CX>44</CX>
      <CY>44</CY>
    </Size>
    <Style_VScroll>false</Style_VScroll>
    <Style_HScroll>false</Style_HScroll>
    <Style_Transparent>false</Style_Transparent>
    <!--<TooltipReference/>-->
    <Style_Checkbox>false</Style_Checkbox>
    <!--<RadioGroup/>-->
    <ButtonDrawTemplate>
      <Normal>RedIconBackground</Normal>
      <NormalDecal>BuffIcons</NormalDecal>
    </ButtonDrawTemplate>
    <DecalOffset>
      <X>2</X>
      <Y>2</Y>
    </DecalOffset>
    <DecalSize>
      <CX>40</CX>
      <CY>40</CY>
    </DecalSize>
  </Button>
  <Button item="BW_Buff24_Button">
    <ScreenID>Buff24</ScreenID>
    <!--<Font>3</Font>-->
    <RelativePosition>true</RelativePosition>
    <Location>
      <X>1080</X>
      <Y>3</Y>
    </Location>
    <Size>
      <CX>44</CX>
      <CY>44</CY>
    </Size>
    <Style_VScroll>false</Style_VScroll>
    <Style_HScroll>false</Style_HScroll>
    <Style_Transparent>false</Style_Transparent>
    <!--<TooltipReference/>-->
    <Style_Checkbox>false</Style_Checkbox>
    <!--<RadioGroup/>-->
    <ButtonDrawTemplate>
      <Normal>RedIconBackground</Normal>
      <NormalDecal>BuffIcons</NormalDecal>
    </ButtonDrawTemplate>
    <DecalOffset>
      <X>2</X>
      <Y>2</Y>
    </DecalOffset>
    <DecalSize>
      <CX>40</CX>
      <CY>40</CY>
    </DecalSize>
  </Button>
  <Label item="BW_Buff0_Label">
    <ScreenID>BW_Buff0_Label</ScreenID>
    <Font>1</Font>
    <EQType>500</EQType>
    <Location>
      <X>1080</X>
      <Y>47</Y>
    </Location>
    <Size>
      <CX>44</CX>
      <CY>44</CY>
    </Size>
    <TextColor>
      <R>197</R>
      <G>183</G>
      <B>173</B>
    </TextColor>
    <AlignCenter>true</AlignCenter>
    <Text>Katta's Song of Sword Dancing</Text>
    <TopAnchorToTop>True</TopAnchorToTop>
  </Label>
  <Label item="BW_Buff1_Label">
    <ScreenID>BW_Buff1_Label</ScreenID>
    <Font>1</Font>
    <EQType>501</EQType>
    <Location>
      <X>1035</X>
      <Y>47</Y>
    </Location>
    <Size>
      <CX>44</CX>
      <CY>44</CY>
    </Size>
    <Text>Katta's Song of Sword Dancing</Text>
    <TextColor>
      <R>197</R>
      <G>183</G>
      <B>173</B>
      <Alpha>255</Alpha>
    </TextColor>
    <AlignCenter>true</AlignCenter>
  </Label>
  <Label item="BW_Buff2_Label">
    <ScreenID>BW_Buff2_Label</ScreenID>
    <Font>1</Font>
    <EQType>502</EQType>
    <Location>
      <X>990</X>
      <Y>47</Y>
    </Location>
    <Size>
      <CX>44</CX>
      <CY>44</CY>
    </Size>
    <Text>Katta's Song of Sword Dancing</Text>
    <TextColor>
      <R>197</R>
      <G>183</G>
      <B>173</B>
    </TextColor>
    <AlignCenter>true</AlignCenter>
  </Label>
  <Label item="BW_Buff3_Label">
    <ScreenID>BW_Buff3_Label</ScreenID>
    <Font>1</Font>
    <EQType>503</EQType>
    <Location>
      <X>945</X>
      <Y>47</Y>
    </Location>
    <Size>
      <CX>44</CX>
      <CY>44</CY>
    </Size>
    <Text>Katta's Song of Sword Dancing</Text>
    <TextColor>
      <R>197</R>
      <G>183</G>
      <B>173</B>
    </TextColor>
    <AlignCenter>true</AlignCenter>
  </Label>
  <Label item="BW_Buff4_Label">
    <ScreenID>BW_Buff4_Label</ScreenID>
    <Font>1</Font>
    <EQType>504</EQType>
    <Location>
      <X>900</X>
      <Y>47</Y>
    </Location>
    <Size>
      <CX>44</CX>
      <CY>44</CY>
    </Size>
    <Text>Katta's Song of Sword Dancing</Text>
    <TextColor>
      <R>197</R>
      <G>183</G>
      <B>173</B>
    </TextColor>
    <AlignCenter>true</AlignCenter>
  </Label>
  <Label item="BW_Buff5_Label">
    <ScreenID>BW_Buff5_Label</ScreenID>
    <Font>1</Font>
    <EQType>505</EQType>
    <Location>
      <X>855</X>
      <Y>47</Y>
    </Location>
    <Size>
      <CX>44</CX>
      <CY>44</CY>
    </Size>
    <Text>Katta's Song of Sword Dancing</Text>
    <TextColor>
      <R>197</R>
      <G>183</G>
      <B>173</B>
    </TextColor>
    <AlignCenter>true</AlignCenter>
  </Label>
  <Label item="BW_Buff6_Label">
    <ScreenID>BW_Buff6_Label</ScreenID>
    <Font>1</Font>
    <EQType>506</EQType>
    <Location>
      <X>810</X>
      <Y>47</Y>
    </Location>
    <Size>
      <CX>44</CX>
      <CY>44</CY>
    </Size>
    <Text>Katta's Song of Sword Dancing</Text>
    <TextColor>
      <R>197</R>
      <G>183</G>
      <B>173</B>
    </TextColor>
    <AlignCenter>true</AlignCenter>
  </Label>
  <Label item="BW_Buff7_Label">
    <ScreenID>BW_Buff7_Label</ScreenID>
    <Font>1</Font>
    <EQType>507</EQType>
    <Location>
      <X>765</X>
      <Y>47</Y>
    </Location>
    <Size>
      <CX>44</CX>
      <CY>44</CY>
    </Size>
    <Text>Katta's Song of Sword Dancing</Text>
    <TextColor>
      <R>197</R>
      <G>183</G>
      <B>173</B>
    </TextColor>
    <AlignCenter>true</AlignCenter>
  </Label>
  <Label item="BW_Buff8_Label">
    <ScreenID>BW_Buff8_Label</ScreenID>
    <Font>1</Font>
    <EQType>508</EQType>
    <Location>
      <X>720</X>
      <Y>47</Y>
    </Location>
    <Size>
      <CX>44</CX>
      <CY>44</CY>
    </Size>
    <Text>Katta's Song of Sword Dancing</Text>
    <TextColor>
      <R>197</R>
      <G>183</G>
      <B>173</B>
    </TextColor>
    <AlignCenter>true</AlignCenter>
  </Label>
  <Label item="BW_Buff9_Label">
    <ScreenID>BW_Buff9_Label</ScreenID>
    <Font>1</Font>
    <EQType>509</EQType>
    <Location>
      <X>675</X>
      <Y>47</Y>
    </Location>
    <Size>
      <CX>44</CX>
      <CY>44</CY>
    </Size>
    <Text>Katta's Song of Sword Dancing</Text>
    <TextColor>
      <R>197</R>
      <G>183</G>
      <B>173</B>
    </TextColor>
    <AlignCenter>true</AlignCenter>
  </Label>
  <Label item="BW_Buff10_Label">
    <ScreenID>BW_Buff10_Label</ScreenID>
    <Font>1</Font>
    <EQType>510</EQType>
    <Location>
      <X>630</X>
      <Y>47</Y>
    </Location>
    <Size>
      <CX>44</CX>
      <CY>44</CY>
    </Size>
    <Text>Katta's Song of Sword Dancing</Text>
    <TextColor>
      <R>197</R>
      <G>183</G>
      <B>173</B>
    </TextColor>
    <AlignCenter>true</AlignCenter>
    <LeftAnchorToLeft>True</LeftAnchorToLeft>
  </Label>
  <Label item="BW_Buff11_Label">
    <ScreenID>BW_Buff11_Label</ScreenID>
    <Font>1</Font>
    <EQType>511</EQType>
    <Location>
      <X>585</X>
      <Y>47</Y>
    </Location>
    <Size>
      <CX>44</CX>
      <CY>44</CY>
    </Size>
    <Text>Katta's Song of Sword Dancing</Text>
    <TextColor>
      <R>197</R>
      <G>183</G>
      <B>173</B>
    </TextColor>
    <AlignCenter>true</AlignCenter>
  </Label>
  <Label item="BW_Buff12_Label">
    <ScreenID>BW_Buff12_Label</ScreenID>
    <Font>1</Font>
    <EQType>512</EQType>
    <Location>
      <X>540</X>
      <Y>47</Y>
    </Location>
    <Size>
      <CX>44</CX>
      <CY>44</CY>
    </Size>
    <Text>Katta's Song of Sword Dancing</Text>
    <TextColor>
      <R>197</R>
      <G>183</G>
      <B>173</B>
    </TextColor>
    <AlignCenter>true</AlignCenter>
  </Label>
  <Label item="BW_Buff13_Label">
    <ScreenID>BW_Buff13_Label</ScreenID>
    <Font>1</Font>
    <EQType>513</EQType>
    <Location>
      <X>495</X>
      <Y>47</Y>
    </Location>
    <Size>
      <CX>44</CX>
      <CY>44</CY>
    </Size>
    <Text>Katta's Song of Sword Dancing</Text>
    <TextColor>
      <R>197</R>
      <G>183</G>
      <B>173</B>
    </TextColor>
    <AlignCenter>true</AlignCenter>
  </Label>
  <Label item="BW_Buff14_Label">
    <ScreenID>BW_Buff14_Label</ScreenID>
    <Font>1</Font>
    <EQType>514</EQType>
    <Location>
      <X>450</X>
      <Y>47</Y>
    </Location>
    <Size>
      <CX>44</CX>
      <CY>44</CY>
    </Size>
    <Text>Katta's Song of Sword Dancing</Text>
    <TextColor>
      <R>197</R>
      <G>183</G>
      <B>173</B>
    </TextColor>
    <AlignCenter>true</AlignCenter>
  </Label>
  <Label item="BW_Buff15_Label">
    <ScreenID>BW_Buff15_Label</ScreenID>
    <Font>1</Font>
    <EQType>515</EQType>
    <Location>
      <X>405</X>
      <Y>47</Y>
    </Location>
    <Size>
      <CX>44</CX>
      <CY>44</CY>
    </Size>
    <Text>Katta's Song of Sword Dancing</Text>
    <TextColor>
      <R>197</R>
      <G>183</G>
      <B>173</B>
    </TextColor>
    <AlignCenter>true</AlignCenter>
  </Label>
  <Label item="BW_Buff16_Label">
    <ScreenID>BW_Buff16_Label</ScreenID>
    <Font>1</Font>
    <EQType>516</EQType>
    <Location>
      <X>360</X>
      <Y>47</Y>
    </Location>
    <Size>
      <CX>44</CX>
      <CY>44</CY>
    </Size>
    <Text>Katta's Song of Sword Dancing</Text>
    <TextColor>
      <R>197</R>
      <G>183</G>
      <B>173</B>
    </TextColor>
    <AlignCenter>true</AlignCenter>
  </Label>
  <Label item="BW_Buff17_Label">
    <ScreenID>BW_Buff17_Label</ScreenID>
    <Font>1</Font>
    <EQType>517</EQType>
    <Location>
      <X>315</X>
      <Y>47</Y>
    </Location>
    <Size>
      <CX>44</CX>
      <CY>44</CY>
    </Size>
    <Text>Katta's Song of Sword Dancing</Text>
    <TextColor>
      <R>197</R>
      <G>183</G>
      <B>173</B>
    </TextColor>
    <AlignCenter>true</AlignCenter>
  </Label>
  <Label item="BW_Buff18_Label">
    <ScreenID>BW_Buff18_Label</ScreenID>
    <Font>1</Font>
    <EQType>518</EQType>
    <Location>
      <X>270</X>
      <Y>47</Y>
    </Location>
    <Size>
      <CX>44</CX>
      <CY>44</CY>
    </Size>
    <Text>Katta's Song of Sword Dancing</Text>
    <TextColor>
      <R>197</R>
      <G>183</G>
      <B>173</B>
    </TextColor>
    <AlignCenter>true</AlignCenter>
  </Label>
  <Label item="BW_Buff19_Label">
    <ScreenID>BW_Buff19_Label</ScreenID>
    <Font>1</Font>
    <EQType>519</EQType>
    <Location>
      <X>225</X>
      <Y>47</Y>
    </Location>
    <Size>
      <CX>44</CX>
      <CY>44</CY>
    </Size>
    <Text>Katta's Song of Sword Dancing</Text>
    <TextColor>
      <R>197</R>
      <G>183</G>
      <B>173</B>
    </TextColor>
    <AlignCenter>true</AlignCenter>
  </Label>
  <Label item="BW_Buff20_Label">
    <ScreenID>BW_Buff20_Label</ScreenID>
    <Font>1</Font>
    <EQType>520</EQType>
    <Location>
      <X>180</X>
      <Y>47</Y>
    </Location>
    <Size>
      <CX>44</CX>
      <CY>44</CY>
    </Size>
    <Text>Katta's Song of Sword Dancing</Text>
    <TextColor>
      <R>197</R>
      <G>183</G>
      <B>173</B>
    </TextColor>
    <AlignCenter>true</AlignCenter>
  </Label>
  <Label item="BW_Buff21_Label">
    <ScreenID>BW_Buff21_Label</ScreenID>
    <Font>1</Font>
    <EQType>521</EQType>
    <Location>
      <X>135</X>
      <Y>47</Y>
    </Location>
    <Size>
      <CX>44</CX>
      <CY>44</CY>
    </Size>
    <Text>Katta's Song of Sword Dancing</Text>
    <TextColor>
      <R>197</R>
      <G>183</G>
      <B>173</B>
    </TextColor>
    <AlignCenter>true</AlignCenter>
  </Label>
  <Label item="BW_Buff22_Label">
    <ScreenID>BW_Buff22_Label</ScreenID>
    <Font>1</Font>
    <EQType>522</EQType>
    <Location>
      <X>90</X>
      <Y>47</Y>
    </Location>
    <Size>
      <CX>44</CX>
      <CY>44</CY>
    </Size>
    <Text>Katta's Song of Sword Dancing</Text>
    <TextColor>
      <R>197</R>
      <G>183</G>
      <B>173</B>
    </TextColor>
    <AlignCenter>true</AlignCenter>
  </Label>
  <Label item="BW_Buff23_Label">
    <ScreenID>BW_Buff23_Label</ScreenID>
    <Font>1</Font>
    <EQType>523</EQType>
    <Location>
      <X>45</X>
      <Y>47</Y>
    </Location>
    <Size>
      <CX>44</CX>
      <CY>44</CY>
    </Size>
    <Text>Katta's Song of Sword Dancing</Text>
    <TextColor>
      <R>197</R>
      <G>183</G>
      <B>173</B>
    </TextColor>
    <AlignCenter>true</AlignCenter>
  </Label>
  <Label item="BW_Buff24_Label">
    <ScreenID>BW_Buff24_Label</ScreenID>
    <Font>1</Font>
    <EQType>524</EQType>
    <Location>
      <X>0</X>
      <Y>47</Y>
    </Location>
    <Size>
      <CX>44</CX>
      <CY>44</CY>
    </Size>
    <Text>Katta's Song of Sword Dancing</Text>
    <TextColor>
      <R>197</R>
      <G>183</G>
      <B>173</B>
    </TextColor>
    <AlignCenter>true</AlignCenter>
  </Label>
<Label item="Buff_1">
  <ScreenID>Buff_24</ScreenID> 
  <Font>2</Font> 
  <Text>1</Text> 
- <TextColor>
  <R>100</R> 
  <G>255</G> 
  <B>255</B> 
  </TextColor>
- <Size>
  <CX>25</CX> 
  <CY>15</CY> 
  </Size>
  <AlignCenter>true</AlignCenter> 
- <Location>
  <X>1090</X> 
  <Y>15</Y> 
  </Location>
  </Label>
<Label item="Buff_2">
  <ScreenID>Buff_24</ScreenID> 
  <Font>2</Font> 
  <Text>2</Text> 
- <TextColor>
  <R>100</R> 
  <G>255</G> 
  <B>255</B> 
  </TextColor>
- <Size>
  <CX>25</CX> 
  <CY>15</CY> 
  </Size>
  <AlignCenter>true</AlignCenter> 
- <Location>
  <X>1045</X> 
  <Y>15</Y> 
  </Location>
  </Label>
<Label item="Buff_3">
  <ScreenID>Buff_23</ScreenID> 
  <Font>2</Font> 
  <Text>3</Text> 
- <TextColor>
  <R>100</R> 
  <G>255</G> 
  <B>255</B> 
  </TextColor>
- <Size>
  <CX>25</CX> 
  <CY>15</CY> 
  </Size>
  <AlignCenter>true</AlignCenter> 
- <Location>
  <X>1000</X> 
  <Y>15</Y> 
  </Location>
  </Label>
<Label item="Buff_4">
  <ScreenID>Buff_22</ScreenID> 
  <Font>2</Font> 
  <Text>4</Text> 
- <TextColor>
  <R>100</R> 
  <G>255</G> 
  <B>255</B> 
  </TextColor>
- <Size>
  <CX>25</CX> 
  <CY>15</CY> 
  </Size>
  <AlignCenter>true</AlignCenter> 
- <Location>
  <X>955</X> 
  <Y>15</Y> 
  </Location>
  </Label>
<Label item="Buff_5">
  <ScreenID>Buff_21</ScreenID> 
  <Font>2</Font> 
  <Text>5</Text> 
- <TextColor>
  <R>100</R> 
  <G>255</G> 
  <B>255</B> 
  </TextColor>
- <Size>
  <CX>25</CX> 
  <CY>15</CY> 
  </Size>
  <AlignCenter>true</AlignCenter> 
- <Location>
  <X>910</X> 
  <Y>15</Y> 
  </Location>
  </Label>
<Label item="Buff_6">
  <ScreenID>Buff_20</ScreenID> 
  <Font>2</Font> 
  <Text>6</Text> 
- <TextColor>
  <R>100</R> 
  <G>255</G> 
  <B>255</B> 
  </TextColor>
- <Size>
  <CX>25</CX> 
  <CY>15</CY> 
  </Size>
  <AlignCenter>true</AlignCenter> 
- <Location>
  <X>865</X> 
  <Y>15</Y> 
  </Location>
  </Label>
- <Label item="Buff_7">
  <ScreenID>Buff_19</ScreenID> 
  <Font>2</Font> 
  <Text>7</Text> 
- <TextColor>
  <R>100</R> 
  <G>255</G> 
  <B>255</B> 
  </TextColor>
- <Size>
  <CX>25</CX> 
  <CY>15</CY> 
  </Size>
  <AlignCenter>true</AlignCenter> 
- <Location>
  <X>820</X> 
  <Y>15</Y> 
  </Location>
  </Label>
- <Label item="Buff_8">
  <ScreenID>Buff_18</ScreenID> 
  <Font>2</Font> 
  <Text>8</Text> 
- <TextColor>
  <R>100</R> 
  <G>255</G> 
  <B>255</B> 
  </TextColor>
- <Size>
  <CX>25</CX> 
  <CY>15</CY> 
  </Size>
  <AlignCenter>true</AlignCenter> 
- <Location>
  <X>775</X> 
  <Y>15</Y> 
  </Location>
  </Label>
- <Label item="Buff_9">
  <ScreenID>Buff_17</ScreenID> 
  <Font>2</Font> 
  <Text>9</Text> 
- <TextColor>
  <R>100</R> 
  <G>255</G> 
  <B>255</B> 
  </TextColor>
- <Size>
  <CX>25</CX> 
  <CY>15</CY> 
  </Size>
  <AlignCenter>true</AlignCenter> 
- <Location>
  <X>730</X> 
  <Y>15</Y> 
  </Location>
  </Label>
- <Label item="Buff_10">
  <ScreenID>Buff_16</ScreenID> 
  <Font>2</Font> 
  <Text>10</Text> 
- <TextColor>
  <R>100</R> 
  <G>255</G> 
  <B>255</B> 
  </TextColor>
- <Size>
  <CX>25</CX> 
  <CY>15</CY> 
  </Size>
  <AlignCenter>true</AlignCenter> 
- <Location>
  <X>685</X> 
  <Y>15</Y> 
  </Location>
  </Label>
- <Label item="Buff_11">
  <ScreenID>Buff_15</ScreenID> 
  <Font>2</Font> 
  <Text>11</Text> 
- <TextColor>
  <R>100</R> 
  <G>255</G> 
  <B>255</B> 
  </TextColor>
- <Size>
  <CX>25</CX> 
  <CY>15</CY> 
  </Size>
  <AlignCenter>true</AlignCenter> 
- <Location>
  <X>640</X> 
  <Y>15</Y> 
  </Location>
  </Label>
- <Label item="Buff_12">
  <ScreenID>Buff_14</ScreenID> 
  <Font>2</Font> 
  <Text>12</Text> 
- <TextColor>
  <R>100</R> 
  <G>255</G> 
  <B>255</B> 
  </TextColor>
- <Size>
  <CX>25</CX> 
  <CY>15</CY> 
  </Size>
  <AlignCenter>true</AlignCenter> 
- <Location>
  <X>595</X> 
  <Y>15</Y> 
  </Location>
  </Label>
- <Label item="Buff_13">
  <ScreenID>Buff_13</ScreenID> 
  <Font>2</Font> 
  <Text>13</Text> 
- <TextColor>
  <R>100</R> 
  <G>255</G> 
  <B>255</B> 
  </TextColor>
- <Size>
  <CX>25</CX> 
  <CY>15</CY> 
  </Size>
  <AlignCenter>true</AlignCenter> 
- <Location>
  <X>550</X> 
  <Y>15</Y> 
  </Location>
  </Label>
- <Label item="Buff_14">
  <ScreenID>Buff_12</ScreenID> 
  <Font>2</Font> 
  <Text>14</Text> 
- <TextColor>
  <R>100</R> 
  <G>255</G> 
  <B>255</B> 
  </TextColor>
- <Size>
  <CX>25</CX> 
  <CY>15</CY> 
  </Size>
  <AlignCenter>true</AlignCenter> 
- <Location>
  <X>505</X> 
  <Y>15</Y> 
  </Location>
  </Label>
- <Label item="Buff_15">
  <ScreenID>Buff_11</ScreenID> 
  <Font>2</Font> 
  <Text>15</Text> 
- <TextColor>
  <R>100</R> 
  <G>255</G> 
  <B>255</B> 
  </TextColor>
- <Size>
  <CX>25</CX> 
  <CY>15</CY> 
  </Size>
  <AlignCenter>true</AlignCenter> 
- <Location>
  <X>460</X> 
  <Y>15</Y> 
  </Location>
  </Label>
- <Label item="Buff_16">
  <ScreenID>Buff_10</ScreenID> 
  <Font>2</Font> 
  <Text>16</Text> 
- <TextColor>
  <R>100</R> 
  <G>255</G> 
  <B>255</B> 
  </TextColor>
- <Size>
  <CX>25</CX> 
  <CY>15</CY> 
  </Size>
  <AlignCenter>true</AlignCenter> 
- <Location>
  <X>415</X> 
  <Y>15</Y> 
  </Location>
  </Label>
- <Label item="Buff_17">
  <ScreenID>Buff_9</ScreenID> 
  <Font>2</Font> 
  <Text>17</Text> 
- <TextColor>
  <R>100</R> 
  <G>255</G> 
  <B>255</B> 
  </TextColor>
- <Size>
  <CX>25</CX> 
  <CY>15</CY> 
  </Size>
  <AlignCenter>true</AlignCenter> 
- <Location>
  <X>370</X> 
  <Y>15</Y> 
  </Location>
  </Label>
- <Label item="Buff_18">
  <ScreenID>Buff_8</ScreenID> 
  <Font>2</Font> 
  <Text>18</Text> 
- <TextColor>
  <R>100</R> 
  <G>255</G> 
  <B>255</B> 
  </TextColor>
- <Size>
  <CX>25</CX> 
  <CY>15</CY> 
  </Size>
  <AlignCenter>true</AlignCenter> 
- <Location>
  <X>325</X> 
  <Y>15</Y> 
  </Location>
  </Label>
- <Label item="Buff_19">
  <ScreenID>Buff_7</ScreenID> 
  <Font>2</Font> 
  <Text>19</Text> 
- <TextColor>
  <R>100</R> 
  <G>255</G> 
  <B>255</B> 
  </TextColor>
- <Size>
  <CX>25</CX> 
  <CY>15</CY> 
  </Size>
  <AlignCenter>true</AlignCenter> 
- <Location>
  <X>280</X> 
  <Y>15</Y> 
  </Location>
  </Label>
- <Label item="Buff_20">
  <ScreenID>Buff_6</ScreenID> 
  <Font>2</Font> 
  <Text>20</Text> 
- <TextColor>
  <R>100</R> 
  <G>255</G> 
  <B>255</B> 
  </TextColor>
- <Size>
  <CX>25</CX> 
  <CY>15</CY> 
  </Size>
  <AlignCenter>true</AlignCenter> 
- <Location>
  <X>235</X> 
  <Y>15</Y> 
  </Location>
  </Label>
- <Label item="Buff_21">
  <ScreenID>Buff_5</ScreenID> 
  <Font>2</Font> 
  <Text>21</Text> 
- <TextColor>
  <R>100</R> 
  <G>255</G> 
  <B>255</B> 
  </TextColor>
- <Size>
  <CX>25</CX> 
  <CY>15</CY> 
  </Size>
  <AlignCenter>true</AlignCenter> 
- <Location>
  <X>190</X> 
  <Y>15</Y> 
  </Location>
  </Label>
- <Label item="Buff_22">
  <ScreenID>Buff_4</ScreenID> 
  <Font>2</Font> 
  <Text>22</Text> 
- <TextColor>
  <R>100</R> 
  <G>255</G> 
  <B>255</B> 
  </TextColor>
- <Size>
  <CX>25</CX> 
  <CY>15</CY> 
  </Size>
  <AlignCenter>true</AlignCenter> 
- <Location>
  <X>145</X> 
  <Y>15</Y> 
  </Location>
  </Label>
- <Label item="Buff_23">
  <ScreenID>Buff_3</ScreenID> 
  <Font>2</Font> 
  <Text>23</Text> 
- <TextColor>
  <R>100</R> 
  <G>255</G> 
  <B>255</B> 
  </TextColor>
- <Size>
  <CX>25</CX> 
  <CY>15</CY> 
  </Size>
  <AlignCenter>true</AlignCenter> 
- <Location>
  <X>100</X> 
  <Y>15</Y> 
  </Location>
  </Label>
- <Label item="Buff_24">
  <ScreenID>Buff_2</ScreenID> 
  <Font>2</Font> 
  <Text>24</Text> 
- <TextColor>
  <R>100</R> 
  <G>255</G> 
  <B>255</B> 
  </TextColor>
- <Size>
  <CX>25</CX> 
  <CY>15</CY> 
  </Size>
  <AlignCenter>true</AlignCenter> 
- <Location>
  <X>55</X> 
  <Y>15</Y> 
  </Location>
  </Label>
- <Label item="Buff_25">
  <ScreenID>Buff_1</ScreenID> 
  <Font>2</Font> 
  <Text>25</Text> 
- <TextColor>
  <R>100</R> 
  <G>255</G> 
  <B>255</B> 
  </TextColor>
- <Size>
  <CX>26</CX> 
  <CY>28</CY> 
  </Size>
  <AlignCenter>true</AlignCenter> 
- <Location>
  <X>10</X> 
  <Y>15</Y> 
  </Location>
  </Label>
<Screen item="BuffWindow">
    <!--<ScreenID/>-->
    <Text>Effects</Text>
    <RelativePosition>false</RelativePosition>
    <Location>
      <X>555</X>
      <Y>0</Y>
    </Location>
    <Size>
      <CX>1125</CX>
      <CY>84</CY>
    </Size>
    <Style_VScroll>false</Style_VScroll>
    <Style_HScroll>false</Style_HScroll>
    <Style_Transparent>true</Style_Transparent>
    <!--<TooltipReference/>-->
    <DrawTemplate>WDT_Def</DrawTemplate>
    <Style_Titlebar>False</Style_Titlebar>
    <Style_Closebox>False</Style_Closebox>
    <Style_Minimizebox>False</Style_Minimizebox>
    <Style_Border>False</Style_Border>
    <Style_Sizable>False</Style_Sizable>
    <Pieces>Drak_BuffBack1</Pieces>
    <Pieces>Drak_BuffBack2</Pieces>
    <Pieces>Drak_BuffBack3</Pieces>
    <Pieces>Drak_BuffBack4</Pieces>
    <Pieces>Drak_BuffBack5</Pieces>
    <Pieces>BW_Buff0_Button</Pieces>
    <Pieces>BW_Buff1_Button</Pieces>
    <Pieces>BW_Buff2_Button</Pieces>
    <Pieces>BW_Buff3_Button</Pieces>
    <Pieces>BW_Buff4_Button</Pieces>
    <Pieces>BW_Buff5_Button</Pieces>
    <Pieces>BW_Buff6_Button</Pieces>
    <Pieces>BW_Buff7_Button</Pieces>
    <Pieces>BW_Buff8_Button</Pieces>
    <Pieces>BW_Buff9_Button</Pieces>
    <Pieces>BW_Buff10_Button</Pieces>
    <Pieces>BW_Buff11_Button</Pieces>
    <Pieces>BW_Buff12_Button</Pieces>
    <Pieces>BW_Buff13_Button</Pieces>
    <Pieces>BW_Buff14_Button</Pieces>
    <Pieces>BW_Buff15_Button</Pieces>
    <Pieces>BW_Buff16_Button</Pieces>
    <Pieces>BW_Buff17_Button</Pieces>
    <Pieces>BW_Buff18_Button</Pieces>
    <Pieces>BW_Buff19_Button</Pieces>
    <Pieces>BW_Buff20_Button</Pieces>
    <Pieces>BW_Buff21_Button</Pieces>
    <Pieces>BW_Buff22_Button</Pieces>
    <Pieces>BW_Buff23_Button</Pieces>
    <Pieces>BW_Buff24_Button</Pieces>
    <Pieces>BW_Buff0_Label</Pieces>
    <Pieces>BW_Buff1_Label</Pieces>
    <Pieces>BW_Buff2_Label</Pieces>
    <Pieces>BW_Buff3_Label</Pieces>
    <Pieces>BW_Buff4_Label</Pieces>
    <Pieces>BW_Buff5_Label</Pieces>
    <Pieces>BW_Buff6_Label</Pieces>
    <Pieces>BW_Buff7_Label</Pieces>
    <Pieces>BW_Buff8_Label</Pieces>
    <Pieces>BW_Buff9_Label</Pieces>
    <Pieces>BW_Buff10_Label</Pieces>
    <Pieces>BW_Buff11_Label</Pieces>
    <Pieces>BW_Buff12_Label</Pieces>
    <Pieces>BW_Buff13_Label</Pieces>
    <Pieces>BW_Buff14_Label</Pieces>
    <Pieces>BW_Buff15_Label</Pieces>
    <Pieces>BW_Buff16_Label</Pieces>
    <Pieces>BW_Buff17_Label</Pieces>
    <Pieces>BW_Buff18_Label</Pieces>
    <Pieces>BW_Buff19_Label</Pieces>
    <Pieces>BW_Buff20_Label</Pieces>
    <Pieces>BW_Buff21_Label</Pieces>
    <Pieces>BW_Buff22_Label</Pieces>
    <Pieces>BW_Buff23_Label</Pieces>
    <Pieces>BW_Buff24_Label</Pieces>
  <Pieces>Buff_1</Pieces> 
  <Pieces>Buff_2</Pieces> 
  <Pieces>Buff_3</Pieces> 
  <Pieces>Buff_4</Pieces> 
  <Pieces>Buff_5</Pieces>
  <Pieces>Buff_6</Pieces> 
  <Pieces>Buff_7</Pieces> 
  <Pieces>Buff_8</Pieces> 
  <Pieces>Buff_9</Pieces> 
  <Pieces>Buff_10</Pieces> 
  <Pieces>Buff_11</Pieces> 
  <Pieces>Buff_12</Pieces> 
  <Pieces>Buff_13</Pieces> 
  <Pieces>Buff_14</Pieces> 
  <Pieces>Buff_15</Pieces> 
  <Pieces>Buff_16</Pieces> 
  <Pieces>Buff_17</Pieces> 
  <Pieces>Buff_18</Pieces> 
  <Pieces>Buff_19</Pieces> 
  <Pieces>Buff_20</Pieces> 
  <Pieces>Buff_21</Pieces> 
  <Pieces>Buff_22</Pieces> 
  <Pieces>Buff_23</Pieces> 
  <Pieces>Buff_24</Pieces> 
  <Pieces>Buff_25</Pieces> 

  </Screen>
</XML>